{
"type": "FeatureCollection",
"name": "Yolo_County_Boundary_Open_Data",
"crs": { "type": "name", "properties": { "name": "urn:ogc:def:crs:OGC:1.3:CRS84" } },
"features": [
{ "type": "Feature", "id": 1, "properties": { "OBJECTID": 1, "PERIMETER": 1077465.97060802, "ACREAGE": 653634.55597105995, "SQ_MILES": 1021.3039937, "Name": "Yolo County", "Shape__Area": 28469019557.944336, "Shape__Length": 1077407.9762239303 }, "geometry": { "type": "Polygon", "coordinates": [ [ [ -121.778381178646995, 38.530244722199001 ], [ -121.778396167981001, 38.5302411779994 ], [ -121.778405870876, 38.530238884011297 ], [ -121.778466646517003, 38.5302245150651 ], [ -121.778627172227004, 38.530186563529803 ], [ -121.778988710250005, 38.530101085955799 ], [ -121.779148530704006, 38.530063299915703 ], [ -121.779217661686999, 38.530017588500002 ], [ -121.779329486498995, 38.529943647255898 ], [ -121.779524088751003, 38.529814970025001 ], [ -121.779997585057004, 38.529501876762097 ], [ -121.780205284762005, 38.529364536957402 ], [ -121.780540092726994, 38.529143144813503 ], [ -121.780771596018994, 38.528990062029997 ], [ -121.780972086144999, 38.5288574854887 ], [ -121.781107061255994, 38.528768231666902 ], [ -121.781378091853, 38.528589007588401 ], [ -121.781491824433004, 38.528513799420701 ], [ -121.781537299931998, 38.528483727260301 ], [ -121.781747180599993, 38.528344938390902 ], [ -121.781900057930997, 38.528243843748598 ], [ -121.782076961716001, 38.528126860204303 ], [ -121.782146906007995, 38.528080607144901 ], [ -121.782209158973004, 38.527999544662997 ], [ -121.782267729547996, 38.5279232778379 ], [ -121.782390469660996, 38.527763452954296 ], [ -121.78251794613, 38.527597459473597 ], [ -121.782640685122999, 38.5274376343244 ], [ -121.782687824788994, 38.527376251862201 ], [ -121.782720788312005, 38.527333328026202 ], [ -121.782768089043003, 38.527271733225 ], [ -121.782779641171999, 38.5272268737017 ], [ -121.782810641767995, 38.527106484415398 ], [ -121.782850715372007, 38.5269508641058 ], [ -121.782891356316, 38.526793035875997 ], [ -121.782928595540994, 38.526648423545801 ], [ -121.782986059131005, 38.5264252631004 ], [ -121.783028021305995, 38.5262623022547 ], [ -121.783055619576004, 38.526155127918301 ], [ -121.783080758650996, 38.526057498350603 ], [ -121.783112976759995, 38.525932378916302 ], [ -121.783079282326, 38.525820226665601 ], [ -121.783023827169004, 38.525635646541602 ], [ -121.782992995154999, 38.525533023795397 ], [ -121.782969458805994, 38.525454680980197 ], [ -121.782955525025997, 38.525408302477601 ], [ -121.782953965556004, 38.525375424437897 ], [ -121.782951781018994, 38.5253293634687 ], [ -121.782949979088002, 38.525291365241799 ], [ -121.782949799112004, 38.525287569473498 ], [ -121.782947628572003, 38.525241810327003 ], [ -121.782944192841995, 38.5251693591728 ], [ -121.782940741957006, 38.525096614301297 ], [ -121.782979951433006, 38.524941854474797 ], [ -121.783026291062995, 38.524758949030598 ], [ -121.783101716784998, 38.524461240610698 ], [ -121.783499581109993, 38.5240881986037 ], [ -121.783697118682994, 38.523996954383897 ], [ -121.784085274424996, 38.523817661875299 ], [ -121.784467687461998, 38.523641019484998 ], [ -121.784776639287003, 38.523498307967998 ], [ -121.785213497742006, 38.5232965116817 ], [ -121.785503911961001, 38.523162360956903 ], [ -121.785522371940004, 38.523153833168998 ], [ -121.785596240518998, 38.52311971033 ], [ -121.785772911606998, 38.523127902372103 ], [ -121.786271470093993, 38.523151016089002 ], [ -121.786288937592005, 38.523151825824598 ], [ -121.786436761207995, 38.523158677991503 ], [ -121.786552533651005, 38.523202758482 ], [ -121.786889158858003, 38.523330924674497 ], [ -121.786975220561004, 38.523363690736801 ], [ -121.787014264041005, 38.523378556969099 ], [ -121.787100103634998, 38.523411238746903 ], [ -121.787167244551, 38.523436801497098 ], [ -121.787216148377993, 38.523455420872999 ], [ -121.787673652915998, 38.5236296062739 ], [ -121.788312493731993, 38.523892268966101 ], [ -121.788368825038006, 38.523915430195899 ], [ -121.788890099233996, 38.524131794262402 ], [ -121.789221193044995, 38.5242692190741 ], [ -121.789472841595995, 38.524373668317999 ], [ -121.789649256939001, 38.524446890683301 ], [ -121.789774523942, 38.524498883267697 ], [ -121.789938266101004, 38.524566845313302 ], [ -121.790090335824999, 38.524629961706097 ], [ -121.790374846606994, 38.524761573545298 ], [ -121.790654358292002, 38.524890872072397 ], [ -121.791010500864004, 38.525055617686398 ], [ -121.792015781562995, 38.525520634022101 ], [ -121.792234728154995, 38.525621910389603 ], [ -121.792486205699007, 38.5257382345306 ], [ -121.792711142277, 38.525842280150201 ], [ -121.793028048978996, 38.525988865754201 ], [ -121.793344078545999, 38.526135045324203 ], [ -121.793646785096996, 38.526275060731301 ], [ -121.793840689891994, 38.5263647490398 ], [ -121.794245335694001, 38.526551912147603 ], [ -121.794527132534995, 38.526682252184898 ], [ -121.794649263666003, 38.526723834989198 ], [ -121.794960855146996, 38.526829921868902 ], [ -121.795447309951001, 38.5269955432248 ], [ -121.795670132886997, 38.527040780363102 ], [ -121.795961227701, 38.527099876905197 ], [ -121.796079269481993, 38.527123841381503 ], [ -121.796531017175994, 38.527215550528901 ], [ -121.797482042379997, 38.527408612338498 ], [ -121.798048256105005, 38.5275235515129 ], [ -121.799249149369999, 38.527356829295002 ], [ -121.799766867808003, 38.527284949431603 ], [ -121.800135477469993, 38.527233769735197 ], [ -121.800381205860006, 38.5271996513681 ], [ -121.800429678515002, 38.527192920703598 ], [ -121.800497688215003, 38.527183477814603 ], [ -121.800677105744995, 38.5271585659046 ], [ -121.800895908114995, 38.527128184667603 ], [ -121.801055633473993, 38.527106006697402 ], [ -121.801335695564006, 38.527067118400502 ], [ -121.801698397945998, 38.5270167541996 ], [ -121.802151332929, 38.526953858754098 ], [ -121.802342971206002, 38.5269272471742 ], [ -121.802436950068, 38.526914196226201 ], [ -121.802450737989005, 38.526912281968002 ], [ -121.802848954864004, 38.526856982098202 ], [ -121.803022815671994, 38.526832838150497 ], [ -121.803190476519006, 38.526809554549999 ], [ -121.803641494177, 38.526775654006499 ], [ -121.803727378934994, 38.526776545683902 ], [ -121.803960960810997, 38.5267789696371 ], [ -121.804359430320005, 38.526783104491997 ], [ -121.804665869404005, 38.526786283532999 ], [ -121.804913657867004, 38.526788852970697 ], [ -121.805229388352004, 38.526792127266802 ], [ -121.805530805689003, 38.526795251418498 ], [ -121.805827309025005, 38.526798324195298 ], [ -121.806347617970999, 38.526803715179597 ], [ -121.80665886461, 38.526806938429502 ], [ -121.806945592736, 38.526809907319503 ], [ -121.807276174443999, 38.526813328737603 ], [ -121.807504519133005, 38.526815691766501 ], [ -121.807694463301004, 38.526817657189902 ], [ -121.807907958127004, 38.5268198659098 ], [ -121.80817988922, 38.526822678343002 ], [ -121.808212731229005, 38.526823018374799 ], [ -121.808267972505007, 38.5268235892134 ], [ -121.808370047877006, 38.526824644814504 ], [ -121.808515761224996, 38.526826151836602 ], [ -121.808582308791003, 38.526826839435302 ], [ -121.808715387088995, 38.526798118627198 ], [ -121.808844871336007, 38.526770172794798 ], [ -121.808987907355004, 38.526739302399598 ], [ -121.809165938264002, 38.526700878884903 ], [ -121.809191686793, 38.526695322357 ], [ -121.809281762443007, 38.526675881148002 ], [ -121.809319154527998, 38.5266678113993 ], [ -121.809560051340995, 38.526615819052502 ], [ -121.809767796933997, 38.526570981477398 ], [ -121.809948711781004, 38.526531933584899 ], [ -121.810120592288996, 38.526494836312601 ], [ -121.810341401263003, 38.526447177758499 ], [ -121.810523842777997, 38.526407799944899 ], [ -121.810668892318006, 38.526376492941601 ], [ -121.810851821151005, 38.526337009104402 ], [ -121.810978038002006, 38.526309766342997 ], [ -121.811108770079997, 38.5262815479512 ], [ -121.811187032562998, 38.526264656195799 ], [ -121.811306227759005, 38.526238927715099 ], [ -121.811418890293993, 38.526214610059199 ], [ -121.811545869781995, 38.526187202159299 ], [ -121.811691406102995, 38.526155788364001 ], [ -121.811852502012002, 38.526121015068298 ], [ -121.811957073914002, 38.526114341073402 ], [ -121.812054854341, 38.526108100987599 ], [ -121.812208566454999, 38.526098289530303 ], [ -121.812324475348007, 38.526090890376203 ], [ -121.812403109542998, 38.5260942656084 ], [ -121.812644461237994, 38.526104625030698 ], [ -121.812911835980003, 38.526116100793203 ], [ -121.813151836654001, 38.526130046997999 ], [ -121.813304939255005, 38.526143647096397 ], [ -121.813428163883998, 38.526154593450897 ], [ -121.813558327490995, 38.526166156252003 ], [ -121.813705029033997, 38.526179187856698 ], [ -121.813961833110994, 38.526201998920797 ], [ -121.814221081086998, 38.526272015199197 ], [ -121.814434579399006, 38.526329674855901 ], [ -121.815199232013001, 38.526536183499502 ], [ -121.815566914897005, 38.526635480216498 ], [ -121.815601199455003, 38.526644739210198 ], [ -121.815987127122, 38.526748961780697 ], [ -121.816318842770997, 38.526838543205201 ], [ -121.816557175629001, 38.526902904915197 ], [ -121.816654375558002, 38.526929153132002 ], [ -121.816910218203006, 38.526998242679703 ], [ -121.817545531034, 38.527169803715402 ], [ -121.818109749431997, 38.527322163355301 ], [ -121.818490705971001, 38.5274250328332 ], [ -121.818803538615995, 38.527509506414603 ], [ -121.819320856435994, 38.527649194104399 ], [ -121.819674120705002, 38.527744581425402 ], [ -121.820365514911003, 38.527939422947803 ], [ -121.820597607858005, 38.5280048278753 ], [ -121.820806263185005, 38.528064699737797 ], [ -121.820965512536006, 38.528110394127701 ], [ -121.82122963738, 38.528186181400798 ], [ -121.821557737671, 38.528280324095199 ], [ -121.821755615320001, 38.528337440730901 ], [ -121.821784570871003, 38.528345798703803 ], [ -121.822175022408004, 38.528459809197003 ], [ -121.822775011358004, 38.528635000618699 ], [ -121.823023480822997, 38.528707550855401 ], [ -121.823293700204999, 38.528786450784402 ], [ -121.823673357622994, 38.528841520970303 ], [ -121.823855587292996, 38.528867953054501 ], [ -121.823902126380005, 38.528874703963901 ], [ -121.824162957072005, 38.528912536959297 ], [ -121.824386164835005, 38.528944911458098 ], [ -121.824774018808, 38.529001167026699 ], [ -121.825204157075007, 38.529063553548397 ], [ -121.825545840944002, 38.529113109852197 ], [ -121.82583787662, 38.529155464417698 ], [ -121.826542593764998, 38.529257668189999 ], [ -121.827000546115002, 38.529324081547003 ], [ -121.827318266700999, 38.5293701571985 ], [ -121.827340102338994, 38.529373323966396 ], [ -121.827537633212003, 38.529401968537599 ], [ -121.827745424003993, 38.529432101895402 ], [ -121.827872856515, 38.5294505813226 ], [ -121.82794172733, 38.529460568276001 ], [ -121.828123686661002, 38.529482932943999 ], [ -121.828337532294, 38.529498751069703 ], [ -121.828536031002002, 38.529513433462903 ], [ -121.828737196942996, 38.529528314055 ], [ -121.829281008756993, 38.529568536019497 ], [ -121.829828586852997, 38.529609034835801 ], [ -121.829936571329, 38.529617000688297 ], [ -121.830211752281997, 38.529637300009597 ], [ -121.830710040712006, 38.529674055703701 ], [ -121.830967978399997, 38.529693081167899 ], [ -121.831012749533002, 38.529706415701099 ], [ -121.831540534417002, 38.529863611405297 ], [ -121.831574153321995, 38.529873625036998 ], [ -121.831943783130001, 38.529983713721798 ], [ -121.832564173264998, 38.530168484679699 ], [ -121.832689822958997, 38.530205906321498 ], [ -121.832691361003, 38.530206364393301 ], [ -121.832782360099998, 38.530233465735797 ], [ -121.832806834742001, 38.5302407550301 ], [ -121.833006892067004, 38.530300336585498 ], [ -121.833320820579999, 38.530393830841099 ], [ -121.833414957003001, 38.530421866818799 ], [ -121.833528536947995, 38.530455692756398 ], [ -121.833690295113996, 38.530537922101402 ], [ -121.833935025955, 38.530662329941002 ], [ -121.834014552579006, 38.530702756843503 ], [ -121.834027531523006, 38.530709354622999 ], [ -121.834229314892994, 38.530811929444504 ], [ -121.834346266736006, 38.530871380561898 ], [ -121.834567212579998, 38.5309836955647 ], [ -121.835084865816995, 38.531246121721502 ], [ -121.835436984826998, 38.531424764900201 ], [ -121.836052384205004, 38.531737002279101 ], [ -121.836448690802996, 38.531938045111502 ], [ -121.836950376491998, 38.532192543174702 ], [ -121.837495404357995, 38.532469231069001 ], [ -121.838033196224998, 38.532742241462302 ], [ -121.838409537619, 38.532933287630499 ], [ -121.838532159351999, 38.532995535166599 ], [ -121.838760921648998, 38.533091273174499 ], [ -121.838982694180999, 38.533184901940999 ], [ -121.838994426441005, 38.533189855114799 ], [ -121.839091638465007, 38.533230895010298 ], [ -121.839415339412, 38.533367553963103 ], [ -121.839632257553006, 38.533459130637603 ], [ -121.839700821758996, 38.5334880764754 ], [ -121.839965267191999, 38.533599717095498 ], [ -121.840634821576998, 38.5338820334199 ], [ -121.841364087209996, 38.534189425486602 ], [ -121.842085861602996, 38.534493653231699 ], [ -121.842390534388997, 38.534622069914697 ], [ -121.842728520509993, 38.534764527220197 ], [ -121.843146149418999, 38.534940372903797 ], [ -121.843703970530996, 38.535175245097697 ], [ -121.844031305230004, 38.535313068069897 ], [ -121.844460073790998, 38.535411188520399 ], [ -121.845090998469004, 38.535555568362199 ], [ -121.845556584855998, 38.535661897847298 ], [ -121.846040902610994, 38.535772520575001 ], [ -121.846426692920005, 38.5358609235576 ], [ -121.846571617459006, 38.535894132336402 ], [ -121.846836636652, 38.535990739344101 ], [ -121.847140046918, 38.536101339455897 ], [ -121.847291600548004, 38.536156583608602 ], [ -121.847661516559, 38.536291326420297 ], [ -121.848203928710006, 38.536489218542201 ], [ -121.848653283898003, 38.536653158228198 ], [ -121.848905527197005, 38.536745183501097 ], [ -121.849069321569004, 38.536804939420598 ], [ -121.849286051704993, 38.536816547855203 ], [ -121.849587939423003, 38.536832868336802 ], [ -121.849962548522996, 38.536853118320899 ], [ -121.850166468292002, 38.536864140936203 ], [ -121.850336508710001, 38.536873332919697 ], [ -121.850574193331994, 38.536886179535401 ], [ -121.850748971971001, 38.536870188312101 ], [ -121.851005648723003, 38.536846126795297 ], [ -121.851070048286999, 38.536839217045802 ], [ -121.851241333447007, 38.5368125397003 ], [ -121.851936285747996, 38.536762003256698 ], [ -121.852386606101007, 38.5367209965545 ], [ -121.852546327869007, 38.536706450946497 ], [ -121.852615943993996, 38.536713264746901 ], [ -121.853006696809004, 38.5367515106878 ], [ -121.853457857855005, 38.536795667762 ], [ -121.853622887967006, 38.536811818709403 ], [ -121.853738996065999, 38.536852368391898 ], [ -121.854010988295002, 38.536947358784801 ], [ -121.854306488177002, 38.5370505572673 ], [ -121.854513055661997, 38.537122728464603 ], [ -121.854811164300003, 38.537226964052401 ], [ -121.854931222248993, 38.537268941790799 ], [ -121.854969639033996, 38.537280025781598 ], [ -121.855198157998998, 38.537345956718397 ], [ -121.855415143022, 38.537408559339298 ], [ -121.855591970557995, 38.537459944080602 ], [ -121.855642880052997, 38.537474737964502 ], [ -121.855761050732994, 38.5375088729932 ], [ -121.855944631233001, 38.537561928645097 ], [ -121.856185307762999, 38.537626804317597 ], [ -121.856420544721004, 38.537680732403501 ], [ -121.856501963941, 38.537699397928101 ], [ -121.856791265089996, 38.537767220868901 ], [ -121.856893643256996, 38.537793559661601 ], [ -121.856969462511003, 38.537813065662299 ], [ -121.857106889025999, 38.537848421292999 ], [ -121.857244214790995, 38.537883751411201 ], [ -121.857434819332994, 38.537932787311597 ], [ -121.857622788038, 38.537969309979097 ], [ -121.857965370510001, 38.538035105483402 ], [ -121.858091389018995, 38.538059308309997 ], [ -121.858306758881994, 38.538100671487399 ], [ -121.858484996963, 38.538132124174503 ], [ -121.858720579519002, 38.5381742626384 ], [ -121.858893320285006, 38.538205161146799 ], [ -121.85912364616, 38.538246341946 ], [ -121.859279985068994, 38.538274290230497 ], [ -121.859620947896005, 38.538333468172802 ], [ -121.860007108277998, 38.5383938060899 ], [ -121.860234323197005, 38.538429308046297 ], [ -121.860341007526998, 38.538446091509797 ], [ -121.860429933263006, 38.538460219269801 ], [ -121.860549398638, 38.538457756158103 ], [ -121.860661283069007, 38.538455450457398 ], [ -121.860908805269005, 38.5384503483793 ], [ -121.861230152321994, 38.538443723557499 ], [ -121.861512627663998, 38.5384379161721 ], [ -121.861813195531994, 38.538431748632902 ], [ -121.862099992881994, 38.538425862995098 ], [ -121.862299467897003, 38.538421769115999 ], [ -121.862421070093006, 38.538419272381503 ], [ -121.862528074050005, 38.538412694287999 ], [ -121.862601126075006, 38.538404467704503 ], [ -121.862926608774998, 38.538399695300001 ], [ -121.863130450526995, 38.538396706041802 ], [ -121.863339544590005, 38.538393639746999 ], [ -121.863427423301999, 38.538392350743401 ], [ -121.863489163105001, 38.538391445242802 ], [ -121.863705266785999, 38.5382915442407 ], [ -121.864102750455004, 38.538107792737499 ], [ -121.864305909669, 38.538013873495998 ], [ -121.864576966494994, 38.537888565514201 ], [ -121.865003793339, 38.537691243716601 ], [ -121.865193254489995, 38.537603654564101 ], [ -121.865867394974003, 38.537521077469997 ], [ -121.866196559984999, 38.537480755768001 ], [ -121.866445134028993, 38.537450305708603 ], [ -121.867499990349003, 38.537684586186501 ], [ -121.868408248115998, 38.537886299122803 ], [ -121.868798826778999, 38.537973039243802 ], [ -121.869684008470003, 38.538169616084403 ], [ -121.870441670928003, 38.538337868287101 ], [ -121.870763711231007, 38.538409381146899 ], [ -121.871180759295996, 38.538501989518799 ], [ -121.871564444675997, 38.538587201839199 ], [ -121.871849637858006, 38.538650541191103 ], [ -121.872103253467998, 38.538610529785203 ], [ -121.872715600798998, 38.538513921309701 ], [ -121.873089549371997, 38.538454923304698 ], [ -121.873563559885, 38.538380135584099 ], [ -121.873924381565999, 38.538323205182202 ], [ -121.874833021781996, 38.538179835005799 ], [ -121.875103231284001, 38.538137198091299 ], [ -121.875297763980996, 38.5381065022017 ], [ -121.875729706483, 38.538106966936702 ], [ -121.876813974152995, 38.538108126416297 ], [ -121.877883655359, 38.538109260341301 ], [ -121.878734537951999, 38.538110155265102 ], [ -121.879527074565004, 38.538110983194599 ], [ -121.880129986688999, 38.538111609395798 ], [ -121.880562720688005, 38.538112056908602 ], [ -121.880959677218002, 38.5381124659989 ], [ -121.881278707164995, 38.5382189944633 ], [ -121.881416275687997, 38.538264931059203 ], [ -121.88149385445, 38.538290835274601 ], [ -121.881528007327006, 38.538302239401801 ], [ -121.881821227055994, 38.538400148210101 ], [ -121.882166914047005, 38.538514946334203 ], [ -121.882248634017003, 38.53854228126 ], [ -121.882527047550994, 38.5386354084348 ], [ -121.882693772508006, 38.538691176524502 ], [ -121.882856502555001, 38.538745607922301 ], [ -121.883168485236993, 38.538849961013199 ], [ -121.883379401330004, 38.538920508480899 ], [ -121.883697973099999, 38.538972648866299 ], [ -121.884025711068006, 38.539026287623599 ], [ -121.884140298207001, 38.539045040803302 ], [ -121.884217310805994, 38.5390576455817 ], [ -121.884437514541005, 38.539093683957901 ], [ -121.884569519465003, 38.539115287386501 ], [ -121.884822622849995, 38.539055906526201 ], [ -121.885014499760999, 38.539010889230497 ], [ -121.885096616427006, 38.538991623432302 ], [ -121.885477110544997, 38.538902351941402 ], [ -121.885802118632995, 38.538826122395797 ], [ -121.886064064481999, 38.538764683624599 ], [ -121.886211571402995, 38.5387300862091 ], [ -121.886248387714005, 38.538718310024798 ], [ -121.886369634374006, 38.538679528108901 ], [ -121.886807246820993, 38.538539554348901 ], [ -121.887035326130999, 38.538466599383497 ], [ -121.887187484579002, 38.538418009138901 ], [ -121.887443378702002, 38.538336002282897 ], [ -121.887564780250997, 38.5382970958455 ], [ -121.887721779931994, 38.5382467817087 ], [ -121.887811568529997, 38.538218006297598 ], [ -121.887930321043001, 38.538179949144201 ], [ -121.887957283630001, 38.538171307856402 ], [ -121.888018227429995, 38.538151776242501 ], [ -121.888060422969005, 38.5381251518209 ], [ -121.888201821604, 38.538035928092299 ], [ -121.888404926665999, 38.537907766276199 ], [ -121.888617345886004, 38.537773683455399 ], [ -121.888779509440994, 38.537671322506398 ], [ -121.888999717299995, 38.537532321341097 ], [ -121.889182048853996, 38.537417228970902 ], [ -121.889440046632004, 38.537254371725901 ], [ -121.889533343069999, 38.5371818865612 ], [ -121.889588206371002, 38.537126861611803 ], [ -121.889599635544002, 38.537115398864998 ], [ -121.889674566671005, 38.537040248364399 ], [ -121.889748980692005, 38.536965616231498 ], [ -121.889872923286006, 38.536841568192997 ], [ -121.889948309543001, 38.5367661891243 ], [ -121.889989646472003, 38.536724856259603 ], [ -121.890088989773005, 38.536625521058497 ], [ -121.890200348734993, 38.536514171281397 ], [ -121.890362940304996, 38.536351593467003 ], [ -121.890470204294999, 38.536244336768704 ], [ -121.890630819953998, 38.536083734147603 ], [ -121.890731697326999, 38.535982862938802 ], [ -121.890876568481005, 38.5358379997583 ], [ -121.890996161442999, 38.5357476430651 ], [ -121.891270918199993, 38.535540054251904 ], [ -121.891503333833995, 38.535364454201797 ], [ -121.891835741484996, 38.5351133027226 ], [ -121.892155234593005, 38.534871856083598 ], [ -121.892398784093999, 38.5346877936082 ], [ -121.892599105033, 38.534536400679997 ], [ -121.892666027763994, 38.534485823220997 ], [ -121.892725384548996, 38.534440962922403 ], [ -121.892832439689002, 38.534360054688598 ], [ -121.892908499867005, 38.534302572172997 ], [ -121.892967549765004, 38.534257943894197 ], [ -121.893181834152003, 38.534138302804699 ], [ -121.893340782067995, 38.534049559270102 ], [ -121.893676606856999, 38.533862059389499 ], [ -121.893764006463996, 38.533813260439402 ], [ -121.894546694916997, 38.5333761371935 ], [ -121.894568234898998, 38.533364105705999 ], [ -121.894750180591004, 38.533262475136503 ], [ -121.895229979682, 38.533199414556798 ], [ -121.895440477424003, 38.533171748769398 ], [ -121.896381713375007, 38.533048033136602 ], [ -121.896682848538006, 38.533008450967898 ], [ -121.896797979531001, 38.532993313479601 ], [ -121.897081735029005, 38.532955992202098 ], [ -121.897270923167994, 38.532931108577401 ], [ -121.897545643277994, 38.532894974512601 ], [ -121.897736063473005, 38.532861678768697 ], [ -121.897943007926003, 38.532825493741903 ], [ -121.898093341917004, 38.5327992069505 ], [ -121.898289354276997, 38.532764912538802 ], [ -121.898611092503998, 38.532708583428501 ], [ -121.898860257935993, 38.532664959124901 ], [ -121.899325464664003, 38.532583508805203 ], [ -121.899630196274003, 38.532530154796902 ], [ -121.899948261342999, 38.532474464716501 ], [ -121.900066760252002, 38.532453716187199 ], [ -121.900114188841002, 38.532438102493799 ], [ -121.900313862811004, 38.532372370586103 ], [ -121.900502335075998, 38.532310325025698 ], [ -121.900508086059006, 38.532308432710899 ], [ -121.900549184015006, 38.532294902543804 ], [ -121.900658156573996, 38.532259028395401 ], [ -121.900940920175003, 38.532165941128802 ], [ -121.901278261933996, 38.5320548856917 ], [ -121.902159465870994, 38.531761862501497 ], [ -121.902387776810002, 38.531685082077701 ], [ -121.903197041762994, 38.5314129222985 ], [ -121.903343167426002, 38.531363777863703 ], [ -121.903504784391004, 38.531323728873403 ], [ -121.903847633572994, 38.531248459039404 ], [ -121.904169367148, 38.531177823763798 ], [ -121.904419522987993, 38.531122902948702 ], [ -121.904745050477004, 38.531051432286901 ], [ -121.904940555950006, 38.531008508345202 ], [ -121.905229305681999, 38.530945112245199 ], [ -121.905350972700006, 38.530918398855803 ], [ -121.905477616520002, 38.530871370880497 ], [ -121.905764660615006, 38.530764780998702 ], [ -121.905980626144995, 38.530684583499699 ], [ -121.906235044488994, 38.530590107138202 ], [ -121.906399995800996, 38.530528851815099 ], [ -121.906740138497, 38.530402539784298 ], [ -121.907041388706006, 38.530290669102399 ], [ -121.907167886869004, 38.530243693214501 ], [ -121.907311028532007, 38.530224896643603 ], [ -121.907467119478994, 38.530204400377102 ], [ -121.907592451463003, 38.530187942319102 ], [ -121.907720169309002, 38.530171170719299 ], [ -121.907898267823001, 38.5301477833722 ], [ -121.908025190602999, 38.530131115305302 ], [ -121.908118851588995, 38.530118816097001 ], [ -121.908291573276998, 38.530091847367203 ], [ -121.908383814646001, 38.530069470438399 ], [ -121.908470556102998, 38.5300484286985 ], [ -121.908551173562998, 38.530028871213098 ], [ -121.908666663494998, 38.530000854886502 ], [ -121.908764017853002, 38.529977237571401 ], [ -121.908843675642999, 38.5299690203463 ], [ -121.908946907165998, 38.529958370318901 ], [ -121.909010293156996, 38.529951831129203 ], [ -121.909061190284007, 38.529946580261203 ], [ -121.909162674591002, 38.529922769464498 ], [ -121.909237631666997, 38.529905181792699 ], [ -121.909297416727995, 38.529891154180604 ], [ -121.909377724367005, 38.529872311178003 ], [ -121.909473805065005, 38.529849767922897 ], [ -121.909565481794004, 38.529841632576797 ], [ -121.909686572305006, 38.529830887743003 ], [ -121.909781051116994, 38.529822504868797 ], [ -121.909869089476004, 38.5298146925645 ], [ -121.910033208550004, 38.529808371788597 ], [ -121.910174231347, 38.529809706573602 ], [ -121.910242123312997, 38.529810349347201 ], [ -121.910427162703002, 38.529812099940997 ], [ -121.910645853345002, 38.529814168121398 ], [ -121.910723628983007, 38.529814903829802 ], [ -121.910858138771999, 38.529816175999102 ], [ -121.910923704843995, 38.529824203824099 ], [ -121.911123143764996, 38.529848623409102 ], [ -121.911919000726996, 38.5299460644368 ], [ -121.912212214522, 38.529981953281201 ], [ -121.912732253165004, 38.530045602260003 ], [ -121.912979163653006, 38.530075820998803 ], [ -121.913204146957995, 38.530103356146697 ], [ -121.913346697975001, 38.530120802310798 ], [ -121.913815194791994, 38.530120410852803 ], [ -121.913980470845999, 38.530120272605799 ], [ -121.914067990578005, 38.530120198912002 ], [ -121.914340281066004, 38.530119970225101 ], [ -121.914811811375003, 38.530119572472898 ], [ -121.915346619757003, 38.530119119121402 ], [ -121.915716153233006, 38.530118804261299 ], [ -121.915993248001996, 38.530118566175197 ], [ -121.916587214871996, 38.530118034718903 ], [ -121.917078640030994, 38.529877779190301 ], [ -121.918013382490003, 38.529758189205502 ], [ -121.918285540300005, 38.529723359023698 ], [ -121.918766727806002, 38.5296617207403 ], [ -121.918911031247006, 38.5296432349542 ], [ -121.919123914962, 38.529615963792203 ], [ -121.919740751022999, 38.5297499132867 ], [ -121.919800925214005, 38.529753019822699 ], [ -121.920169468313006, 38.529772046430999 ], [ -121.920413088477005, 38.529784623052898 ], [ -121.920665133195001, 38.529797633759898 ], [ -121.920932958121, 38.529811453787303 ], [ -121.921175952422999, 38.529823972520198 ], [ -121.921477038543998, 38.5298394832827 ], [ -121.922058909157002, 38.529869456368601 ], [ -121.922319559038002, 38.529882881872702 ], [ -121.922429963872005, 38.529888568456599 ], [ -121.922736382074007, 38.529904350682301 ], [ -121.923175083035005, 38.529964336270702 ], [ -121.923729437510005, 38.530040133129901 ], [ -121.924159270304997, 38.530098902855499 ], [ -121.924449097857007, 38.530138528658298 ], [ -121.924199240261999, 38.529679839071399 ], [ -121.924434081281007, 38.529701281479198 ], [ -121.924592097653004, 38.529726214730999 ], [ -121.924760727833998, 38.529676667842999 ], [ -121.924950343396006, 38.529709897566597 ], [ -121.925129458672004, 38.529710015428201 ], [ -121.92532957505, 38.529776356081697 ], [ -121.925613972806005, 38.529851027927201 ], [ -121.925972081612002, 38.529967127434503 ], [ -121.926267008628002, 38.530050080825198 ], [ -121.926741061165004, 38.530124871520897 ], [ -121.927215121985995, 38.5301913847657 ], [ -121.927625974777001, 38.530249579226499 ], [ -121.928078973902004, 38.530307799338203 ], [ -121.928648044336001, 38.530283322481097 ], [ -121.928877291776004, 38.530362415248497 ], [ -121.929153479934996, 38.530498824380402 ], [ -121.929448429204996, 38.530565216842902 ], [ -121.929690639639006, 38.530689509608202 ], [ -121.930111870584994, 38.530913226217898 ], [ -121.930396237520995, 38.531029267450997 ], [ -121.930722758428004, 38.5311370568214 ], [ -121.931091434528994, 38.531236594874002 ], [ -121.931575971948007, 38.531377582404197 ], [ -121.931765570319001, 38.531435629283202 ], [ -121.932018324341996, 38.531559923388997 ], [ -121.932323881193994, 38.531560105241901 ], [ -121.932966438045995, 38.5317342858324 ], [ -121.933198098689999, 38.531883393474601 ], [ -121.933970861141006, 38.532036854814798 ], [ -121.934157227464993, 38.532176045679897 ], [ -121.934502519069, 38.532297929374501 ], [ -121.934815303191002, 38.532396411304198 ], [ -121.934833181331001, 38.532396422277102 ], [ -121.935324733488002, 38.532516068739803 ], [ -121.935762681995001, 38.532600575945899 ], [ -121.936021896325002, 38.532628808221098 ], [ -121.936316868418004, 38.532657059604396 ], [ -121.936683498684005, 38.532776498128598 ], [ -121.936996124977, 38.532804890770997 ], [ -121.937291048831, 38.5328893133102 ], [ -121.937532323946002, 38.5329877482068 ], [ -121.937684231535002, 38.533058047663999 ], [ -121.937988108613993, 38.533128429380398 ], [ -121.938336670013996, 38.533212877990898 ], [ -121.938738887708993, 38.533276289526697 ], [ -121.939105372179995, 38.533311594028099 ], [ -121.939427106292001, 38.5334100681943 ], [ -121.939722035521996, 38.533494483635501 ], [ -121.939981147240005, 38.533649096379399 ], [ -121.940168833249004, 38.533698346679202 ], [ -121.940347604897994, 38.533719505245998 ], [ -121.940606855466001, 38.533712618948996 ], [ -121.940946636907, 38.5336144930274 ], [ -121.941197075077, 38.533453124683099 ], [ -121.941536924632999, 38.533270737467603 ], [ -121.941733736768001, 38.533095297884998 ], [ -121.941876870802005, 38.5329689822929 ], [ -121.942055767680998, 38.532835662958902 ], [ -121.942204534037998, 38.532661520097498 ], [ -121.942509509575999, 38.532378277656299 ], [ -121.942636932541006, 38.532274931240501 ], [ -121.942798381816004, 38.532035573572102 ], [ -121.942932732312997, 38.5317126463083 ], [ -121.943058074285005, 38.531473974050598 ], [ -121.943273065951999, 38.530912352036403 ], [ -121.943398512317998, 38.530540269485897 ], [ -121.943479076501006, 38.530399876516199 ], [ -121.943640277135003, 38.530027811167102 ], [ -121.943828197190001, 38.529775125580798 ], [ -121.943873014660994, 38.529620672008697 ], [ -121.943980348904006, 38.529536465340101 ], [ -121.944069821995001, 38.5294311854894 ], [ -121.944357962911994, 38.529089569033403 ], [ -121.944561882113007, 38.528897783342302 ], [ -121.944722886544, 38.528764450412602 ], [ -121.944892811562994, 38.528652187759199 ], [ -121.945185556040997, 38.528453552394602 ], [ -121.945456278378003, 38.528238183716603 ], [ -121.945581480399994, 38.528161005470103 ], [ -121.945849789600999, 38.527971550440697 ], [ -121.946135967919005, 38.527789123693204 ], [ -121.946422145919996, 38.527606697139198 ], [ -121.946936529786996, 38.527303348348397 ], [ -121.947253733167003, 38.527220896853997 ], [ -121.947548808316995, 38.527087622851603 ], [ -121.947924308527007, 38.5269824711621 ], [ -121.948412062990002, 38.526772129010403 ], [ -121.948629378484995, 38.526724583419998 ], [ -121.948734688182, 38.526692525368297 ], [ -121.949331111180001, 38.526527387819101 ], [ -121.949969365605, 38.526368117432497 ], [ -121.950544305641998, 38.526235777201599 ], [ -121.951500415656, 38.526022093466302 ], [ -121.951875952924993, 38.525846712343302 ], [ -121.952126296757001, 38.525748515465899 ], [ -121.952430537051995, 38.525776805286199 ], [ -121.952540339915998, 38.525802224660602 ], [ -121.952850457292001, 38.525746532766497 ], [ -121.953179957442003, 38.525685773213901 ], [ -121.953386727530003, 38.525609739309203 ], [ -121.953548260931001, 38.525559058447698 ], [ -121.953871356557997, 38.5254120257935 ], [ -121.954175037316006, 38.525315730389003 ], [ -121.955106089338003, 38.524912624200702 ], [ -121.955480328377007, 38.524717441180997 ], [ -121.955829280836994, 38.524529815616802 ], [ -121.956055434869995, 38.524438559421398 ], [ -121.956120097037996, 38.5243370913863 ], [ -121.956217042684997, 38.524261008910003 ], [ -121.956307505395998, 38.524220446623097 ], [ -121.956417328933995, 38.524210339606803 ], [ -121.956598208762998, 38.524205334744501 ], [ -121.956779078200995, 38.5242155536179 ], [ -121.956934152323001, 38.524154716268598 ], [ -121.957179731948003, 38.523982271221499 ], [ -121.957405884400004, 38.523885938613503 ], [ -121.957560948221996, 38.523840324443 ], [ -121.957935690075004, 38.523718672751002 ], [ -121.958323345446999, 38.523607173847203 ], [ -121.958691614399996, 38.523505816071399 ], [ -121.959072794882005, 38.523414610140101 ], [ -121.959537975461004, 38.523282836776303 ], [ -121.959873947972994, 38.523171314587501 ], [ -121.960268057085003, 38.523059811407599 ], [ -121.960584635865999, 38.522968578287703 ], [ -121.960823691602002, 38.5228874665181 ], [ -121.961043317797007, 38.522897691845699 ], [ -121.961359801927998, 38.522973920816597 ], [ -121.961592308557996, 38.523055194840403 ], [ -121.961740860782001, 38.523095842364903 ], [ -121.962018635090999, 38.523085786363097 ], [ -121.962580669446993, 38.523020004192603 ], [ -121.963103901278004, 38.5230353999033 ], [ -121.963517306266994, 38.523071057355097 ], [ -121.963685316010995, 38.522964543872703 ], [ -121.963885680337995, 38.522746398325999 ], [ -121.964131243425996, 38.5225637891755 ], [ -121.964338059870002, 38.522355793293698 ], [ -121.964428615084998, 38.522122387976403 ], [ -121.964855126732004, 38.521777445031503 ], [ -121.965042496703006, 38.521696308830201 ], [ -121.965262164289001, 38.5216151829311 ], [ -121.965539998327003, 38.5214731778714 ], [ -121.965798433060996, 38.521371762900898 ], [ -121.966031017947003, 38.521290639360998 ], [ -121.966328220709002, 38.521163862117703 ], [ -121.966593146009998, 38.520991402727397 ], [ -121.966851638771999, 38.520758045700902 ], [ -121.967258749736004, 38.5204181630113 ], [ -121.967439666635997, 38.520311647732399 ], [ -121.967646439318003, 38.520164542014797 ], [ -121.968144376219996, 38.519830923799397 ], [ -121.968312936317005, 38.519771912717196 ], [ -121.968474784855005, 38.5196963413308 ], [ -121.968707076119003, 38.519582890452597 ], [ -121.968961629098999, 38.519387140414103 ], [ -121.969153230171997, 38.519196330602597 ], [ -121.969393979027004, 38.5189894563322 ], [ -121.969641785579995, 38.518777150188399 ], [ -121.969783724283005, 38.5186354009873 ], [ -121.969947473822998, 38.518438849362099 ], [ -121.970117587652993, 38.518280851536602 ], [ -121.970182445461006, 38.5181549275365 ], [ -121.970254530573001, 38.518012568748901 ], [ -121.970263770475, 38.5178696523448 ], [ -121.970263623509993, 38.517435164548999 ], [ -121.970190785862002, 38.5171815337239 ], [ -121.970117514102, 38.516955399491103 ], [ -121.97010062535, 38.516696761529502 ], [ -121.970123313347997, 38.516586964170401 ], [ -121.970203599062998, 38.516367678431997 ], [ -121.970203685064007, 38.516362181266103 ], [ -121.970226621622999, 38.516235886080601 ], [ -121.970334589071001, 38.516033343978599 ], [ -121.970574979950001, 38.515848462220298 ], [ -121.970842517956996, 38.515713318253603 ], [ -121.971201786715, 38.5155184824185 ], [ -121.971623410673999, 38.5153571943519 ], [ -121.972095460388005, 38.515097346815097 ], [ -121.972509731773997, 38.514957987542601 ], [ -121.97341450159, 38.514718434470097 ], [ -121.973834978541007, 38.514628622244203 ], [ -121.973982751072, 38.514558419142297 ], [ -121.974276154275003, 38.514555488439797 ], [ -121.974590052796003, 38.514580238424898 ], [ -121.974804049059998, 38.514296124233603 ], [ -121.975032001407996, 38.5140121279738 ], [ -121.975499035404994, 38.513180247123799 ], [ -121.975863272232004, 38.512666451965003 ], [ -121.976028113793006, 38.512398405102402 ], [ -121.976164419878003, 38.512168605419703 ], [ -121.976425797144998, 38.511532912194497 ], [ -121.976578897544002, 38.511121765003303 ], [ -121.976673561441999, 38.510875103462901 ], [ -121.976757519610004, 38.5104193528663 ], [ -121.976768034718006, 38.510193954962901 ], [ -121.976675512746993, 38.509412176229297 ], [ -121.976657655842004, 38.5092140252207 ], [ -121.976689642759993, 38.508955815193801 ], [ -121.976713858150006, 38.508747035942299 ], [ -121.976765410216004, 38.508576989338501 ], [ -121.976930838410993, 38.508270449286201 ], [ -121.977432471404001, 38.507900843926002 ], [ -121.977954440245, 38.5075699133737 ], [ -121.978123408540995, 38.507483390431801 ], [ -121.978418758348994, 38.507353973736599 ], [ -121.978826846928001, 38.507159544047397 ], [ -121.979311159035007, 38.507004269946002 ], [ -121.979661415354997, 38.506935824440099 ], [ -121.980719574625994, 38.506703049104097 ], [ -121.981070173315004, 38.5066126052333 ], [ -121.981814714551007, 38.506338593255798 ], [ -121.982230387447004, 38.506105715681599 ], [ -121.982911981165003, 38.505836645411001 ], [ -121.983291697850007, 38.505669453790503 ], [ -121.983573485682001, 38.505512403606502 ], [ -121.983818997171994, 38.505443040510798 ], [ -121.984245451072994, 38.5054137378294 ], [ -121.985025116903998, 38.5055744949915 ], [ -121.985193288915994, 38.505537450723303 ], [ -121.985460775527997, 38.505402275654802 ], [ -121.985516971346996, 38.505380763317397 ], [ -121.985798583570002, 38.505234711075097 ], [ -121.986045624647005, 38.5050663562265 ], [ -121.986377213821996, 38.504849232537502 ], [ -121.986697062557994, 38.504489018411697 ], [ -121.986910297079007, 38.504248870966499 ], [ -121.987103685256997, 38.5039370556797 ], [ -121.987324740760002, 38.503641979709798 ], [ -121.987512073649, 38.503269612934403 ], [ -121.987712272547995, 38.502968855705198 ], [ -121.988087798207999, 38.502620116386197 ], [ -121.988364539762998, 38.5023365223052 ], [ -121.988836104287998, 38.502098598782901 ], [ -121.989139234823995, 38.501914225935998 ], [ -121.989435379784993, 38.501729789495897 ], [ -121.989955644256995, 38.501503286343002 ], [ -121.990566157257007, 38.501310558747498 ], [ -121.991070919248997, 38.501182915805799 ], [ -121.991568281827, 38.501082703808002 ], [ -121.991847899087006, 38.501063112547598 ], [ -121.992036771909994, 38.501042738734398 ], [ -121.992367303704, 38.500891588378899 ], [ -121.993193328326001, 38.500761200242302 ], [ -121.993367280724996, 38.500801192440697 ], [ -121.994071894837006, 38.5008457478623 ], [ -121.994274551139995, 38.500836488896702 ], [ -121.994497891929996, 38.500843907707001 ], [ -121.994728812231997, 38.500812889362102 ], [ -121.994946538381996, 38.500732264664599 ], [ -121.995522206177995, 38.5005337094941 ], [ -121.995698529061002, 38.500419726579501 ], [ -121.995952350598998, 38.5002624091656 ], [ -121.996078962400006, 38.500202998503703 ], [ -121.996178480658998, 38.500088355481303 ], [ -121.996326625571001, 38.499990629808202 ], [ -121.996419595164994, 38.499848434668301 ], [ -121.996454249834002, 38.499865229095498 ], [ -121.996631197691002, 38.499899212992602 ], [ -121.996638197579003, 38.499899244727402 ], [ -121.996708915488995, 38.499794974073403 ], [ -121.996828946286001, 38.499641396717301 ], [ -121.996948718127996, 38.499526339180697 ], [ -121.997047532707001, 38.499405686503401 ], [ -121.997167405338999, 38.499274118262299 ], [ -121.997287098792995, 38.499170072766098 ], [ -121.997413655833, 38.499082570212501 ], [ -121.997575560597994, 38.498945697183302 ], [ -121.997695331217002, 38.498830638873898 ], [ -121.997751758023, 38.498764838599598 ], [ -121.997984532738997, 38.498501667080099 ], [ -121.998026861629, 38.498452312041799 ], [ -121.998104909581002, 38.498298523632101 ], [ -121.998253788447002, 38.4980239512917 ], [ -121.998325126688002, 38.497831611150701 ], [ -121.998403056019995, 38.497694332118499 ], [ -121.998460357420001, 38.497507424924002 ], [ -121.998603053260993, 38.497117229139903 ], [ -121.998751304885005, 38.496930723761203 ], [ -121.998899320223003, 38.496777274285897 ], [ -121.999019475588, 38.496607167963901 ], [ -121.999195507435005, 38.496448331966299 ], [ -121.999315604171002, 38.496283722523799 ], [ -121.999393079981004, 38.4962125198794 ], [ -121.999540587599995, 38.496130609591503 ], [ -121.999695171244994, 38.496037736290802 ], [ -121.999877460110994, 38.495983526908603 ], [ -122.000284263121003, 38.495842262799798 ], [ -122.000417537470994, 38.495793341757803 ], [ -122.000565081982003, 38.495705932975802 ], [ -122.000663613841994, 38.495623812477803 ], [ -122.000797275517996, 38.495519828134 ], [ -122.000874771881996, 38.495443109292196 ], [ -122.000994530165002, 38.495328047568499 ], [ -122.001064927190001, 38.495267824726199 ], [ -122.001093629720998, 38.495254822917801 ], [ -122.001093628323005, 38.495163149076902 ], [ -122.001111227411002, 38.495140500714399 ], [ -122.001349173441, 38.494959828835398 ], [ -122.001573232734998, 38.494768133453398 ], [ -122.002118732038994, 38.494417959703902 ], [ -122.002286576585007, 38.494308528073297 ], [ -122.002468094286996, 38.494248566089503 ], [ -122.002663195544997, 38.4942545796658 ], [ -122.002976735576993, 38.494266388912301 ], [ -122.003436519825001, 38.494295052182601 ], [ -122.003847897830994, 38.494252178838003 ], [ -122.004587909186995, 38.494012372890801 ], [ -122.004985941152995, 38.493859588316496 ], [ -122.005370446634004, 38.493635341368403 ], [ -122.005993027228001, 38.493202936577099 ], [ -122.006349243691005, 38.493055523234901 ], [ -122.006628738960003, 38.492918897684604 ], [ -122.006719763315999, 38.492836737323003 ], [ -122.006943592062001, 38.492683477627502 ], [ -122.007544743148998, 38.492344408942998 ], [ -122.007754203825996, 38.4922680389665 ], [ -122.007998931963002, 38.492114848797598 ], [ -122.008076577040995, 38.4919337506349 ], [ -122.008132869310003, 38.491834992814098 ], [ -122.008251902731004, 38.491730929713299 ], [ -122.008468557119997, 38.491616111853098 ], [ -122.008719942233, 38.491517856408301 ], [ -122.009110873821001, 38.491387013587598 ], [ -122.009362376588996, 38.491272284094002 ], [ -122.009683636271006, 38.491141261174299 ], [ -122.009977211980001, 38.490971701786599 ], [ -122.010151994905996, 38.490867761635698 ], [ -122.010396861556004, 38.490687090354498 ], [ -122.010516424260999, 38.490484123254198 ], [ -122.010629027782997, 38.490275644168101 ], [ -122.010657335347005, 38.490198797158001 ], [ -122.010692629500994, 38.490116482938397 ], [ -122.010875197488005, 38.489858740454601 ], [ -122.011015363991007, 38.489705268106398 ], [ -122.011134982331001, 38.489491305087498 ], [ -122.011212764742993, 38.489282736891099 ], [ -122.011380582141001, 38.489173292065701 ], [ -122.011611170969005, 38.489058504783799 ], [ -122.012036666697995, 38.488977182739298 ], [ -122.012740477188999, 38.488973476800702 ], [ -122.013360322096005, 38.489035475890702 ], [ -122.013854718616003, 38.4890971561288 ], [ -122.014181978382993, 38.489147425366497 ], [ -122.014530111352002, 38.489197754119601 ], [ -122.014697250262998, 38.489214656086197 ], [ -122.015163435079003, 38.489342191548701 ], [ -122.0159294332, 38.489437506495101 ], [ -122.016361592809005, 38.489416615053898 ], [ -122.016981678405003, 38.489434647830898 ], [ -122.017253159546996, 38.489484768808502 ], [ -122.017726484891995, 38.489584842972697 ], [ -122.018171890744995, 38.489690331193003 ], [ -122.018422354010994, 38.489762379314001 ], [ -122.018707549854, 38.489856480297199 ], [ -122.019007302760002, 38.4898352498655 ], [ -122.019167457102, 38.4898576220846 ], [ -122.019557753949996, 38.489847601986803 ], [ -122.019808826775005, 38.489804274538201 ], [ -122.020191700596001, 38.489876638407999 ], [ -122.020636679516002, 38.490064537180402 ], [ -122.020963079392999, 38.490274108514697 ], [ -122.021185426505994, 38.4903955160175 ], [ -122.021351935864999, 38.490538777121998 ], [ -122.021483652295004, 38.490665445688499 ], [ -122.021524998729006, 38.490753462364601 ], [ -122.021906899300006, 38.491012609791497 ], [ -122.022150300215998, 38.491112092970297 ], [ -122.022511991553998, 38.491239341305203 ], [ -122.022623123724003, 38.491305537213698 ], [ -122.022782822227001, 38.491415818071502 ], [ -122.022810540685001, 38.491443345390302 ], [ -122.023018776995002, 38.4916031784105 ], [ -122.023177959796996, 38.491812342433001 ], [ -122.023392982592995, 38.491999651248499 ], [ -122.023538854373001, 38.492093407162798 ], [ -122.023580691445005, 38.492088007757097 ], [ -122.023949176943006, 38.492248229734003 ], [ -122.024157702625004, 38.492347641133001 ], [ -122.024428944696993, 38.492452671245601 ], [ -122.024693169665994, 38.492563203912397 ], [ -122.025089666357005, 38.492701516710397 ], [ -122.025215063383001, 38.492707306439897 ], [ -122.025451884812, 38.492729855914902 ], [ -122.025730258568998, 38.492801955938504 ], [ -122.025758121254995, 38.492802023608697 ], [ -122.025869489094006, 38.492829753151497 ], [ -122.026085318685006, 38.4928632544528 ], [ -122.026315410932, 38.492841836988298 ], [ -122.026580266999005, 38.492831472121701 ], [ -122.027123469654995, 38.492898723934999 ], [ -122.027241767269999, 38.492931971141303 ], [ -122.027429536610001, 38.493003831629302 ], [ -122.027763017552999, 38.4932024219599 ], [ -122.028207809158999, 38.4934342403266 ], [ -122.028492721941006, 38.493588744874501 ], [ -122.028854437120003, 38.4937159742733 ], [ -122.029452642704001, 38.493931666014397 ], [ -122.030009292491997, 38.494092318803801 ], [ -122.030231863808993, 38.4941752627835 ], [ -122.030572765654995, 38.494285947533399 ], [ -122.030809256770993, 38.494374407332302 ], [ -122.031101363312999, 38.494490477279598 ], [ -122.031337910435994, 38.494562465140199 ], [ -122.031588293553995, 38.494661943685699 ], [ -122.031956332798998, 38.4949155402172 ], [ -122.032324490996999, 38.495152645784202 ], [ -122.032560647880004, 38.495301540530399 ], [ -122.032817658092995, 38.4954669564776 ], [ -122.033081460714996, 38.495665366550597 ], [ -122.033324581659002, 38.495819760339003 ], [ -122.033644089112002, 38.496029287978601 ], [ -122.034018853166998, 38.496337829855001 ], [ -122.034268379580993, 38.496602109478097 ], [ -122.034518245482005, 38.496805986062697 ], [ -122.034761541937002, 38.496927416176497 ], [ -122.034914340520004, 38.4970321617552 ], [ -122.034914285133993, 38.497043148940399 ], [ -122.035067137995995, 38.497131404539502 ], [ -122.035359080730998, 38.497280423492398 ], [ -122.035491004210002, 38.497379617143203 ], [ -122.035748069052005, 38.497534057416303 ], [ -122.035914748002995, 38.497649803470402 ], [ -122.036185484284999, 38.497859209502998 ], [ -122.036393684269001, 38.498030005637403 ], [ -122.036678288030998, 38.498255915734198 ], [ -122.036900520323996, 38.498410271698503 ], [ -122.037150412097006, 38.498608621983301 ], [ -122.037434868733996, 38.498862006297301 ], [ -122.037642895421001, 38.499071246323197 ], [ -122.037802331715, 38.499241926959499 ], [ -122.037864442802004, 38.4993629474763 ], [ -122.037975148236995, 38.499522527823501 ], [ -122.038058222665995, 38.4996325920198 ], [ -122.038182986910002, 38.4997702301402 ], [ -122.038273254963002, 38.4998363620508 ], [ -122.038307901330995, 38.499874906570099 ], [ -122.038335561097, 38.499918919052 ], [ -122.038789243527006, 38.499815085164499 ], [ -122.038829552175002, 38.4998873116431 ], [ -122.038909823333995, 38.500048287769403 ], [ -122.038985491044002, 38.500104494503198 ], [ -122.039175873123, 38.500344223602099 ], [ -122.039297840995005, 38.500516826538799 ], [ -122.039514442927995, 38.5008340851684 ], [ -122.039630059743999, 38.500979043628298 ], [ -122.039819816242002, 38.501246314579603 ], [ -122.039927427112005, 38.501435243093397 ], [ -122.040100951954997, 38.501801472175103 ], [ -122.040174857927994, 38.501934802435102 ], [ -122.040416033390997, 38.502401205536302 ], [ -122.040591309993999, 38.502690308679803 ], [ -122.040735726679998, 38.5031057118142 ], [ -122.041160768953006, 38.5034866087206 ], [ -122.041304485487004, 38.5036264628162 ], [ -122.041359750832996, 38.503781695839201 ], [ -122.041403089865, 38.503903431068501 ], [ -122.041413186137007, 38.5040744096436 ], [ -122.041339335282998, 38.504244173231498 ], [ -122.041288622009006, 38.504320587125797 ], [ -122.041263988298994, 38.504480043200303 ], [ -122.041248242408003, 38.504556963505401 ], [ -122.041252079000998, 38.504694790931403 ], [ -122.041299970872998, 38.505048173129097 ], [ -122.041455046337006, 38.505303917979397 ], [ -122.041585537946006, 38.505410513163902 ], [ -122.041662094379006, 38.505428157335302 ], [ -122.041810659562003, 38.505661762151902 ], [ -122.041889914115998, 38.505726504262199 ], [ -122.041954884719999, 38.505779577858299 ], [ -122.042244988622002, 38.505943596036303 ], [ -122.042418188560006, 38.506017747391802 ], [ -122.042861770003, 38.506200518074898 ], [ -122.043433837671003, 38.506578023305003 ], [ -122.043776489059994, 38.5068915888071 ], [ -122.043990922589003, 38.506999399906498 ], [ -122.044211964083004, 38.507123836582103 ], [ -122.044390912862994, 38.507253174486102 ], [ -122.044665771588001, 38.507472068836002 ], [ -122.044734575953996, 38.507522663765201 ], [ -122.044926270635997, 38.507707293013297 ], [ -122.045021446259994, 38.507746505679599 ], [ -122.045454040522003, 38.507880249153501 ], [ -122.045565442666998, 38.507903902149998 ], [ -122.045772881185997, 38.508011609101899 ], [ -122.045917745414002, 38.508101876020703 ], [ -122.046315739826994, 38.508443787138901 ], [ -122.046376433456999, 38.508543859034802 ], [ -122.046442856843001, 38.508699117594801 ], [ -122.046518036915998, 38.508777357004703 ], [ -122.046695613078001, 38.508967290697903 ], [ -122.046872437960005, 38.509190273318097 ], [ -122.047094996647999, 38.509248600679598 ], [ -122.047314042834003, 38.509461174642503 ], [ -122.047595918788005, 38.509680162768298 ], [ -122.047726052219005, 38.509803279681599 ], [ -122.047836705189994, 38.509859988705003 ], [ -122.047975954704995, 38.509889552969398 ], [ -122.048176278127002, 38.510002660260803 ], [ -122.048424068041001, 38.510182581155902 ], [ -122.048498875532005, 38.510277344334 ], [ -122.048567310164998, 38.510344462038702 ], [ -122.048787617493005, 38.5105019445867 ], [ -122.048986189836, 38.510692177616299 ], [ -122.049110203455001, 38.510776627862803 ], [ -122.049447794257006, 38.511007438028798 ], [ -122.049674354545004, 38.511198073217898 ], [ -122.049791119630001, 38.511293441847897 ], [ -122.050059527078005, 38.511490191474998 ], [ -122.050183418806, 38.511580149524796 ], [ -122.050141573407998, 38.511574035360198 ], [ -122.050409340738995, 38.511798328053104 ], [ -122.050582203567998, 38.511888993139301 ], [ -122.050784164402003, 38.511930476799698 ], [ -122.050888840818999, 38.511943008926103 ], [ -122.050938170690998, 38.511927190229002 ], [ -122.051139880601994, 38.511979692980802 ], [ -122.051326605452005, 38.512076067829902 ], [ -122.051443765871994, 38.512154905215098 ], [ -122.051519314634007, 38.512216611811901 ], [ -122.051601879610999, 38.512278420633102 ], [ -122.051959079376999, 38.512570127937202 ], [ -122.052165666891, 38.512716383414798 ], [ -122.052213746221994, 38.512755651936601 ], [ -122.052508260563997, 38.513035428403903 ], [ -122.052968395652996, 38.513416787654499 ], [ -122.053166487667994, 38.513629047535403 ], [ -122.053330233573007, 38.513813260408803 ], [ -122.053945393866996, 38.514455849850002 ], [ -122.054144115192003, 38.5146405641662 ], [ -122.054535309361, 38.514976836818398 ], [ -122.054767382831002, 38.515233670749801 ], [ -122.054924775480998, 38.515390231770802 ], [ -122.054986719729996, 38.515435210462797 ], [ -122.055418538208002, 38.515832683028997 ], [ -122.055981878243998, 38.516292661248798 ], [ -122.056283796946005, 38.516556004137698 ], [ -122.056518874331999, 38.516680617691499 ], [ -122.056518499842994, 38.516697147277803 ], [ -122.056819657334998, 38.5169935416424 ], [ -122.057158925004003, 38.517152716405398 ], [ -122.057276706476003, 38.517204003081503 ], [ -122.057570631066994, 38.517202715760199 ], [ -122.057689535587997, 38.517204423156301 ], [ -122.057942982360998, 38.517136420348599 ], [ -122.058258252483995, 38.517118903789097 ], [ -122.058511557298004, 38.517056408706999 ], [ -122.058992951937995, 38.516809820426403 ], [ -122.059026902059998, 38.516545792099599 ], [ -122.059050752456002, 38.516419386924902 ], [ -122.059129816047999, 38.516326837552498 ], [ -122.059399361090001, 38.516165383723099 ], [ -122.059788678760995, 38.515967069950101 ], [ -122.059936439181001, 38.5159306131223 ], [ -122.060161270264999, 38.515889748567702 ], [ -122.060534980488995, 38.515762849799998 ], [ -122.060815892763003, 38.515717276325397 ], [ -122.061259312489994, 38.515602393264302 ], [ -122.061616174120999, 38.515601997429897 ], [ -122.061692978848995, 38.515608605912902 ], [ -122.061960277178997, 38.515546307518001 ], [ -122.062219581099995, 38.5155279750022 ], [ -122.062682244140007, 38.515490515147498 ], [ -122.062773422608998, 38.515480797426903 ], [ -122.063503366508002, 38.515381028899903 ], [ -122.063686220402005, 38.515339558017999 ], [ -122.063827225335004, 38.515291979435503 ], [ -122.064170347711993, 38.515280356494401 ], [ -122.064457015860995, 38.515289963588799 ], [ -122.064660607063999, 38.515259810016701 ], [ -122.064906171462994, 38.5152302586567 ], [ -122.065025941309997, 38.5151933948191 ], [ -122.065285862389004, 38.515147510578402 ], [ -122.065496454314996, 38.515117459689499 ], [ -122.065798719284999, 38.515055648824202 ], [ -122.066116085095999, 38.514944458338803 ], [ -122.066510518051004, 38.514828855214802 ], [ -122.066659761218006, 38.514726281233798 ], [ -122.067220022526001, 38.514392613124798 ], [ -122.067432840833007, 38.514263395400697 ], [ -122.067623681198995, 38.514177947833097 ], [ -122.068011354746005, 38.514051221234901 ], [ -122.068025108854002, 38.514062439953697 ], [ -122.068725309802005, 38.514039364350197 ], [ -122.068935525403006, 38.514025827816802 ], [ -122.069047069155999, 38.514043952823897 ], [ -122.069075039108, 38.514044351432297 ], [ -122.069145369370005, 38.514028819627597 ], [ -122.069438398580004, 38.514066062280399 ], [ -122.069816609669999, 38.514049411525299 ], [ -122.070167576065998, 38.513999306450202 ], [ -122.070272737153999, 38.513989782437797 ], [ -122.070392271074994, 38.5139639318867 ], [ -122.071019977495993, 38.513741424634397 ], [ -122.071405557725996, 38.513708339255103 ], [ -122.071770259898003, 38.513669447642002 ], [ -122.072175573601996, 38.513691747263799 ], [ -122.072715409951002, 38.513644322706199 ], [ -122.073031523973, 38.5135882021318 ], [ -122.073262708179996, 38.5135749561979 ], [ -122.073556247005001, 38.513590153392897 ], [ -122.074345890353001, 38.513634444987296 ], [ -122.074534870386998, 38.513631619820998 ], [ -122.074799807142, 38.513673960583901 ], [ -122.074988418206004, 38.513687659816597 ], [ -122.075231983532007, 38.5137462302418 ], [ -122.07559571342, 38.513751396604903 ], [ -122.075700503381, 38.513758392801101 ], [ -122.076049261685995, 38.513807432441602 ], [ -122.076300445768993, 38.5138385520019 ], [ -122.076634217475998, 38.513931461066697 ], [ -122.076968607058006, 38.5139968251531 ], [ -122.077324106671, 38.514056976067401 ], [ -122.077513211295994, 38.514048639753803 ], [ -122.077764887702003, 38.514057721101203 ], [ -122.077967116417994, 38.514088142931499 ], [ -122.078190454679003, 38.514113352044802 ], [ -122.078296368644004, 38.514070765919897 ], [ -122.078437115450996, 38.514034190199702 ], [ -122.078731134039003, 38.514027335630999 ], [ -122.079251335028005, 38.513918983410299 ], [ -122.079413067960999, 38.513882699323098 ], [ -122.079553936107004, 38.513840611456899 ], [ -122.080070693313999, 38.513886504451797 ], [ -122.080195732850001, 38.513926851274199 ], [ -122.080430475507001, 38.514067942286403 ], [ -122.080616507542999, 38.514197323767199 ], [ -122.080726087958993, 38.514303581303501 ], [ -122.080891135203004, 38.514432665280601 ], [ -122.081105509180006, 38.514545912954603 ], [ -122.081341622222993, 38.514626403244399 ], [ -122.081528992800003, 38.514695183502397 ], [ -122.081793937650005, 38.514737509145903 ], [ -122.081933472128995, 38.514756013636998 ], [ -122.082100854909001, 38.514780426910697 ], [ -122.082312036416994, 38.514722796872199 ], [ -122.082453289040004, 38.514664176695199 ], [ -122.082536359222999, 38.514703923882699 ], [ -122.082755170141994, 38.514618846685003 ], [ -122.083055700678003, 38.514634119277098 ], [ -122.083404943646997, 38.514661098088702 ], [ -122.083595519720006, 38.514586643051999 ], [ -122.083854814594005, 38.514568262035802 ], [ -122.084136075366999, 38.514506110362099 ], [ -122.084395981659, 38.514460184080903 ], [ -122.084605704507993, 38.514468657735698 ], [ -122.084906234805004, 38.514483924618801 ], [ -122.085186881637, 38.514449311744102 ], [ -122.085403589932994, 38.514457883310101 ], [ -122.085600046658996, 38.514433103442201 ], [ -122.085958005289996, 38.514383048875601 ], [ -122.086161340122004, 38.514363872743203 ], [ -122.086436224916, 38.514274069410902 ], [ -122.086471808671007, 38.514247018117103 ], [ -122.086562615936003, 38.514253810425302 ], [ -122.086855778013998, 38.514285499058097 ], [ -122.087106615997001, 38.514333124823899 ], [ -122.087435117574998, 38.5143487757733 ], [ -122.087595622658, 38.5143675728905 ], [ -122.087797749697998, 38.514403487416701 ], [ -122.088048573812003, 38.514451106646597 ], [ -122.088350572072002, 38.514400256642404 ], [ -122.088392545144004, 38.514400847987503 ], [ -122.088434133928999, 38.514417968118202 ], [ -122.088664965831995, 38.5144212210771 ], [ -122.088734664827001, 38.514433221450702 ], [ -122.088783882510995, 38.514422896497599 ], [ -122.088977527232004, 38.514524814188697 ], [ -122.089053492792004, 38.514569971967703 ], [ -122.089204936884002, 38.514682317953799 ], [ -122.089301262804995, 38.514755315181098 ], [ -122.089460441731006, 38.514834705052301 ], [ -122.089501437194002, 38.514879369767797 ], [ -122.089818419837002, 38.515098751332999 ], [ -122.090074050105002, 38.515245628079001 ], [ -122.090156651951006, 38.515307408472502 ], [ -122.090300976346995, 38.5154251638753 ], [ -122.090438194276999, 38.5155483308559 ], [ -122.090700934367007, 38.515689794458801 ], [ -122.090839373392996, 38.515757871888503 ], [ -122.090934237501997, 38.515896976630501 ], [ -122.091072434351005, 38.515976069073403 ], [ -122.091100162391996, 38.515987482152603 ], [ -122.091394691648006, 38.515958560290301 ], [ -122.091522547489006, 38.515872187905202 ], [ -122.091648817389995, 38.515857429658197 ], [ -122.091697425443002, 38.515874647557901 ], [ -122.092009706802997, 38.515675143098299 ], [ -122.092261482319003, 38.515364571109799 ], [ -122.092335328838999, 38.515189267842601 ], [ -122.092372740586001, 38.515079577039899 ], [ -122.092446603734999, 38.514904272787099 ], [ -122.092472575322006, 38.514678701453001 ], [ -122.092708529118994, 38.514450565660198 ], [ -122.092731589289002, 38.514357211150397 ], [ -122.092969492649999, 38.5140409317289 ], [ -122.093246181463002, 38.513868477224101 ], [ -122.093424816777997, 38.513700156168703 ], [ -122.093671947440995, 38.513598923131099 ], [ -122.093855891643997, 38.5135078244396 ], [ -122.093955146065994, 38.5134486008659 ], [ -122.09415538959, 38.513253028321699 ], [ -122.094311224196005, 38.513167046278099 ], [ -122.094626409327006, 38.512835317819103 ], [ -122.094689731553004, 38.512819676212402 ], [ -122.094690097186003, 38.512803147404803 ], [ -122.094956731241993, 38.512768314182601 ], [ -122.095180680195, 38.5127659490824 ], [ -122.095587350496004, 38.512727568527197 ], [ -122.095852645685, 38.512753332270002 ], [ -122.096047893171999, 38.5127836237737 ], [ -122.096243491197995, 38.512797389751299 ], [ -122.096474683443006, 38.512784101915798 ], [ -122.097043682567005, 38.512681863051597 ], [ -122.097156446314997, 38.512644867304601 ], [ -122.097474604591, 38.512495030457202 ], [ -122.097523924510995, 38.512479187389197 ], [ -122.097699646261006, 38.512443073130903 ], [ -122.097979791990994, 38.512430467940398 ], [ -122.098260181591002, 38.512406843158502 ], [ -122.098419349189001, 38.512486220713697 ], [ -122.098689458663998, 38.512611238599298 ], [ -122.098842249377995, 38.512662976503798 ], [ -122.098986704682005, 38.512775212061698 ], [ -122.099267052320997, 38.513071202116699 ], [ -122.099558393777997, 38.513185496356897 ], [ -122.099726021492003, 38.513198861606803 ], [ -122.099900165462998, 38.513234362900398 ], [ -122.10018620724, 38.513271429198198 ], [ -122.100479629869, 38.513292068875302 ], [ -122.100605649746001, 38.5132883197684 ], [ -122.101093806828004, 38.513361275626799 ], [ -122.101303407817994, 38.513375225311499 ], [ -122.101436308557993, 38.513377082678403 ], [ -122.101773627941995, 38.513310161540097 ], [ -122.102053898041007, 38.513292032967797 ], [ -122.102347911302004, 38.513285121970597 ], [ -122.102809448574007, 38.513297077300102 ], [ -122.102935711591996, 38.513282310335597 ], [ -122.103109961773995, 38.513312296900096 ], [ -122.103237330639999, 38.5132479466943 ], [ -122.103279407556002, 38.513243022740497 ], [ -122.103272311753997, 38.513371849113 ], [ -122.103288341576999, 38.513374353670699 ], [ -122.103320965975996, 38.513648421048003 ], [ -122.103406708356999, 38.513868997829903 ], [ -122.103479565146998, 38.514082204237297 ], [ -122.103564759261005, 38.514428450140699 ], [ -122.103616265650999, 38.514642449435499 ], [ -122.103646983729007, 38.514729195917198 ], [ -122.103632054597995, 38.5148682750795 ], [ -122.103630255626996, 38.515046108396398 ], [ -122.103712546268994, 38.515183322987703 ], [ -122.103902097572998, 38.515472526581497 ], [ -122.104057298327007, 38.515733693745403 ], [ -122.104137838680998, 38.515889117367202 ], [ -122.104162679447001, 38.516032740880597 ], [ -122.104357297877002, 38.5164101861169 ], [ -122.104499228033006, 38.516638102240599 ], [ -122.104683494805002, 38.516850079291302 ], [ -122.104730880277998, 38.516922380951101 ], [ -122.104792268127994, 38.516994878011801 ], [ -122.104989676079001, 38.517245609491503 ], [ -122.105066139385997, 38.517268721603003 ], [ -122.105398029493003, 38.517449691865799 ], [ -122.105563250038003, 38.5175732307193 ], [ -122.105645489943001, 38.517651524401998 ], [ -122.105788513668003, 38.517829860527499 ], [ -122.105751484189, 38.517923025925001 ], [ -122.105771987899999, 38.517945358099901 ], [ -122.106053471924, 38.518191752386997 ], [ -122.106159665457, 38.518309577935803 ], [ -122.106230746612994, 38.518403628888301 ], [ -122.106437703720999, 38.518538766675803 ], [ -122.106728111669, 38.518697113168997 ], [ -122.106859935054999, 38.518748544533402 ], [ -122.107053616166993, 38.518850436466202 ], [ -122.107156862609997, 38.518929025845502 ], [ -122.107323056553994, 38.519008489164499 ], [ -122.107412420966, 38.519081374187301 ], [ -122.107520599099004, 38.519253710012997 ], [ -122.107616604434995, 38.519343218115701 ], [ -122.107739373073997, 38.519488204653001 ], [ -122.107957545686006, 38.519750246659903 ], [ -122.108080919623006, 38.519867687755699 ], [ -122.108177167801003, 38.519946175559802 ], [ -122.108348176142997, 38.520124896764401 ], [ -122.108479278377004, 38.520209384885398 ], [ -122.108643905801998, 38.520360464421302 ], [ -122.108671050720005, 38.520399413851301 ], [ -122.109000189078003, 38.520707081157802 ], [ -122.109034801592003, 38.520724096860697 ], [ -122.109069292954999, 38.520746618867904 ], [ -122.109268174370001, 38.520931237544801 ], [ -122.109407125819004, 38.520977257581002 ], [ -122.109577777476005, 38.521172503118898 ], [ -122.109701277658004, 38.521284437072097 ], [ -122.109844698160003, 38.521446238409901 ], [ -122.109878466945005, 38.521501814281699 ], [ -122.109925137605998, 38.521607167919498 ], [ -122.10995757904, 38.521723342964897 ], [ -122.109983880968002, 38.521800859716002 ], [ -122.109931404177004, 38.521959938072001 ], [ -122.109923091645996, 38.522020439403498 ], [ -122.109904021556005, 38.522251626055002 ], [ -122.109860251176002, 38.522333676865301 ], [ -122.109767139431, 38.522431571480197 ], [ -122.109674494721006, 38.5225074344688 ], [ -122.109515898539996, 38.5227201463969 ], [ -122.109463300038996, 38.522884733557099 ], [ -122.109474888774002, 38.522995110560302 ], [ -122.109495017927998, 38.523033962835399 ], [ -122.109576438882996, 38.5231508222356 ], [ -122.109747233370001, 38.523340558489899 ], [ -122.109909941051001, 38.523579779603999 ], [ -122.110039950151005, 38.5237138444284 ], [ -122.110266350421995, 38.523920887041101 ], [ -122.110385765410001, 38.523900505081698 ], [ -122.110532914540997, 38.5238915269152 ], [ -122.110687289777999, 38.523871631046603 ], [ -122.110849165217004, 38.523829796675102 ], [ -122.111025131850994, 38.523782643251003 ], [ -122.111291092444006, 38.523780827373699 ], [ -122.111555245234996, 38.523861647979601 ], [ -122.111595776946999, 38.523928340040698 ], [ -122.111669839323994, 38.524061622772599 ], [ -122.111825433988002, 38.524306254268403 ], [ -122.111877664941005, 38.524477813090201 ], [ -122.111873929102998, 38.5246485909041 ], [ -122.111932772426002, 38.5249105794096 ], [ -122.112014227377003, 38.5252732449636 ], [ -122.112067664313997, 38.525389710796901 ], [ -122.112295039019003, 38.525872296373201 ], [ -122.112389491901993, 38.526033418679297 ], [ -122.112568249982004, 38.526179176320603 ], [ -122.112682128703, 38.5264122087369 ], [ -122.112782366632999, 38.526628516823301 ], [ -122.112810341756997, 38.526628904855798 ], [ -122.112892254602997, 38.526723719531297 ], [ -122.112951717133001, 38.5268843566096 ], [ -122.112976698042004, 38.527022471911302 ], [ -122.11298442492, 38.527309132742303 ], [ -122.112995765451998, 38.527430524744098 ], [ -122.112971539455003, 38.5275789770877 ], [ -122.113000617872004, 38.527849403863698 ], [ -122.113074326632002, 38.527999214558903 ], [ -122.113105332588006, 38.528181497871898 ], [ -122.113148158526997, 38.528463137982101 ], [ -122.113176756818007, 38.528755598995303 ], [ -122.113242862001002, 38.528932857937001 ], [ -122.113250125082999, 38.529241557519804 ], [ -122.113125885680006, 38.529482304179702 ], [ -122.113033251439006, 38.529558166237699 ], [ -122.112865581674995, 38.529544821175499 ], [ -122.112760041825993, 38.529570909171298 ], [ -122.112351477792998, 38.529691984505902 ], [ -122.112202871405003, 38.529767069623098 ], [ -122.112090208208002, 38.529798570117599 ], [ -122.111997089789995, 38.529896470129202 ], [ -122.111764171253, 38.530306536142099 ], [ -122.111694345711001, 38.530619676839102 ], [ -122.111605561313993, 38.530838868217998 ], [ -122.111745372618998, 38.5311659395975 ], [ -122.111862148354007, 38.531266754545399 ], [ -122.112000503047, 38.531340315678598 ], [ -122.112220533593003, 38.531519711638403 ], [ -122.112392077256999, 38.531676392565998 ], [ -122.112608376503999, 38.532026566514403 ], [ -122.112649396321999, 38.532071223023003 ], [ -122.112766129459004, 38.532231902619799 ], [ -122.112912619715004, 38.5325157281763 ], [ -122.113164005399994, 38.532541258659798 ], [ -122.113626993565006, 38.532492574294999 ], [ -122.113794669255, 38.532505922759 ], [ -122.114177427415001, 38.532604912239897 ], [ -122.114508449243999, 38.532829930335097 ], [ -122.114706176620004, 38.533069629879499 ], [ -122.114835265579003, 38.533247759673998 ], [ -122.114955908796006, 38.5334919018565 ], [ -122.115034103620005, 38.533757497425398 ], [ -122.115121211008997, 38.533935045221803 ], [ -122.115262006726994, 38.534218041964102 ], [ -122.115358896380002, 38.534588601361698 ], [ -122.115451925089999, 38.534815825837697 ], [ -122.115484983843999, 38.534904454209901 ], [ -122.115409999522001, 38.535454484247602 ], [ -122.115291918617999, 38.535733890303 ], [ -122.115211103649997, 38.535909115188097 ], [ -122.115072628934001, 38.536160685099503 ], [ -122.114814357534001, 38.536449174872899 ], [ -122.114771787020999, 38.536476138211697 ], [ -122.114634031937996, 38.536694653461304 ], [ -122.114575650415006, 38.536804060538401 ], [ -122.114257780922003, 38.536937419150597 ], [ -122.113993478824, 38.537181736409998 ], [ -122.113848596592007, 38.537405663042797 ], [ -122.113851628044003, 38.537587561070502 ], [ -122.113874553566006, 38.5378193268511 ], [ -122.114054570923003, 38.538229611034701 ], [ -122.114169918741993, 38.538396529207397 ], [ -122.114392872525002, 38.538763324481899 ], [ -122.114538512867995, 38.539145579371301 ], [ -122.114698024681999, 38.539533540039102 ], [ -122.114712402665006, 38.539836830770398 ], [ -122.114755604205001, 38.5401019368948 ], [ -122.114841635318996, 38.5403290697015 ], [ -122.114925999460993, 38.540633322438097 ], [ -122.115037305616994, 38.540984800577597 ], [ -122.115220646677002, 38.541243579857202 ], [ -122.115452181216995, 38.541538856017603 ], [ -122.115547985069, 38.541639371973503 ], [ -122.115737533905005, 38.541934066069899 ], [ -122.115905985428, 38.542233975485203 ], [ -122.115934120142995, 38.542548470988201 ], [ -122.115973136560001, 38.543006397867501 ], [ -122.116096220515999, 38.543459981945098 ], [ -122.116273592859002, 38.543944650397798 ], [ -122.116288108836997, 38.543969616412497 ], [ -122.116403848469005, 38.5444396279484 ], [ -122.116430509332005, 38.544500618873201 ], [ -122.116820771811007, 38.545222407176603 ], [ -122.116888102741001, 38.545344574675298 ], [ -122.116921564877003, 38.5457362955026 ], [ -122.117184504684005, 38.546197320673897 ], [ -122.117291666938002, 38.546419227661197 ], [ -122.117435056906004, 38.546906151254703 ], [ -122.117551649297994, 38.547337597555597 ], [ -122.117626067808004, 38.5476181435698 ], [ -122.117693962559002, 38.547874096643902 ], [ -122.117783879734006, 38.548244560198498 ], [ -122.117802874670005, 38.548658118494401 ], [ -122.117951819710001, 38.549211247129598 ], [ -122.118011953638998, 38.549663957292701 ], [ -122.11811240115, 38.550194369835602 ], [ -122.118203461281993, 38.550834863633099 ], [ -122.118405252819997, 38.551212380713999 ], [ -122.118613795746001, 38.551601013733702 ], [ -122.118814033595996, 38.552050145632002 ], [ -122.118968872889994, 38.552333331561897 ], [ -122.119118884184005, 38.552517252994903 ], [ -122.119232648234998, 38.552918353346499 ], [ -122.119322157777006, 38.553148280991202 ], [ -122.119397632135005, 38.553540582081503 ], [ -122.119429415653997, 38.554009422236597 ], [ -122.119499326519005, 38.554335516761803 ], [ -122.119698257786993, 38.554845250014502 ], [ -122.119856274547999, 38.555304819063103 ], [ -122.120123225891007, 38.555584036018601 ], [ -122.120213540256003, 38.555937972360198 ], [ -122.120240139228997, 38.556324082330001 ], [ -122.120273025402, 38.556743346380699 ], [ -122.120314578575005, 38.557085587581703 ], [ -122.120398969798998, 38.557389835395703 ], [ -122.120501244227, 38.557837611310298 ], [ -122.120578767772997, 38.558136257241301 ], [ -122.120619963354997, 38.558495022707099 ], [ -122.120675171022995, 38.558853974446102 ], [ -122.120729778756001, 38.559240477602799 ], [ -122.120780896449006, 38.559786736243503 ], [ -122.120828499496, 38.560173143058002 ], [ -122.120893694825, 38.560394467100501 ], [ -122.121159486942005, 38.560728779115998 ], [ -122.121262314573002, 38.560829387506701 ], [ -122.121427782162996, 38.560947397339298 ], [ -122.121676292104993, 38.561110636812302 ], [ -122.121951116614994, 38.561351381668203 ], [ -122.122060113038998, 38.561490650573198 ], [ -122.122182145438998, 38.5616741894451 ], [ -122.122196719740003, 38.561721858724098 ], [ -122.122325958925003, 38.562144580709599 ], [ -122.122409765976997, 38.562476373084202 ], [ -122.122535096, 38.562830782271398 ], [ -122.122662086953994, 38.563108070332703 ], [ -122.122782105870002, 38.563385255742602 ], [ -122.123018236809997, 38.563796297076699 ], [ -122.123131834326003, 38.564045848041403 ], [ -122.123283981070998, 38.5644557322194 ], [ -122.123461471172007, 38.564987200329597 ], [ -122.123270506191005, 38.565397871583798 ], [ -122.123029525933006, 38.565532315451399 ], [ -122.122677025732997, 38.565643183823298 ], [ -122.122480065359994, 38.565684551956601 ], [ -122.122053079891998, 38.5656786643438 ], [ -122.122038724502005, 38.565694997180998 ], [ -122.121841103638005, 38.566089036464803 ], [ -122.121697281232997, 38.566263401497203 ], [ -122.121558411939006, 38.566531507978702 ], [ -122.121490015530995, 38.566778541658302 ], [ -122.121473064244, 38.567235693819903 ], [ -122.121455930842998, 38.568023480286598 ], [ -122.121497872023994, 38.568349187604198 ], [ -122.121635766669996, 38.568769899480998 ], [ -122.121704024023998, 38.569173120803001 ], [ -122.121841682107004, 38.5696048531873 ], [ -122.122021670614998, 38.569860829797101 ], [ -122.122080102533005, 38.569911232074702 ], [ -122.122160503974996, 38.570077658434599 ], [ -122.122207600159001, 38.570166474565603 ], [ -122.122273287528998, 38.570365766191003 ], [ -122.122486519427994, 38.570864668001597 ], [ -122.122588405326994, 38.571009344725397 ], [ -122.122752581187001, 38.571187956466602 ], [ -122.122799797889002, 38.571271266029697 ], [ -122.123048994094006, 38.571726570937301 ], [ -122.123081001304001, 38.5718647774654 ], [ -122.123181692817994, 38.572064551162399 ], [ -122.123467635104006, 38.572762838359502 ], [ -122.123648753389006, 38.573129037919003 ], [ -122.123892389787997, 38.573518135624703 ], [ -122.123978506352003, 38.573745260629501 ], [ -122.124011167407005, 38.574175543391597 ], [ -122.124051568314997, 38.574572864436703 ], [ -122.124030855426994, 38.574881177917703 ], [ -122.124120137332994, 38.575284686974499 ], [ -122.124198652264994, 38.575539259966703 ], [ -122.124258777910995, 38.575672337897103 ], [ -122.124387848891999, 38.575855971383298 ], [ -122.124845066914006, 38.576407817111203 ], [ -122.125063356406002, 38.576675336647099 ], [ -122.125211761298004, 38.576936378349501 ], [ -122.125289241388998, 38.577155864116399 ], [ -122.125422881448003, 38.577534434546898 ], [ -122.125459019068003, 38.577804953173299 ], [ -122.125500147767994, 38.578169223104702 ], [ -122.125569272435996, 38.578533877966102 ], [ -122.125722762042003, 38.5788831640238 ], [ -122.125775425138997, 38.5790381830736 ], [ -122.125944843922994, 38.579299520816299 ], [ -122.126031674211006, 38.579493585596403 ], [ -122.126171246864004, 38.579767648938898 ], [ -122.126220180668994, 38.579789804176897 ], [ -122.126282961710004, 38.579883523973301 ], [ -122.126338750044994, 38.5799882394398 ], [ -122.126429185511995, 38.580263636234598 ], [ -122.126477832244007, 38.580423351149598 ], [ -122.126547558946001, 38.580550112117798 ], [ -122.126540495493998, 38.580599620671599 ], [ -122.126540322848001, 38.580693160472002 ], [ -122.126561165195994, 38.580770261407203 ], [ -122.126596016988003, 38.580830888784703 ], [ -122.126609938152995, 38.580880456376001 ], [ -122.126623896552005, 38.580891503957702 ], [ -122.126644758514999, 38.580957589756501 ], [ -122.126651765253001, 38.580957610019396 ], [ -122.126735502212, 38.581067904517901 ], [ -122.126749368478002, 38.581128480045201 ], [ -122.126770128462994, 38.581257848478401 ], [ -122.126790845618004, 38.581414735334903 ], [ -122.126818640191004, 38.581502855420901 ], [ -122.126811567096993, 38.581557862992398 ], [ -122.126839361766997, 38.581645992082002 ], [ -122.126853222603998, 38.581728572576999 ], [ -122.126901723827999, 38.581987335081102 ], [ -122.126873722319004, 38.581992753951297 ], [ -122.126817585943002, 38.582075135461601 ], [ -122.126782471151003, 38.5821575759078 ], [ -122.126782429936995, 38.582179590837001 ], [ -122.126796276985004, 38.582251164361402 ], [ -122.126789243866, 38.5822841579038 ], [ -122.126810097830997, 38.582355759788499 ], [ -122.126803060615998, 38.582372246452302 ], [ -122.126816826444994, 38.582487839921299 ], [ -122.126732763543998, 38.582553635182201 ], [ -122.126704640363002, 38.582625088886402 ], [ -122.126725584241001, 38.5826471547213 ], [ -122.126732388405003, 38.582757229801302 ], [ -122.126697231939005, 38.582861685149403 ], [ -122.126683106360005, 38.582922171492498 ], [ -122.126641003540001, 38.5829935855215 ], [ -122.126619978188003, 38.583015539618103 ], [ -122.126591904590995, 38.583059480265703 ], [ -122.126584882196994, 38.583086973891 ], [ -122.126507811546006, 38.583141780476303 ], [ -122.126416780808995, 38.583185540307802 ], [ -122.126388759272999, 38.583201966974201 ], [ -122.126318673485002, 38.583267801627798 ], [ -122.126199570813, 38.583355501860197 ], [ -122.126199550115004, 38.583366508874001 ], [ -122.126169585442, 38.584450460794002 ], [ -122.126183462800995, 38.5845055283731 ], [ -122.126267294581993, 38.5845662952471 ], [ -122.126295032808997, 38.584703944272199 ], [ -122.126301896269993, 38.584781005541899 ], [ -122.126371444287003, 38.585006814408104 ], [ -122.126364366510003, 38.585045315069998 ], [ -122.126420005702997, 38.585232563266501 ], [ -122.126426836066997, 38.5853096254652 ], [ -122.126475642320003, 38.585403304555797 ], [ -122.126475490250002, 38.585485846342699 ], [ -122.126545120949999, 38.585667634256197 ], [ -122.126565923461001, 38.585766742903601 ], [ -122.126614760611005, 38.585843924027699 ], [ -122.126621584394996, 38.585942992094999 ], [ -122.126684371392997, 38.586036719770298 ], [ -122.126684259661999, 38.586097246630203 ], [ -122.126746935200003, 38.586251501130903 ], [ -122.126767840083005, 38.586295581882702 ], [ -122.126858275472003, 38.586576478210603 ], [ -122.126900075875994, 38.586670145878301 ], [ -122.126927755514004, 38.586840806775399 ], [ -122.126948600077995, 38.5869179085322 ], [ -122.127011297484998, 38.587061156775 ], [ -122.126990239598996, 38.587099616953097 ], [ -122.126997205774998, 38.587121643113399 ], [ -122.127017969337999, 38.5872427648006 ], [ -122.127066686863998, 38.587385972492697 ], [ -122.127136300372001, 38.587578767957403 ], [ -122.127282783265997, 38.5878103042687 ], [ -122.127387418710995, 38.587992191923703 ], [ -122.127422203511003, 38.588091339084002 ], [ -122.127561766013997, 38.588295340857599 ], [ -122.127708437980004, 38.5884443275975 ], [ -122.127764240435994, 38.588527027471699 ], [ -122.127869009332997, 38.588637381719003 ], [ -122.127889826952, 38.588725482217299 ], [ -122.127945468212005, 38.588901729888399 ], [ -122.12794508572, 38.589110832496402 ], [ -122.128035790179993, 38.589248660149501 ], [ -122.128119528229007, 38.589364452631102 ], [ -122.128133292323, 38.589502060814098 ], [ -122.128181972844004, 38.589667282956398 ], [ -122.128258624769003, 38.589827076007197 ], [ -122.128356218448005, 38.590030957537998 ], [ -122.128474699424004, 38.590289917429502 ], [ -122.128516565168994, 38.590350571576202 ], [ -122.128593111835002, 38.590587407145698 ], [ -122.128655735617002, 38.590774673526901 ], [ -122.128816553787999, 38.590835665602199 ], [ -122.128970155624003, 38.591012183933103 ], [ -122.129179908658003, 38.5911008195446 ], [ -122.129424640449997, 38.591184055431803 ], [ -122.129529480033, 38.591239380355503 ], [ -122.129571325889003, 38.591311033025598 ], [ -122.129815904791002, 38.5914988229515 ], [ -122.129955416757994, 38.591719328777998 ], [ -122.130081151984996, 38.591846246355203 ], [ -122.130157943111001, 38.591951011150201 ], [ -122.130332509080006, 38.592144101079903 ], [ -122.130374199252998, 38.592303802347303 ], [ -122.130517212757994, 38.592535316850302 ], [ -122.130653221735002, 38.592788824231199 ], [ -122.130827565230007, 38.593108474228899 ], [ -122.130918280345, 38.593246299611799 ], [ -122.131092459455004, 38.593659497997699 ], [ -122.131266813322995, 38.593995655102397 ], [ -122.131413361449006, 38.594205171231202 ], [ -122.131455035342, 38.5943758710062 ], [ -122.131503786530999, 38.594508069796497 ], [ -122.131587350472003, 38.594728415557498 ], [ -122.131642787672007, 38.595042231026099 ], [ -122.131684110893005, 38.595411025392899 ], [ -122.131704720084002, 38.595625694102203 ], [ -122.131676644657006, 38.595669635970701 ], [ -122.131697263244007, 38.595878796670299 ], [ -122.131697097325002, 38.5959723364479 ], [ -122.131731672989005, 38.5962145589899 ], [ -122.131682305555998, 38.5964290225998 ], [ -122.131695602991996, 38.596814253896397 ], [ -122.131646524272, 38.596885649725898 ], [ -122.131695028116994, 38.597138910274502 ], [ -122.131722820259, 38.597254543038403 ], [ -122.131715695096005, 38.597320557941302 ], [ -122.131722683592002, 38.597331584007897 ], [ -122.131791743807, 38.597849033004202 ], [ -122.131819653126001, 38.5978986398936 ], [ -122.131819536383006, 38.5979646657429 ], [ -122.131847495925996, 38.597986759601099 ], [ -122.132015072811001, 38.598179827018498 ], [ -122.132070816288007, 38.598323052507297 ], [ -122.132070776695002, 38.598345066529802 ], [ -122.132203559567998, 38.598438979823399 ], [ -122.132357040884997, 38.598698042606998 ], [ -122.132419952372999, 38.5987312330913 ], [ -122.132545559272998, 38.598940688840401 ], [ -122.132545548845002, 38.598946195950099 ], [ -122.132587490413002, 38.598968320472302 ], [ -122.132678275502997, 38.599073130630998 ], [ -122.132887620519995, 38.599409383017701 ], [ -122.132901505977003, 38.599464449773102 ], [ -122.132957396837, 38.599525133061803 ], [ -122.133208812646998, 38.599811983486703 ], [ -122.133194757347994, 38.599833949666802 ], [ -122.133257583683005, 38.5999166676391 ], [ -122.133432116332003, 38.600164780664798 ], [ -122.133425060449994, 38.600192274734098 ], [ -122.133474012248996, 38.6002116683906 ], [ -122.133543808132998, 38.600319160565 ], [ -122.133564644239001, 38.600407276225702 ], [ -122.133676125096997, 38.600682725905699 ], [ -122.133738597504006, 38.600969038173602 ], [ -122.133710319979002, 38.601128525309598 ], [ -122.133731224338007, 38.601178111897198 ], [ -122.133849648052006, 38.601492110279999 ], [ -122.133940322277994, 38.601662946190203 ], [ -122.133919225929006, 38.601723414428101 ], [ -122.134233434631, 38.602120484199801 ], [ -122.134226461401994, 38.602120465255403 ], [ -122.134184329511996, 38.602186373126401 ], [ -122.134260994721004, 38.602373685047098 ], [ -122.134288860604997, 38.602450804355598 ], [ -122.134463215444001, 38.602786956616903 ], [ -122.134456149402993, 38.602819949748699 ], [ -122.134463119436006, 38.6028419835596 ], [ -122.134470014029006, 38.602908029193102 ], [ -122.134560616185993, 38.603122893551003 ], [ -122.134590985233004, 38.603185297558397 ], [ -122.134665200027996, 38.603337795633998 ], [ -122.134685915142001, 38.603497420614197 ], [ -122.134832414483, 38.6037729671771 ], [ -122.134916047394995, 38.603965796564403 ], [ -122.134929953530005, 38.604009864169399 ], [ -122.134964591851002, 38.604224554659801 ], [ -122.134859567202, 38.604262791554 ], [ -122.134880339979006, 38.604389402674002 ], [ -122.134753688109001, 38.604774243320399 ], [ -122.134900265482997, 38.605005760850801 ], [ -122.134948801510006, 38.605270035062297 ], [ -122.135200212273006, 38.605556872151602 ], [ -122.135179217056006, 38.605562321774798 ], [ -122.135227880485999, 38.605749545907699 ], [ -122.135311533063003, 38.605953373859599 ], [ -122.135479024714002, 38.606212480081602 ], [ -122.135737180289993, 38.606675416302899 ], [ -122.135883551820996, 38.607011487490702 ], [ -122.136009333608996, 38.607132907691003 ], [ -122.136030250321994, 38.607176977739599 ], [ -122.136051196436, 38.607204549881899 ], [ -122.136204916802001, 38.607342545724897 ], [ -122.136267744234004, 38.607430761047603 ], [ -122.136225655700002, 38.607491171511398 ], [ -122.136477197076005, 38.607728494052203 ], [ -122.136623740093, 38.607987523300601 ], [ -122.136693492700005, 38.608125285987001 ], [ -122.136826102556, 38.608334764846802 ], [ -122.136972631551998, 38.608582794790301 ], [ -122.136972584511, 38.6086103078081 ], [ -122.137049356790001, 38.608742573799503 ], [ -122.137154004493993, 38.6089299605839 ], [ -122.137150506759994, 38.608932700706802 ], [ -122.137223871950994, 38.609001696209504 ], [ -122.137363642924001, 38.609123137102799 ], [ -122.137440407591995, 38.609260918048399 ], [ -122.137566067899002, 38.609437346410203 ], [ -122.137572974912999, 38.609497892847898 ], [ -122.137656836911006, 38.609564167554602 ], [ -122.137796526320002, 38.609735135858003 ], [ -122.137901260776005, 38.609872994027803 ], [ -122.138110968307004, 38.6100276401557 ], [ -122.138236873245006, 38.610061000098 ], [ -122.138432745577006, 38.610127583741999 ], [ -122.138824762366994, 38.610079135335098 ], [ -122.139027730462999, 38.610074194686298 ], [ -122.139356732506997, 38.610025570553297 ], [ -122.139419776886996, 38.609987231487302 ], [ -122.139622790697004, 38.609954775877199 ], [ -122.139671768005996, 38.609965909396003 ], [ -122.139825694275999, 38.6099938456383 ], [ -122.140021623139006, 38.610021896669799 ], [ -122.140091603623006, 38.610027588511102 ], [ -122.140315483028004, 38.6100722301288 ], [ -122.140420358830994, 38.610127545165298 ], [ -122.140301134514999, 38.610292301660799 ], [ -122.140307945190997, 38.610391359894599 ], [ -122.140430160015995, 38.610545778958297 ], [ -122.140517523628006, 38.610628558731797 ], [ -122.140594423118003, 38.6106892966286 ], [ -122.140727240204001, 38.610783200118 ], [ -122.140943958879006, 38.610921361763701 ], [ -122.141118672944998, 38.611081422398698 ], [ -122.141195501023006, 38.611175172835601 ], [ -122.141363260513003, 38.611302200800203 ], [ -122.141537949498002, 38.6114787596022 ], [ -122.141719459632, 38.611759892383297 ], [ -122.141977857314004, 38.612101760972401 ], [ -122.142152270994998, 38.612448915763501 ], [ -122.142236167484995, 38.612498673032903 ], [ -122.142368925946002, 38.612642102548897 ], [ -122.142571544301006, 38.6128572481094 ], [ -122.142697320902997, 38.6129841600481 ], [ -122.142802042037005, 38.613149527669599 ], [ -122.142885682, 38.613358849150003 ], [ -122.142976276922994, 38.613601220780303 ], [ -122.143017856851998, 38.613854457155 ], [ -122.143059623441005, 38.614003137725902 ], [ -122.143080164764996, 38.614283831037802 ], [ -122.143135721766001, 38.614553620037597 ], [ -122.143218865226999, 38.615082107537397 ], [ -122.143309401937003, 38.615362989907702 ], [ -122.143316386370003, 38.6153685081823 ], [ -122.143414163778004, 38.6154953440711 ], [ -122.143497718442006, 38.615770708020797 ], [ -122.143532476977001, 38.615919370070301 ], [ -122.143637055206, 38.616178276664598 ], [ -122.143734923164004, 38.616250084449199 ], [ -122.143783790200004, 38.616332758172 ], [ -122.143783749408001, 38.6163575135798 ], [ -122.143979528147995, 38.616476356291599 ], [ -122.144210228727005, 38.616653062144003 ], [ -122.144342956542005, 38.616813004415299 ], [ -122.144629705423, 38.616956848348003 ], [ -122.144692620252997, 38.617012046142101 ], [ -122.144804503282003, 38.6170783914826 ], [ -122.144937075130997, 38.617337371813001 ], [ -122.144978811599998, 38.617497067715902 ], [ -122.145069341647996, 38.617788948489299 ], [ -122.145159985180996, 38.618009302563301 ], [ -122.145383291984004, 38.618444625442898 ], [ -122.145523026098004, 38.618599069390001 ], [ -122.145582406797004, 38.618668014106298 ], [ -122.145753685469998, 38.618808802186201 ], [ -122.146012257568998, 38.619068120864803 ], [ -122.14617291335, 38.619283163458498 ], [ -122.146312564685999, 38.619503632251302 ], [ -122.146466245813997, 38.619696642250503 ], [ -122.146563915236996, 38.619900516400698 ], [ -122.146633716241993, 38.620027257036298 ], [ -122.146745664307005, 38.620055071470603 ], [ -122.146927432837998, 38.6201986273541 ], [ -122.147382188880002, 38.620342914322002 ], [ -122.147640960299995, 38.620492191697799 ], [ -122.147822654147006, 38.620685274101497 ], [ -122.148130132142001, 38.621005245132999 ], [ -122.148241820280006, 38.621214654784602 ], [ -122.148332436426003, 38.621462504047997 ], [ -122.148451211586007, 38.621600390552999 ], [ -122.148660892603004, 38.621810060663002 ], [ -122.148842584530996, 38.6220086413581 ], [ -122.149038271492998, 38.622201758829398 ], [ -122.149178122790005, 38.622301170502901 ], [ -122.149352883232993, 38.622461219562901 ], [ -122.149513497300006, 38.622703770533903 ], [ -122.149611120388002, 38.622957153782103 ], [ -122.149575407447003, 38.623424793129097 ], [ -122.149512071328999, 38.6236392182904 ], [ -122.149483912663001, 38.623749198344903 ], [ -122.149322480327996, 38.624029406260298 ], [ -122.149189292008998, 38.624155621243098 ], [ -122.149182188330002, 38.624216130063999 ], [ -122.149118833246007, 38.624452586110998 ], [ -122.149020746928002, 38.6245128516425 ], [ -122.148971597634002, 38.624606260705697 ], [ -122.148922338114005, 38.624771211678997 ], [ -122.148943133844995, 38.624903337214498 ], [ -122.151721895319, 38.624847308126398 ], [ -122.151799484668004, 38.624712817318603 ], [ -122.151890657682998, 38.624597502854897 ], [ -122.152058926780995, 38.6244163497445 ], [ -122.152248234130994, 38.6242187537582 ], [ -122.152451575621996, 38.623988180199802 ], [ -122.152781008450006, 38.623697395328797 ], [ -122.153208341422001, 38.623467410385203 ], [ -122.153544632392993, 38.623275696945399 ], [ -122.154048915591005, 38.623073424332901 ], [ -122.154448050845005, 38.6229809127667 ], [ -122.154875079163006, 38.622954516158998 ], [ -122.155253143281996, 38.622911491150099 ], [ -122.155568151303001, 38.622901297589102 ], [ -122.155799202392998, 38.6228688868324 ], [ -122.155911339943998, 38.6227701397545 ], [ -122.156086558194005, 38.622622011287199 ], [ -122.156324781321999, 38.622463065334301 ], [ -122.156500059821994, 38.622270924428598 ], [ -122.156850659525006, 38.621842614712598 ], [ -122.156990816109001, 38.6217219245774 ], [ -122.157029439959999, 38.621631226300401 ], [ -122.157215259270998, 38.621414356094803 ], [ -122.157425414703994, 38.621293846983399 ], [ -122.157677611306994, 38.621151414946503 ], [ -122.157971830335001, 38.620987111084602 ], [ -122.158147146931995, 38.620761938546501 ], [ -122.158273513802996, 38.620498143312901 ], [ -122.158399771817997, 38.6203113717715 ], [ -122.158631071814995, 38.620080860772703 ], [ -122.159065634905005, 38.6196637759043 ], [ -122.159156698250001, 38.619614482439502 ], [ -122.159317860925995, 38.619493843487902 ], [ -122.159394982381002, 38.619400486104503 ], [ -122.159528082682002, 38.619318303620702 ], [ -122.159612100396998, 38.619307504316801 ], [ -122.159780048119998, 38.619335449704103 ], [ -122.159961893602002, 38.619440473219498 ], [ -122.160311679808004, 38.619578940066297 ], [ -122.160465620373003, 38.619623347660401 ], [ -122.160892881688994, 38.6194098484577 ], [ -122.161180101035001, 38.619240002106203 ], [ -122.161467229690004, 38.619136180879003 ], [ -122.162034504402001, 38.618906521265103 ], [ -122.162349618367003, 38.618802769506303 ], [ -122.162622814163996, 38.618643882245102 ], [ -122.162867958587995, 38.6185179367302 ], [ -122.163183116881001, 38.6183921848747 ], [ -122.163344218120997, 38.618310053139403 ], [ -122.163694378437, 38.618167874276701 ], [ -122.163708363648993, 38.618167909467097 ], [ -122.163827414105995, 38.618129682455098 ], [ -122.164205447238004, 38.618086629124399 ], [ -122.164492347025998, 38.6181368832396 ], [ -122.164632291461999, 38.618175749425497 ], [ -122.164877130554999, 38.618291923215203 ], [ -122.164905033303995, 38.618358037141597 ], [ -122.165100850106995, 38.618490584416499 ], [ -122.165310660895997, 38.618617683571102 ], [ -122.165429489282999, 38.618750052750798 ], [ -122.165520361307003, 38.618843821982999 ], [ -122.165730024501002, 38.619086475056797 ], [ -122.165834886525005, 38.619191277861603 ], [ -122.165925799963006, 38.619252041965503 ], [ -122.165932734327995, 38.619312594796398 ], [ -122.166128567564002, 38.6194231425509 ], [ -122.166331433134005, 38.619517193718004 ], [ -122.166576216175997, 38.619682890949001 ], [ -122.166652763437, 38.6200297469464 ], [ -122.166708279637007, 38.620404079460201 ], [ -122.166770812554006, 38.620772913663401 ], [ -122.166798435988994, 38.621059119560996 ], [ -122.166903168331999, 38.621268493382402 ], [ -122.166875091221996, 38.621323450758197 ], [ -122.166790878472, 38.621499320796801 ], [ -122.166790377688997, 38.621890011048599 ], [ -122.166727242527998, 38.621988908975098 ], [ -122.166657142511994, 38.622065757865897 ], [ -122.166516697595995, 38.622423083349503 ], [ -122.166481653961995, 38.622456008736798 ], [ -122.166467522529004, 38.6225550288747 ], [ -122.166446377385995, 38.622670529931 ], [ -122.166383080938999, 38.622906996327799 ], [ -122.166515805480003, 38.6231164239748 ], [ -122.166508717756997, 38.623176932956497 ], [ -122.166627442486003, 38.623397341638899 ], [ -122.166606388589997, 38.623441316989101 ], [ -122.166627103221998, 38.623661479202198 ], [ -122.166591564960996, 38.6240795949439 ], [ -122.166584535577996, 38.624107090989803 ], [ -122.166577241891005, 38.624327182669603 ], [ -122.166535069931001, 38.624464628844599 ], [ -122.166520874707004, 38.6246131769133 ], [ -122.166520825706002, 38.624651689727798 ], [ -122.166499657732999, 38.624783705803402 ], [ -122.166463953283994, 38.624917751731502 ], [ -122.166448482774996, 38.6249712332516 ], [ -122.166496564854, 38.625048657205099 ], [ -122.166600754715006, 38.625126471627503 ], [ -122.166739997207003, 38.6252045291995 ], [ -122.166969924358995, 38.625321765966099 ], [ -122.167073969824997, 38.6254105907623 ], [ -122.167239549247, 38.625620981878498 ], [ -122.167293841957004, 38.625759016044199 ], [ -122.167313210174001, 38.625885794547102 ], [ -122.167374364620997, 38.626034887912397 ], [ -122.167456212394995, 38.626211657088199 ], [ -122.167536753427996, 38.626487530616302 ], [ -122.167569499948996, 38.626663956300099 ], [ -122.167616478528004, 38.626823964414903 ], [ -122.167649952667006, 38.626945335169601 ], [ -122.167675547694998, 38.627132724103703 ], [ -122.167688054248998, 38.6272484406202 ], [ -122.167715011217993, 38.6273312233631 ], [ -122.167763024230993, 38.627414150382599 ], [ -122.167769451352001, 38.627458243795203 ], [ -122.167724543892007, 38.6276726729877 ], [ -122.167680433149997, 38.627826540060497 ], [ -122.167679489791993, 38.627898112963102 ], [ -122.167699222894001, 38.6279973634906 ], [ -122.167655911199006, 38.628090665746001 ], [ -122.167725091631993, 38.628162730832102 ], [ -122.167752356630004, 38.628223488335202 ], [ -122.167772886833006, 38.628262174946897 ], [ -122.167807522372001, 38.628295452945402 ], [ -122.167911282855002, 38.628406301283697 ], [ -122.167994440089004, 38.628483967460298 ], [ -122.168104628571996, 38.628638909022797 ], [ -122.168333553199005, 38.628833222275397 ], [ -122.168465869863994, 38.628905723987103 ], [ -122.168499418398994, 38.629021588187598 ], [ -122.168628199024994, 38.629363868717299 ], [ -122.168613297354995, 38.629429841332502 ], [ -122.168583275719996, 38.629578298254103 ], [ -122.168662809411003, 38.629931249274499 ], [ -122.168578490228001, 38.629941674488101 ], [ -122.168443125446004, 38.630100412324303 ], [ -122.168392789148996, 38.630193665602398 ], [ -122.168251052854998, 38.630302803560703 ], [ -122.168080904755001, 38.6304392721064 ], [ -122.167918418184001, 38.630526239302803 ], [ -122.167720930949997, 38.630607455258598 ], [ -122.167601176006002, 38.630645162934997 ], [ -122.167481510222999, 38.630677367766701 ], [ -122.167278305313005, 38.630659431969498 ], [ -122.167110043581999, 38.630652751499497 ], [ -122.166815308916, 38.6306617066925 ], [ -122.166731060710006, 38.630666625163101 ], [ -122.166287924360006, 38.630757134982701 ], [ -122.166083571821005, 38.630827287048803 ], [ -122.166072681367993, 38.630854744447802 ], [ -122.165723228098997, 38.631022992785198 ], [ -122.165637815053998, 38.631116000436002 ], [ -122.165615247561007, 38.631231476309402 ], [ -122.165402050582003, 38.631439219011099 ], [ -122.165329813086004, 38.6315983963731 ], [ -122.165073935473998, 38.631849889467702 ], [ -122.164904870602001, 38.631903768772403 ], [ -122.164722573312005, 38.631896986791602 ], [ -122.164231068123001, 38.631932089236997 ], [ -122.163816422804999, 38.631989757067302 ], [ -122.163584729006999, 38.6320046516975 ], [ -122.163310719383006, 38.632035768252301 ], [ -122.163078751829005, 38.6320726852327 ], [ -122.162924064910001, 38.632099130250197 ], [ -122.162734086436998, 38.632141846828198 ], [ -122.162585767234006, 38.632217893153999 ], [ -122.162458487902995, 38.632294086362698 ], [ -122.162316737200996, 38.6324032179554 ], [ -122.162132760611996, 38.632523062307598 ], [ -122.161892012850998, 38.632692062184098 ], [ -122.161568181033999, 38.632777886347903 ], [ -122.160908238489, 38.632817301252103 ], [ -122.160725062566001, 38.632876581322002 ], [ -122.160533764844004, 38.633018395898802 ], [ -122.160391734260003, 38.633149543985397 ], [ -122.160142784502995, 38.633406585808899 ], [ -122.160092435015002, 38.633499836370703 ], [ -122.159992483828006, 38.633631284364903 ], [ -122.159934759929996, 38.633752013848301 ], [ -122.159933150361994, 38.633873137921398 ], [ -122.159895734684994, 38.6340490751587 ], [ -122.159823245913998, 38.634224761674098 ], [ -122.159842968676003, 38.634324011717801 ], [ -122.159692153058998, 38.634587249435 ], [ -122.159577362261004, 38.634779156818801 ], [ -122.159406145209005, 38.634992694441799 ], [ -122.159079443693003, 38.635293235498501 ], [ -122.159077027107003, 38.635474921580297 ], [ -122.159151911864996, 38.635646139558801 ], [ -122.159185594988003, 38.635750998345003 ], [ -122.159421616822002, 38.635939869968098 ], [ -122.159599823530996, 38.6362549803356 ], [ -122.159674857989003, 38.636415187183097 ], [ -122.159881791851006, 38.636680943220398 ], [ -122.159978820125005, 38.636769724588902 ], [ -122.160026976916996, 38.636841644000199 ], [ -122.160116631283003, 38.636957907846202 ], [ -122.160248531592998, 38.637063453063 ], [ -122.160316909892003, 38.637196081877498 ], [ -122.160455673493999, 38.637312687405398 ], [ -122.160629439451, 38.637435049535803 ], [ -122.160781506451002, 38.637606808971903 ], [ -122.160983176995003, 38.637740374861302 ], [ -122.161129024274004, 38.637851527511302 ], [ -122.161337357391005, 38.638012669439703 ], [ -122.161377614035999, 38.6381506060413 ], [ -122.161459824640005, 38.638299854212903 ], [ -122.161548607184002, 38.638482180771703 ], [ -122.161623940721995, 38.6386203638667 ], [ -122.161761686147997, 38.638814050549698 ], [ -122.162010938891996, 38.639063581866402 ], [ -122.162093882397997, 38.639157769333799 ], [ -122.162245956603002, 38.639329526837102 ], [ -122.162524577536004, 38.639480152192398 ], [ -122.162864592082002, 38.639763351839598 ], [ -122.163150677953993, 38.639880991102402 ], [ -122.163255031768003, 38.639947795902302 ], [ -122.163415212204001, 38.640037016923898 ], [ -122.163554861701002, 38.640087551285397 ], [ -122.163649193989997, 38.6401157418412 ], [ -122.163932000719996, 38.640216834599201 ], [ -122.164112059952004, 38.640394296790298 ], [ -122.164207584492999, 38.640598693289803 ], [ -122.164206273597998, 38.640697794909798 ], [ -122.164218250017996, 38.640852054942101 ], [ -122.164228787057993, 38.641116423753701 ], [ -122.164224270155998, 38.641457778077402 ], [ -122.164340767103994, 38.641667831106403 ], [ -122.164422916806004, 38.641822578044597 ], [ -122.164463618813002, 38.641927480282 ], [ -122.164455808420996, 38.641987997326197 ], [ -122.164371109382998, 38.6420259473513 ], [ -122.164186746363001, 38.642173322801099 ], [ -122.164108910555996, 38.642222332950901 ], [ -122.163981469164995, 38.6423095385952 ], [ -122.163741275028002, 38.642434502700503 ], [ -122.163331972487001, 38.642613337012598 ], [ -122.163127365837994, 38.642700000916399 ], [ -122.162915732010006, 38.642786615780302 ], [ -122.162746201534006, 38.642873529683897 ], [ -122.162464411160997, 38.642959651251999 ], [ -122.162217569641001, 38.6430570292871 ], [ -122.161984599140993, 38.643165516905299 ], [ -122.161885642537996, 38.643219888301097 ], [ -122.161695578516003, 38.643268108527501 ], [ -122.161463044021005, 38.643343561837497 ], [ -122.161342314438997, 38.643452835839199 ], [ -122.161151883203999, 38.643528583940999 ], [ -122.160876731523999, 38.643642283726599 ], [ -122.160763611449994, 38.6437075618854 ], [ -122.160551825401996, 38.6438051832138 ], [ -122.160375061053998, 38.643908556470997 ], [ -122.160327470408006, 38.644056892216298 ], [ -122.160462603116002, 38.644184484501999 ], [ -122.160545534451003, 38.644278672181002 ], [ -122.160669253717003, 38.644472261548401 ], [ -122.160772807737999, 38.644599631490898 ], [ -122.160876215821006, 38.644738012125103 ], [ -122.161013459616996, 38.644970239201001 ], [ -122.161200475643, 38.645153256469598 ], [ -122.161220497003001, 38.645230483766099 ], [ -122.161302333185006, 38.645407259896501 ], [ -122.161299921921994, 38.645588945956597 ], [ -122.161318204731003, 38.645798311641499 ], [ -122.161412689990996, 38.646079789521899 ], [ -122.161410205308997, 38.646266985477098 ], [ -122.161441630913004, 38.646542517937299 ], [ -122.161465608244995, 38.646851030346603 ], [ -122.161315486093997, 38.647059213452501 ], [ -122.161395808134998, 38.647351603614702 ], [ -122.161490530604993, 38.647616568819998 ], [ -122.161787523507002, 38.647971052564898 ], [ -122.161972139762, 38.648335758220803 ], [ -122.162222740334997, 38.648486182922397 ], [ -122.162518808917994, 38.648912238460902 ], [ -122.162683829274997, 38.649166682676203 ], [ -122.162841840696998, 38.649421073442397 ], [ -122.163152535950005, 38.6498031806969 ], [ -122.163379983376004, 38.650113123139199 ], [ -122.163517301978999, 38.650339841831297 ], [ -122.163801099826003, 38.650633655612403 ], [ -122.163834649864, 38.650749523774898 ], [ -122.163943276669997, 38.6510255922935 ], [ -122.163991211680994, 38.651114026220597 ], [ -122.164060427994997, 38.651186095211301 ], [ -122.164086897225999, 38.651307415550797 ], [ -122.164092886760997, 38.6513845432886 ], [ -122.164195508635999, 38.651583487454602 ], [ -122.164205682089005, 38.651875384024798 ], [ -122.16430706749, 38.652167924270103 ], [ -122.164299531332006, 38.6522064143251 ], [ -122.164318771699001, 38.6523442021672 ], [ -122.164413860600007, 38.652581636185602 ], [ -122.164497260301999, 38.652642787723799 ], [ -122.164468676837004, 38.652681131088002 ], [ -122.164551276785005, 38.652802848213398 ], [ -122.164746133820998, 38.652925347182602 ], [ -122.164843262551997, 38.653008618128901 ], [ -122.165044783585003, 38.653158693924603 ], [ -122.165072257714996, 38.653202934945199 ], [ -122.165093118835003, 38.653216846378598 ], [ -122.165215958226995, 38.653479251387502 ], [ -122.165137181763001, 38.653599835896699 ], [ -122.165223371040994, 38.6539803662968 ], [ -122.165213958924994, 38.654162008317101 ], [ -122.165310435083995, 38.654294830107297 ], [ -122.165489004958005, 38.654587907819597 ], [ -122.165660566797996, 38.654880932210602 ], [ -122.165743314609998, 38.654991637692198 ], [ -122.165992928945997, 38.655219133307199 ], [ -122.166626562044996, 38.655592472935801 ], [ -122.167080328942006, 38.655771840204402 ], [ -122.167457193510998, 38.655928639835899 ], [ -122.167639116689003, 38.655968451674802 ], [ -122.167834423450003, 38.656057911268498 ], [ -122.16798082663, 38.656130511148604 ], [ -122.167987417803005, 38.656163598193999 ], [ -122.168182581482995, 38.656264067987301 ], [ -122.168483271420996, 38.656343248509998 ], [ -122.168741956587994, 38.656416629179098 ], [ -122.168804807206001, 38.656439091235498 ], [ -122.168839747120998, 38.656450346409798 ], [ -122.169042735833997, 38.656490301931498 ], [ -122.169224589386005, 38.656535616675001 ], [ -122.169469294150005, 38.656603396432402 ], [ -122.170013856536997, 38.656816416017797 ], [ -122.170180442756006, 38.656955227162001 ], [ -122.170522091373002, 38.657122789035597 ], [ -122.170709887773, 38.657250734206698 ], [ -122.170820777642007, 38.657356120852199 ], [ -122.170827723602002, 38.657361674461299 ], [ -122.171097840339996, 38.657633354968198 ], [ -122.171468074976005, 38.657762565455698 ], [ -122.171594233904997, 38.657774452366802 ], [ -122.171846406103995, 38.657809238373503 ], [ -122.172168170494999, 38.657888559175603 ], [ -122.172349451363004, 38.6579779139878 ], [ -122.172971503396994, 38.658169431017001 ], [ -122.173132170279004, 38.658225605257996 ], [ -122.173425213816998, 38.658354278845998 ], [ -122.173633489170996, 38.658526410231502 ], [ -122.173954971301001, 38.658627744054897 ], [ -122.174059506998006, 38.658683529179903 ], [ -122.174261406354006, 38.658806063753502 ], [ -122.174366448, 38.658823308113902 ], [ -122.174520954536007, 38.6588133640671 ], [ -122.174767923724005, 38.658710453560097 ], [ -122.175255696381996, 38.658438511949001 ], [ -122.175376070355995, 38.658356750510102 ], [ -122.175573985341003, 38.658247989194301 ], [ -122.175862470680002, 38.658189412516599 ], [ -122.176234066659006, 38.658214000721202 ], [ -122.176527564729, 38.658309632243103 ], [ -122.176877322994997, 38.658394635059402 ], [ -122.177158006442994, 38.658396568493501 ], [ -122.177221006417994, 38.658408015182999 ], [ -122.177424796752007, 38.658387393921203 ], [ -122.177952209943001, 38.658302921359301 ], [ -122.178164158900003, 38.658194257487096 ], [ -122.178313161345002, 38.658068640891301 ], [ -122.178461804801998, 38.657970552906598 ], [ -122.178588898062998, 38.657910859295399 ], [ -122.178750932127002, 38.657862414128601 ], [ -122.178961515519006, 38.657858355012799 ], [ -122.179213906285, 38.657876607886799 ], [ -122.179508107, 38.657917176077497 ], [ -122.179767454019, 38.6579409808203 ], [ -122.179949962753, 38.657936728319001 ], [ -122.180246741928002, 38.657779083069101 ], [ -122.180310833481002, 38.657707942524098 ], [ -122.180396187013997, 38.657620429554399 ], [ -122.180481667555995, 38.657521905742897 ], [ -122.180560153032999, 38.657423329703299 ], [ -122.180653017704998, 38.657297325464903 ], [ -122.180674351858997, 38.6572754476217 ], [ -122.180801799582994, 38.657188222771097 ], [ -122.180865013363999, 38.657183150374003 ], [ -122.180934364931005, 38.657246945300699 ], [ -122.181087842948003, 38.657316824863102 ], [ -122.181387708776995, 38.657462039406603 ], [ -122.181498759071005, 38.657556408631002 ], [ -122.181644963991999, 38.6576455083543 ], [ -122.181867796486003, 38.657779181341297 ], [ -122.182069992812004, 38.657879676202 ], [ -122.182223299406004, 38.657963321812097 ], [ -122.182502821287997, 38.6580533332775 ], [ -122.182642090716001, 38.658136877916398 ], [ -122.182676889535998, 38.658159140627099 ], [ -122.182899708337999, 38.658292811654398 ], [ -122.183003964727007, 38.6583706148297 ], [ -122.183136224354996, 38.658454110485202 ], [ -122.183177534959995, 38.658514960148402 ], [ -122.183337068908003, 38.658659210295802 ], [ -122.183692936463004, 38.658815818335199 ], [ -122.183720297633002, 38.658871066606203 ], [ -122.183921786949, 38.659026614066697 ], [ -122.184304647090002, 38.659265996385002 ], [ -122.184430168115995, 38.6593274206611 ], [ -122.184520977353003, 38.659361077225199 ], [ -122.184593604599002, 38.6594414094494 ], [ -122.184980880764996, 38.659611994752296 ], [ -122.185141133753007, 38.659701185665902 ], [ -122.185489715402994, 38.6598797588344 ], [ -122.185565616237994, 38.659979385709001 ], [ -122.185547232573001, 38.660315138750299 ], [ -122.185642917147007, 38.660514016508998 ], [ -122.185934711629997, 38.6607417557302 ], [ -122.186331340389003, 38.661003249351197 ], [ -122.186429234542999, 38.6610314463002 ], [ -122.186861451742999, 38.661254633015197 ], [ -122.187147380099006, 38.661394235443801 ], [ -122.187509799867001, 38.661589414988597 ], [ -122.187760288262993, 38.661756305096297 ], [ -122.187981564175999, 38.6620110906549 ], [ -122.188057684553002, 38.662094199671103 ], [ -122.188245453923003, 38.662227627210797 ], [ -122.188425203058998, 38.6624380802863 ], [ -122.188752030882, 38.662671560751498 ], [ -122.189071140606003, 38.662960044526699 ], [ -122.189328523092001, 38.663137991843598 ], [ -122.189481902656993, 38.6632161170511 ], [ -122.189795921007004, 38.663355899461003 ], [ -122.190019140689003, 38.6634620333162 ], [ -122.190158482602001, 38.663540063526497 ], [ -122.190416224906002, 38.663690474183902 ], [ -122.190519717125994, 38.663828832755101 ], [ -122.190608817888005, 38.663994619730801 ], [ -122.190684573583994, 38.664105253171897 ], [ -122.19077312313, 38.664315092255798 ], [ -122.190861162822003, 38.664563463734403 ], [ -122.190913972223996, 38.664822613670403 ], [ -122.191002721491998, 38.665015928268403 ], [ -122.191160869176997, 38.665270284744203 ], [ -122.191200932870004, 38.6654302333232 ], [ -122.191255514247004, 38.6655517416254 ], [ -122.191386577480003, 38.665728824280698 ], [ -122.191581657597993, 38.665840266342897 ], [ -122.191706701520999, 38.665940226872799 ], [ -122.191915963876994, 38.666040751452698 ], [ -122.192124377702996, 38.666207344141199 ], [ -122.192123882955997, 38.666245883790502 ], [ -122.192185760195997, 38.666345416059201 ], [ -122.192198384769995, 38.666455624340799 ], [ -122.192218515890005, 38.666527339901599 ], [ -122.192259289017997, 38.666632231336301 ], [ -122.192278218107006, 38.6667975478111 ], [ -122.192302408642007, 38.6668252341262 ], [ -122.192374408703003, 38.666957879432402 ], [ -122.192520577495998, 38.667052466298998 ], [ -122.192807033432999, 38.667153511478901 ], [ -122.193147883096003, 38.667392579541698 ], [ -122.193559674453994, 38.667571554656497 ], [ -122.193796794378002, 38.667688786631601 ], [ -122.194005781203998, 38.667811329963797 ], [ -122.194292738195003, 38.667873836314797 ], [ -122.194509231827993, 38.667957882283702 ], [ -122.194654558731997, 38.668118543061503 ], [ -122.194883259321003, 38.6683458386917 ], [ -122.195153853435997, 38.668589930562803 ], [ -122.195229847023995, 38.668684050166803 ], [ -122.195288204646005, 38.668786301064003 ], [ -122.195514482638004, 38.668928234662197 ], [ -122.195792812933007, 38.669117315856099 ], [ -122.196147915808993, 38.669339948677099 ], [ -122.196584779125004, 38.669755847622802 ], [ -122.196827444464006, 38.669988743546298 ], [ -122.197077209425004, 38.670216168449002 ], [ -122.197228942259997, 38.670426427576601 ], [ -122.197290549940007, 38.670547976032502 ], [ -122.197374209388997, 38.670592586733001 ], [ -122.197554148435003, 38.670792014751299 ], [ -122.197657173032994, 38.670968902064701 ], [ -122.197725176706001, 38.671140051848802 ], [ -122.197842102238994, 38.671328044780601 ], [ -122.197951789637003, 38.671532510867202 ], [ -122.197907225373001, 38.671724930637502 ], [ -122.197987145664996, 38.672061344712198 ], [ -122.198005387505006, 38.672281711595403 ], [ -122.197996548153995, 38.672424811952197 ], [ -122.198036473371999, 38.672595773467599 ], [ -122.198195296224, 38.672800560765701 ], [ -122.198512943565007, 38.673210150921101 ], [ -122.198693821313995, 38.673338008604098 ], [ -122.198825268022006, 38.673487550334997 ], [ -122.199004094691006, 38.673775075233699 ], [ -122.199176962980999, 38.673979954188397 ], [ -122.199224362904005, 38.674115176177203 ], [ -122.199369270725001, 38.674311617485003 ], [ -122.199584246864006, 38.674516787365903 ], [ -122.199779223516998, 38.674639227305903 ], [ -122.200098641395002, 38.674911167938099 ], [ -122.200305488870995, 38.675204371164703 ], [ -122.200429789492006, 38.675364883548902 ], [ -122.200616549795996, 38.675580874839198 ], [ -122.200713068656995, 38.675719168797599 ], [ -122.200823751274001, 38.675846553688103 ], [ -122.201024204630997, 38.676090162354903 ], [ -122.201293167741994, 38.676466382251803 ], [ -122.201403799158001, 38.676599268361301 ], [ -122.201500233079003, 38.6767430716029 ], [ -122.201617597991998, 38.6768980264155 ], [ -122.201851822562006, 38.677246478985303 ], [ -122.202065275785998, 38.677572767757702 ], [ -122.202140955904994, 38.677694408008399 ], [ -122.202146288885004, 38.677826589584697 ], [ -122.202110563814003, 38.677875911179001 ], [ -122.201919437141996, 38.678001281182098 ], [ -122.201922388075005, 38.678045343570503 ], [ -122.201790577541004, 38.678198640968098 ], [ -122.201578622352997, 38.678307348813902 ], [ -122.201507452203003, 38.6783839591888 ], [ -122.201336747042006, 38.678559015088403 ], [ -122.201326652521999, 38.678801225636001 ], [ -122.201324832067996, 38.678944372580901 ], [ -122.201260252501001, 38.6790540634398 ], [ -122.201174916159005, 38.679141591656901 ], [ -122.201083039306994, 38.679190537386603 ], [ -122.201026469498004, 38.679223196050799 ], [ -122.200906579797007, 38.679266444385497 ], [ -122.200660068481, 38.679330869923703 ], [ -122.200596625531006, 38.679352471140902 ], [ -122.200385350347005, 38.679406120037598 ], [ -122.200152808452003, 38.679476140049303 ], [ -122.199920477223998, 38.679529655980801 ], [ -122.199680783291996, 38.6796106402942 ], [ -122.199535907796005, 38.679962070463802 ], [ -122.199455615584995, 38.680203802525398 ], [ -122.199426128873995, 38.680313727461503 ], [ -122.199344922517, 38.680627036949701 ], [ -122.199270378124993, 38.6809679172137 ], [ -122.199276336295995, 38.681050546633401 ], [ -122.198868384470003, 38.681664514935903 ], [ -122.198832023451004, 38.681763381469999 ], [ -122.198702868569001, 38.681982760314099 ], [ -122.198645311644995, 38.682092497111 ], [ -122.198559458698, 38.682218567573599 ], [ -122.198523027247006, 38.682322934909401 ], [ -122.198473342664997, 38.682366650558002 ], [ -122.198330563368998, 38.682552910673799 ], [ -122.198361937480001, 38.682844949774498 ], [ -122.198289353329997, 38.683031670788203 ], [ -122.198271165441994, 38.683356413769097 ], [ -122.198282607885005, 38.683560213202298 ], [ -122.198260217305005, 38.683664683458296 ], [ -122.198327813907994, 38.683868867020202 ], [ -122.198535153131999, 38.684123538170098 ], [ -122.198827382690993, 38.684329226631903 ], [ -122.199084991136004, 38.684496135013099 ], [ -122.199172241959999, 38.684810572023203 ], [ -122.199244976379006, 38.685163450190899 ], [ -122.199308084042002, 38.685719995375003 ], [ -122.199537611612996, 38.685886723091798 ], [ -122.199537331935005, 38.685908745615698 ], [ -122.199591679644001, 38.686052268765899 ], [ -122.199619467570002, 38.686074479002798 ], [ -122.199711211126996, 38.686311857283002 ], [ -122.199851608198003, 38.686588104844297 ], [ -122.200094147724002, 38.686837506325404 ], [ -122.200457066439995, 38.687005116345603 ], [ -122.200790655687996, 38.687271638731097 ], [ -122.200828843809006, 38.687580245133802 ], [ -122.200658202865995, 38.687749790012099 ], [ -122.200565122946998, 38.687892336226497 ], [ -122.200505320974997, 38.6881782541193 ], [ -122.200482301541001, 38.688332271632603 ], [ -122.200550468844, 38.688492408801601 ], [ -122.200506025164998, 38.688673817725601 ], [ -122.200560359692005, 38.688817339530097 ], [ -122.200706110061006, 38.688950460994697 ], [ -122.201235552450001, 38.689273351590302 ], [ -122.201256050081994, 38.689317537568698 ], [ -122.201471233160007, 38.689511692056101 ], [ -122.201589162222007, 38.689622600874998 ], [ -122.201608049599997, 38.689793421046403 ], [ -122.201464931106997, 38.690007208348902 ], [ -122.201355565499995, 38.6903258327579 ], [ -122.201348114824, 38.690358819745697 ], [ -122.201591372959001, 38.690553162184401 ], [ -122.201653512481997, 38.690636164022898 ], [ -122.201897244796001, 38.690791969806803 ], [ -122.202056888949997, 38.690936193963502 ], [ -122.202139047963001, 38.691099168806097 ], [ -122.202422246523994, 38.691467217128199 ], [ -122.202566870072999, 38.691688434476703 ], [ -122.202691484409002, 38.6918269127681 ], [ -122.202976098223999, 38.692082099385701 ], [ -122.203226381009003, 38.692276475647098 ], [ -122.203615396857003, 38.692603931037297 ], [ -122.203866032052005, 38.692770781582603 ], [ -122.204200708301997, 38.692954714777201 ], [ -122.204451137188997, 38.693138085679998 ], [ -122.204653046843006, 38.693271574314402 ], [ -122.204875754770001, 38.693427225364601 ], [ -122.205188175445997, 38.693704615492699 ], [ -122.205410677176005, 38.6938767781295 ], [ -122.205675504534, 38.694032707976099 ], [ -122.205667776507994, 38.694087717766301 ], [ -122.205672367942995, 38.694280465728703 ], [ -122.205690567804993, 38.694506341972598 ], [ -122.205687570726994, 38.694743088904502 ], [ -122.205798083171004, 38.694886980639602 ], [ -122.205915905672995, 38.695008897612396 ], [ -122.206139161045002, 38.695120501193003 ], [ -122.206271725698997, 38.695187453173098 ], [ -122.206312101696994, 38.6953253782956 ], [ -122.206246208533997, 38.695539683560803 ], [ -122.206377503601999, 38.6957057381872 ], [ -122.206727150641001, 38.695818178675097 ], [ -122.207339616490003, 38.695690089849798 ], [ -122.207557741198997, 38.695652987848597 ], [ -122.207888746836005, 38.695572591291302 ], [ -122.208431000914004, 38.695444033362698 ], [ -122.208741015719994, 38.695357976724601 ], [ -122.208870224726994, 38.695318457550499 ], [ -122.208952472058002, 38.695293301824698 ], [ -122.209141410776994, 38.695344109650897 ], [ -122.209379412233005, 38.695400742879301 ], [ -122.209644323968007, 38.695551161842197 ], [ -122.209936407580003, 38.695773334835799 ], [ -122.210221201878994, 38.696017482887299 ], [ -122.210304691778006, 38.696078604931301 ], [ -122.210304492147998, 38.696092363548402 ], [ -122.210620127111, 38.696119224343498 ], [ -122.210761790755001, 38.696021048402102 ], [ -122.210989994941002, 38.695741737770597 ], [ -122.211112244798002, 38.6955112870167 ], [ -122.211092433648005, 38.695412045986103 ], [ -122.210968903696994, 38.695185477574697 ], [ -122.210941732123004, 38.695113723177201 ], [ -122.210824941556993, 38.694909222946897 ], [ -122.210805129826994, 38.694809982766998 ], [ -122.210757506129994, 38.6946885341629 ], [ -122.210745056443997, 38.694561807321101 ], [ -122.210860100296998, 38.694347823604602 ], [ -122.211131506512999, 38.693980699081699 ], [ -122.211569488953003, 38.6937688513948 ], [ -122.211776788351003, 38.693753691339602 ], [ -122.211836736948001, 38.693732064295503 ], [ -122.211942183747993, 38.693721746616298 ], [ -122.212272017504006, 38.693734929499598 ], [ -122.212300366207998, 38.6937130924941 ], [ -122.212476157222994, 38.693692224129798 ], [ -122.212904406974005, 38.693695041284698 ], [ -122.213037511460001, 38.693717940468801 ], [ -122.213247369057996, 38.693779892119103 ], [ -122.213387159253003, 38.693830360887397 ], [ -122.213701411941003, 38.6939645729395 ], [ -122.21411988653, 38.6941875735859 ], [ -122.214342945531001, 38.6943156740099 ], [ -122.214509723096, 38.6944544256461 ], [ -122.214718186062996, 38.694626486522701 ], [ -122.214913313370005, 38.694743390064197 ], [ -122.215059447209001, 38.694848969082699 ], [ -122.215526305346003, 38.695132844759399 ], [ -122.215798448859999, 38.695266774444598 ], [ -122.216086017557998, 38.695290681660097 ], [ -122.216577315996005, 38.6953049107588 ], [ -122.216829987978002, 38.695312065449698 ], [ -122.217111505405001, 38.695258846185197 ], [ -122.217497578712994, 38.6952668801935 ], [ -122.217792574320001, 38.695257796093898 ], [ -122.217821076782002, 38.695224945077399 ], [ -122.21794765317, 38.695209249933903 ], [ -122.218157598728993, 38.695262928760101 ], [ -122.218458360227999, 38.6953557434109 ], [ -122.218563052861001, 38.6954059855805 ], [ -122.218772714612996, 38.695484439865801 ], [ -122.219114799726, 38.695640841930398 ], [ -122.219240277500006, 38.695713243730403 ], [ -122.219470518646006, 38.695830368714901 ], [ -122.219693044324998, 38.6960025129667 ], [ -122.220110863382999, 38.696280548824298 ], [ -122.220262222732998, 38.696529304651698 ], [ -122.220330169063999, 38.696711452679999 ], [ -122.220440370576, 38.696882862927801 ], [ -122.220634073724, 38.697115380463501 ], [ -122.220826338704995, 38.6974635204093 ], [ -122.220985899023006, 38.697618729281899 ], [ -122.221158820466002, 38.697829086023503 ], [ -122.221367737807, 38.697968101486502 ], [ -122.221513596503996, 38.698095694049002 ], [ -122.221694288598997, 38.698245529265499 ], [ -122.221742822145004, 38.6982954038508 ], [ -122.221944164186993, 38.698478418284999 ], [ -122.222137876581002, 38.698710932387698 ], [ -122.222240728767005, 38.698909820161703 ], [ -122.222448489477003, 38.699142425738202 ], [ -122.22262188018, 38.699314244204203 ], [ -122.222774091958001, 38.699496937994098 ], [ -122.222731424212, 38.699540709981797 ], [ -122.222793058627005, 38.699664996072102 ], [ -122.222833802055007, 38.699778140535301 ], [ -122.222809236811997, 38.700058796892499 ], [ -122.222912435447995, 38.700230150668901 ], [ -122.222952385463003, 38.700406605132599 ], [ -122.222943507682004, 38.700555217133399 ], [ -122.222849362049999, 38.700785862382098 ], [ -122.222725704699997, 38.701131948178102 ], [ -122.222623226528, 38.701467159184403 ], [ -122.222557923159997, 38.701637428519902 ], [ -122.222477325754994, 38.701906707856097 ], [ -122.222431577752999, 38.7021982387243 ], [ -122.222428977685993, 38.7024074535057 ], [ -122.222370141854995, 38.702621813849603 ], [ -122.222369388226994, 38.702682371613797 ], [ -122.222388055083997, 38.7028752099352 ], [ -122.222435908888997, 38.702980141067201 ], [ -122.222442635538997, 38.7030022060557 ], [ -122.222377960822996, 38.7031229238113 ], [ -122.222404394546999, 38.703255241365099 ], [ -122.222303709117995, 38.703447304927003 ], [ -122.222231713357999, 38.703589996502998 ], [ -122.222102727942001, 38.703798390324103 ], [ -122.222059972067001, 38.703847672005097 ], [ -122.221989482164005, 38.703869238004401 ], [ -122.221875500495997, 38.704000644196 ], [ -122.221726203604007, 38.704148334551199 ], [ -122.221696330312994, 38.704291307403402 ], [ -122.221649961501001, 38.704632383946397 ], [ -122.221683905152005, 38.704726212479201 ], [ -122.221674630318006, 38.704907848689501 ], [ -122.221736104615005, 38.705045905579503 ], [ -122.221790836384997, 38.705161892939003 ], [ -122.221929491161006, 38.705305952420602 ], [ -122.221956216080997, 38.705416248371897 ], [ -122.222030983699, 38.705614953086197 ], [ -122.222072150017993, 38.705692305879602 ], [ -122.222274077666, 38.705831274522403 ], [ -122.222468699328999, 38.7059922194018 ], [ -122.222620976743002, 38.7061694025371 ], [ -122.222710478958007, 38.706313141914201 ], [ -122.222708563913997, 38.706467299810797 ], [ -122.222743194166995, 38.706506072082298 ], [ -122.222715774845, 38.706538570860303 ], [ -122.222947969466006, 38.706980924783799 ], [ -122.223029705597995, 38.707185184694602 ], [ -122.223139725172999, 38.707373105815101 ], [ -122.223284649972001, 38.707577775479002 ], [ -122.223282736140007, 38.707731934274697 ], [ -122.223357578866995, 38.707925137196902 ], [ -122.223627275438005, 38.708262761301597 ], [ -122.223675117415993, 38.708367682914599 ], [ -122.223716372159004, 38.708439534170502 ], [ -122.223715141683996, 38.708538635225104 ], [ -122.223641027159005, 38.7088520071703 ], [ -122.223668490253004, 38.708901744088301 ], [ -122.223815007300004, 38.708979778615699 ], [ -122.223814255985999, 38.709040337266003 ], [ -122.223792219939995, 38.709117279862703 ], [ -122.223720427097007, 38.709243458777003 ], [ -122.223599901997005, 38.709336285505401 ], [ -122.223483658646003, 38.7096493835936 ], [ -122.223685994323006, 38.709755306486699 ], [ -122.223776595746003, 38.7098109547942 ], [ -122.223985485572001, 38.709955466355602 ], [ -122.224083103595007, 38.710011160332002 ], [ -122.224161925169, 38.710165845987397 ], [ -122.224149090498003, 38.710352973790798 ], [ -122.224273849526, 38.710485927828699 ], [ -122.224166876499993, 38.7106173812154 ], [ -122.224044847409004, 38.710831332898501 ], [ -122.223984642654997, 38.711155806729003 ], [ -122.224016185088004, 38.711442327639297 ], [ -122.224126777736998, 38.7115862026371 ], [ -122.224109860338004, 38.711817358035397 ], [ -122.224157244948003, 38.711960822690301 ], [ -122.224112026778002, 38.712208308980998 ], [ -122.224247900498, 38.712578101071401 ], [ -122.224264252085007, 38.712958123018403 ], [ -122.224227979264001, 38.713051496435803 ], [ -122.224206298549007, 38.713668046891797 ], [ -122.224279852479995, 38.713965851988199 ], [ -122.224235538347003, 38.714141760696599 ], [ -122.224380343445006, 38.714357439735203 ], [ -122.224355182256005, 38.7146876502674 ], [ -122.224325514165997, 38.714814094861502 ], [ -122.224358920818005, 38.714951967653199 ], [ -122.224370989557002, 38.715111726257803 ], [ -122.224438348752997, 38.715343418594799 ], [ -122.224493161710996, 38.715453895592702 ], [ -122.224664793336999, 38.715771609206797 ], [ -122.224773580177001, 38.716061389141302 ], [ -122.224904615479005, 38.716254946049503 ], [ -122.224971773269999, 38.7165031588003 ], [ -122.225169967697994, 38.7169449362191 ], [ -122.225370023736005, 38.717238057219802 ], [ -122.225508231074997, 38.717420647503701 ], [ -122.225518512763003, 38.717723553916201 ], [ -122.225627959036999, 38.717961026637802 ], [ -122.225770730972002, 38.718341874353698 ], [ -122.225958090057006, 38.718524790035197 ], [ -122.226109396856998, 38.718784549606099 ], [ -122.226247268839003, 38.718994679564098 ], [ -122.226441255002001, 38.719210666364397 ], [ -122.226475144345997, 38.719310002428898 ], [ -122.226620308031997, 38.7194981470385 ], [ -122.226599105649996, 38.719509022441997 ], [ -122.226772488399007, 38.719686336306701 ], [ -122.226615948993, 38.719850508717201 ], [ -122.226612815427998, 38.720103776580899 ], [ -122.226614345990001, 38.720112804013802 ], [ -122.226638990750999, 38.720258116486598 ], [ -122.226847849473003, 38.720408124610003 ], [ -122.226930838417005, 38.720513279691197 ], [ -122.226957423301997, 38.720634585248398 ], [ -122.227018801289006, 38.720783650002197 ], [ -122.227038096781996, 38.7209269332619 ], [ -122.226778180558995, 38.720930765905003 ], [ -122.226481836785993, 38.721038974791902 ], [ -122.226397297953994, 38.721060453730502 ], [ -122.225975014265998, 38.7211293016422 ], [ -122.225546053136, 38.721170577851098 ], [ -122.225348926216995, 38.721207850184904 ], [ -122.224792320489996, 38.721347408862101 ], [ -122.224574603595997, 38.721345999949698 ], [ -122.224469527596, 38.721323295737697 ], [ -122.224218401345993, 38.721184012549102 ], [ -122.224117763235995, 38.721370576578799 ], [ -122.224038395719006, 38.721540747567801 ], [ -122.223965019253001, 38.7217935608735 ], [ -122.223980620161996, 38.722234149360503 ], [ -122.223984153255998, 38.722514986468099 ], [ -122.224038014155994, 38.722702542968598 ], [ -122.224077501739998, 38.722917540082101 ], [ -122.224173701945006, 38.723088856545701 ], [ -122.224318934989995, 38.723271493177897 ], [ -122.224505433090997, 38.723525989545301 ], [ -122.224726844282003, 38.7237972248018 ], [ -122.224886267835004, 38.723968940692899 ], [ -122.225023515097007, 38.724228618953802 ], [ -122.225050047687006, 38.724355434799499 ], [ -122.225006274039998, 38.7244872977151 ], [ -122.224996715930999, 38.724690965555403 ], [ -122.224951714094004, 38.724921930316903 ], [ -122.224900634239006, 38.725075770804501 ], [ -122.224828963844004, 38.725190938564303 ], [ -122.225073905876002, 38.7252640988347 ], [ -122.225360235037002, 38.725398095695397 ], [ -122.225569446774003, 38.725520590738697 ], [ -122.225625632740005, 38.725520953542002 ], [ -122.225616076239007, 38.725724613312302 ], [ -122.225677812922001, 38.7258433958594 ], [ -122.225438171484996, 38.726477809993497 ], [ -122.225358936779003, 38.726636970115301 ], [ -122.225279208439005, 38.726834682486903 ], [ -122.225262036499004, 38.7270878513296 ], [ -122.225280716444004, 38.727280689807699 ], [ -122.225301444118998, 38.727308349807103 ], [ -122.225462240653002, 38.727369960303001 ], [ -122.225672617596004, 38.727398846082203 ], [ -122.225954239196, 38.727345604581501 ], [ -122.226249315160999, 38.727342008866998 ], [ -122.226452794750003, 38.7273598366721 ], [ -122.226579766591001, 38.727316607793298 ], [ -122.226720108549003, 38.727328525227797 ], [ -122.226983141407004, 38.727357753456602 ], [ -122.226976711749003, 38.727594482104401 ], [ -122.227101913821002, 38.7276943987045 ], [ -122.227149111255002, 38.727854375522597 ], [ -122.227313116046005, 38.728224345608098 ], [ -122.227490645933997, 38.728638450961498 ], [ -122.227572471385997, 38.728837205629802 ], [ -122.227759402919006, 38.729058653412402 ], [ -122.227834757208001, 38.729213309922997 ], [ -122.227939097935007, 38.729296577785703 ], [ -122.228212595534998, 38.729434962990702 ], [ -122.228224403105997, 38.729556430596801 ], [ -122.228814017302, 38.734554875090303 ], [ -122.230350692271003, 38.734460740291198 ], [ -122.230473605954003, 38.734538197959402 ], [ -122.230498303207995, 38.734813669361898 ], [ -122.230748337093004, 38.735046529886901 ], [ -122.230844112721996, 38.7352563758106 ], [ -122.231115761476005, 38.7354453251153 ], [ -122.231387276115996, 38.735645293608897 ], [ -122.231415450089997, 38.735639964573899 ], [ -122.231687711188997, 38.735779366556102 ], [ -122.231954246054997, 38.7358536836037 ], [ -122.232343358679003, 38.736163490467298 ], [ -122.232503842192003, 38.736252615514303 ], [ -122.232580161062998, 38.736330188633602 ], [ -122.232724225460004, 38.736611925470598 ], [ -122.232778932284006, 38.736733409223902 ], [ -122.232811215542, 38.736964871352001 ], [ -122.232608635054007, 38.737442607656199 ], [ -122.232481445123, 38.737502364738603 ], [ -122.232353714373005, 38.737606166753501 ], [ -122.232209559443007, 38.737902571652 ], [ -122.232180250987, 38.738001493694497 ], [ -122.232193695809997, 38.7380511304641 ], [ -122.232262117524002, 38.738200236791101 ], [ -122.232555461722001, 38.738339762997597 ], [ -122.232828142632002, 38.738446128021501 ], [ -122.233178243834004, 38.738541983946803 ], [ -122.233269295216999, 38.7385645904819 ], [ -122.23366127061, 38.738682720586603 ], [ -122.233786232254005, 38.738804644328901 ], [ -122.233903415141995, 38.738987106488104 ], [ -122.233915981966007, 38.739108312477697 ], [ -122.233849657586006, 38.739361176123502 ], [ -122.233796694679, 38.739669178144801 ], [ -122.233863296566994, 38.739966940365598 ], [ -122.233889833519001, 38.740093754094197 ], [ -122.233915508417994, 38.740292137198203 ], [ -122.233991697969998, 38.740380721087 ], [ -122.234194423098998, 38.740464611883098 ], [ -122.234410329118006, 38.740331079136602 ], [ -122.234868145678007, 38.740523965839898 ], [ -122.235063633910002, 38.740624330631903 ], [ -122.235237848343999, 38.740741065758499 ], [ -122.235479263770003, 38.741106015041602 ], [ -122.235603355121, 38.741299523347998 ], [ -122.235790210580006, 38.741531960717502 ], [ -122.235894107114007, 38.741653764629199 ], [ -122.235998070833006, 38.741770051327101 ], [ -122.236213693983004, 38.741947619114598 ], [ -122.236255368122997, 38.741986431533498 ], [ -122.236436875606998, 38.742081186577799 ], [ -122.236654722991005, 38.742077071419999 ], [ -122.236893053455006, 38.742122637163597 ], [ -122.237249658748993, 38.742262570990597 ], [ -122.237236263661998, 38.742207411420402 ], [ -122.237613351453007, 38.742397028982303 ], [ -122.238079265799001, 38.742790925742199 ], [ -122.238099868378995, 38.742829587040497 ], [ -122.238217086207001, 38.743012044758103 ], [ -122.238377323481998, 38.743123184182899 ], [ -122.238496424290005, 38.743151466700702 ], [ -122.238952929601993, 38.743165384869599 ], [ -122.239030673702999, 38.7431273319757 ], [ -122.239573301505999, 38.742993108977601 ], [ -122.239658751031001, 38.742900051889897 ], [ -122.239820400981003, 38.7428955747828 ], [ -122.239988129219995, 38.742968212750299 ], [ -122.240153527551001, 38.743233552452303 ], [ -122.240329848556001, 38.743465928649002 ], [ -122.240478347559005, 38.743676112322603 ], [ -122.240498080077003, 38.7437863588559 ], [ -122.240622189747, 38.743979861759499 ], [ -122.240711507520999, 38.7441456013403 ], [ -122.240800306441002, 38.744355402124 ], [ -122.240920530522999, 38.744868223958598 ], [ -122.240981136689001, 38.745083348761803 ], [ -122.241088715456002, 38.745480466133799 ], [ -122.241301548262996, 38.745889270603499 ], [ -122.241394355073993, 38.746346866471903 ], [ -122.241421527756003, 38.7464241314904 ], [ -122.241615216553996, 38.746673125026597 ], [ -122.241782034828006, 38.746822847811899 ], [ -122.24214147555, 38.747309654082599 ], [ -122.242423977244002, 38.747768446794403 ], [ -122.242525752085001, 38.748066425976504 ], [ -122.242649875880005, 38.748259925750901 ], [ -122.242814877683003, 38.748558303973901 ], [ -122.242856727409006, 38.748583337412299 ], [ -122.243150118133997, 38.748725593459703 ], [ -122.243471771703, 38.748854266382402 ], [ -122.243898817936, 38.748983602529997 ], [ -122.244122520451995, 38.749078610924798 ], [ -122.244513686863996, 38.749268289982602 ], [ -122.244639753019996, 38.749302111758801 ], [ -122.245081259542999, 38.749398506673998 ], [ -122.245143901613005, 38.749448451525303 ], [ -122.245415842105004, 38.749620854534598 ], [ -122.245547395600994, 38.749781353422001 ], [ -122.245565709141999, 38.749873017838503 ], [ -122.245611439007007, 38.750096809290604 ], [ -122.245646253310994, 38.750168465384398 ], [ -122.245713801381001, 38.750768704099301 ], [ -122.245859131957999, 38.7512645436179 ], [ -122.245942460289001, 38.751484967057301 ], [ -122.246061111467995, 38.7516614373463 ], [ -122.246152200156999, 38.751716722104 ], [ -122.246264036324007, 38.751849134747502 ], [ -122.246382854106997, 38.751992572730998 ], [ -122.246514731936003, 38.752350748748498 ], [ -122.246560847213004, 38.752426452528198 ], [ -122.246605417927, 38.752499620895001 ], [ -122.246887568179005, 38.753039847366601 ], [ -122.247101023406003, 38.753233079319301 ], [ -122.247479076874995, 38.753542335528003 ], [ -122.247605228854994, 38.753619731213902 ], [ -122.247772948833997, 38.753823850219497 ], [ -122.247940909030007, 38.7539784246446 ], [ -122.248038244449006, 38.754209889332898 ], [ -122.248156928742006, 38.754380853026198 ], [ -122.248226468680002, 38.754546185821098 ], [ -122.248303419246994, 38.754623455342397 ], [ -122.24840781204, 38.754849432678597 ], [ -122.248477755661, 38.754921179379501 ], [ -122.248596443348006, 38.755092142612298 ], [ -122.248736274256004, 38.755252148069196 ], [ -122.248840644880005, 38.7554836312286 ], [ -122.248902122196, 38.755880159861903 ], [ -122.248922190103002, 38.756105923845801 ], [ -122.248949609378002, 38.756260137791301 ], [ -122.248934806725003, 38.7564252564407 ], [ -122.248954923808995, 38.756640009767402 ], [ -122.248947392945993, 38.7567555987291 ], [ -122.248748478392997, 38.757234043068102 ], [ -122.248696652012001, 38.757822966508897 ], [ -122.248752354614993, 38.757938716327999 ], [ -122.248751837157997, 38.758054324467302 ], [ -122.248883608601005, 38.758445526820701 ], [ -122.248911202247996, 38.7585612053023 ], [ -122.249065137014995, 38.7587102362209 ], [ -122.249191109216994, 38.758826164736902 ], [ -122.249302962212994, 38.758958574384202 ], [ -122.249435795501995, 38.759113056303498 ], [ -122.249526110407004, 38.759344503239902 ], [ -122.249546230099995, 38.759559256418598 ], [ -122.249601518144999, 38.759768591759702 ], [ -122.249684548456997, 38.760060577939797 ], [ -122.249746647894995, 38.760319478392503 ], [ -122.249738534843004, 38.760561685275803 ], [ -122.249758631125999, 38.760781944619197 ], [ -122.249715759222994, 38.760941485113399 ], [ -122.249748601015, 38.761453550240603 ], [ -122.249775975348996, 38.761618775470701 ], [ -122.249775066840996, 38.761822463293903 ], [ -122.249805645383006, 38.762053755630198 ], [ -122.249996991166995, 38.762489152514902 ], [ -122.250080574250006, 38.762654519644997 ], [ -122.250108268974998, 38.762748179232503 ], [ -122.250199000097993, 38.762891542238599 ], [ -122.250163266420998, 38.763023575387201 ], [ -122.250155571069996, 38.763172196329002 ], [ -122.250119412269001, 38.763403320666598 ], [ -122.25011801382, 38.7637171130458 ], [ -122.250102941910001, 38.763942787561 ], [ -122.250038989813007, 38.764102275357402 ], [ -122.250003156557995, 38.764256330621897 ], [ -122.249978030516004, 38.764371870997998 ], [ -122.250015436989003, 38.764652733763697 ], [ -122.250056952196999, 38.764801478400798 ], [ -122.250063321197999, 38.7649501347816 ], [ -122.25006175067, 38.765302460749197 ], [ -122.250150970725002, 38.765781638308098 ], [ -122.250185282087003, 38.765968900135498 ], [ -122.250240846154995, 38.766117680178603 ], [ -122.250268224577994, 38.7662829052327 ], [ -122.250273988759005, 38.766563683846996 ], [ -122.250415880256, 38.766898226955199 ], [ -122.250482773879, 38.767026646916598 ], [ -122.250530915593004, 38.767263491029802 ], [ -122.250543828725, 38.767522265556103 ], [ -122.250613002462003, 38.767770175659301 ], [ -122.250702712277999, 38.768144751638097 ], [ -122.250772058582996, 38.768354123513198 ], [ -122.250799437949993, 38.768519348416604 ], [ -122.250903566142, 38.768811384377102 ], [ -122.251001200024007, 38.768982293246403 ], [ -122.251014213554001, 38.769219048219398 ], [ -122.251020837344001, 38.76930714785 ], [ -122.251066154094005, 38.7693823145827 ], [ -122.251115915094999, 38.769573543476199 ], [ -122.251198802163998, 38.769673292208303 ], [ -122.251259686468003, 38.769833451819203 ], [ -122.251328600202996, 38.769927585801298 ], [ -122.251438038087002, 38.770132166068997 ], [ -122.251506460399995, 38.770259340698999 ], [ -122.251552798218, 38.770452431719903 ], [ -122.251620974521998, 38.770596127108597 ], [ -122.251641651156007, 38.771097418914799 ], [ -122.251667464730005, 38.771251804917199 ], [ -122.251636399209005, 38.7714498257073 ], [ -122.251681836173006, 38.771703486418303 ], [ -122.251671508971995, 38.771923691403103 ], [ -122.251746041106998, 38.772111487100702 ], [ -122.251793398990998, 38.772238504527301 ], [ -122.251705832393, 38.772452620413802 ], [ -122.251745948131997, 38.772590594716803 ], [ -122.251791303293004, 38.772849764408598 ], [ -122.251810927074004, 38.772949034584599 ], [ -122.251890783041006, 38.773252519230503 ], [ -122.251973264341999, 38.773379799991197 ], [ -122.252082955815993, 38.7735678587702 ], [ -122.252234356497993, 38.773789271906701 ], [ -122.252295984648995, 38.773899872049803 ], [ -122.252357729262002, 38.774004967545103 ], [ -122.252632636154999, 38.774431064847697 ], [ -122.252708403756998, 38.774536265670399 ], [ -122.252797522728002, 38.7746911297709 ], [ -122.252990277538998, 38.774967919779897 ], [ -122.253056739898994, 38.775227247443901 ], [ -122.253081772277, 38.775436700025303 ], [ -122.253076691676, 38.775778096783498 ], [ -122.253124184355002, 38.775894097419403 ], [ -122.253142711023997, 38.776064955261099 ], [ -122.253039120563997, 38.776411115284297 ], [ -122.253029321555999, 38.776598283994801 ], [ -122.253041493891999, 38.776725031622597 ], [ -122.253136317213006, 38.776968052772503 ], [ -122.253240152922999, 38.777078969358698 ], [ -122.253356816457995, 38.777272589923598 ], [ -122.253432915928997, 38.777355759482099 ], [ -122.253514093673004, 38.7775711387565 ], [ -122.253664934686995, 38.7778310961424 ], [ -122.253738824047005, 38.778062947502903 ], [ -122.253812336791, 38.778322326840502 ], [ -122.253968308877006, 38.778708980081802 ], [ -122.254049900143002, 38.778896822750099 ], [ -122.254083339081006, 38.779012726700699 ], [ -122.254116697634998, 38.779134127068303 ], [ -122.254281028183001, 38.779432727862897 ], [ -122.254306194315006, 38.779631169308999 ], [ -122.254412988631998, 38.780017454868897 ], [ -122.254452213020002, 38.780216001501501 ], [ -122.254490735619001, 38.780464106003798 ], [ -122.254501764503004, 38.780667948508302 ], [ -122.254484514660007, 38.780882591449497 ], [ -122.254453337808997, 38.781086118355802 ], [ -122.254542797381006, 38.781218950269697 ], [ -122.254562952612005, 38.781454395333 ], [ -122.254638539485995, 38.7818750031024 ], [ -122.254684974927997, 38.782062582755003 ], [ -122.254767472576006, 38.7821898560344 ], [ -122.255070737159002, 38.782605146709201 ], [ -122.255188069279995, 38.782754712830801 ], [ -122.255304584376006, 38.782959342227301 ], [ -122.255385202431, 38.783213267174901 ], [ -122.255508076360002, 38.783461992912002 ], [ -122.255610862330997, 38.783644495138503 ], [ -122.255767917504002, 38.783959565190798 ], [ -122.255954024076004, 38.784214277102599 ], [ -122.256161153237997, 38.784474643084401 ], [ -122.256494432753001, 38.784763495087397 ], [ -122.256703165062007, 38.784913741483301 ], [ -122.256869316448999, 38.785091199906198 ], [ -122.256964898863004, 38.785284659809399 ], [ -122.257150767883005, 38.785555886092602 ], [ -122.257434345253998, 38.785877402241297 ], [ -122.257706559712005, 38.786017098238098 ], [ -122.257999846290005, 38.786156958483801 ], [ -122.258293737605001, 38.7862582717311 ], [ -122.258748212056005, 38.786437872142201 ], [ -122.258816744398004, 38.786559541364902 ], [ -122.258855903401994, 38.786763583736096 ], [ -122.258867515668001, 38.786928878639202 ], [ -122.258913803094998, 38.787127476409999 ], [ -122.258917344785004, 38.787364307198096 ], [ -122.258857815735993, 38.7875841430279 ], [ -122.258770006573997, 38.787814780299598 ], [ -122.258596831665002, 38.788110872553901 ], [ -122.258395211543004, 38.788428778607198 ], [ -122.258278465849997, 38.7887142702874 ], [ -122.258205773236, 38.788873431264797 ], [ -122.258152716259005, 38.789131865677199 ], [ -122.258211756004997, 38.789418673493103 ], [ -122.258318552841999, 38.7898049534273 ], [ -122.258414831525002, 38.789954360378502 ], [ -122.258505335245005, 38.790015608620401 ], [ -122.258610013416998, 38.7900714569016 ], [ -122.258785396259995, 38.790100290606702 ], [ -122.259177590101999, 38.790213353350197 ], [ -122.259212348068004, 38.790241141677498 ], [ -122.259288664093006, 38.7903132963609 ], [ -122.259518524276004, 38.790463694095898 ], [ -122.259671613671998, 38.790574969549098 ], [ -122.259895000032003, 38.790686767648303 ], [ -122.260237405463002, 38.790837999371703 ], [ -122.260440860418996, 38.790872553994198 ], [ -122.260529611047005, 38.7910549391461 ], [ -122.260485364185996, 38.791192288741897 ], [ -122.260441151657005, 38.791329630133902 ], [ -122.260366750401005, 38.791604433666599 ], [ -122.260327758079001, 38.7918629735236 ], [ -122.260316316372993, 38.792160260457301 ], [ -122.260314932325002, 38.792253870922202 ], [ -122.260395985629998, 38.792480255999401 ], [ -122.260450385338999, 38.792607325130099 ], [ -122.260560047739006, 38.792800877441898 ], [ -122.260635880018995, 38.7929060728599 ], [ -122.260676512478, 38.793011006718899 ], [ -122.260758707970993, 38.793160306387698 ], [ -122.260897663742, 38.793276982077103 ], [ -122.261077172206996, 38.793504096750901 ], [ -122.261152077299002, 38.793669868835899 ], [ -122.261233379269001, 38.7938797369874 ], [ -122.261329751781005, 38.794023627022497 ], [ -122.261370060510998, 38.794150591389503 ], [ -122.261480702781995, 38.794278068546099 ], [ -122.261591705339001, 38.794383523766001 ], [ -122.261710045382998, 38.794467008890201 ], [ -122.261862334252996, 38.794633345706501 ], [ -122.262124781086001, 38.794960199591401 ], [ -122.262312076550003, 38.795137806932402 ], [ -122.262632473931006, 38.795349443617198 ], [ -122.262779214435994, 38.795416610710603 ], [ -122.262869486037999, 38.7954943808449 ], [ -122.263031040331001, 38.795728088799002 ], [ -122.263076105685002, 38.795793281322901 ], [ -122.263305261030993, 38.7959932285452 ], [ -122.263424499210004, 38.796016143078702 ], [ -122.263739189435, 38.796139620905002 ], [ -122.264047109022002, 38.796246528143897 ], [ -122.264152126439996, 38.796280349641897 ], [ -122.264197820655994, 38.796327902946302 ], [ -122.264221407397997, 38.796352448608502 ], [ -122.264317835610001, 38.7964908298732 ], [ -122.264352111376994, 38.796551667299703 ], [ -122.264386306331005, 38.796618001145298 ], [ -122.264483141677005, 38.796728855073297 ], [ -122.264606799312006, 38.796928021055699 ], [ -122.264673001288998, 38.797209363357702 ], [ -122.264720527194001, 38.797325359046397 ], [ -122.264738634688996, 38.797529251797698 ], [ -122.264860789192994, 38.797833039667999 ], [ -122.265010951885998, 38.798142539911296 ], [ -122.265113539929999, 38.798341541711501 ], [ -122.265146358644003, 38.798501485796102 ], [ -122.265171562998006, 38.798699925473002 ], [ -122.265264545082999, 38.799075084740501 ], [ -122.265338818521997, 38.799284898451603 ], [ -122.265413739603005, 38.7994506586979 ], [ -122.265489423491005, 38.7995668617652 ], [ -122.265653120077999, 38.799915012019 ], [ -122.265694088057003, 38.799997922307099 ], [ -122.265734928014993, 38.800091836172101 ], [ -122.265774844378996, 38.800246326132601 ], [ -122.265807907655002, 38.800389753691803 ], [ -122.265875655955, 38.800566473886697 ], [ -122.266000654717999, 38.800677534115302 ], [ -122.266089964577006, 38.800821375977399 ], [ -122.266117067723997, 38.800893163232999 ], [ -122.266347058386003, 38.801038041876303 ], [ -122.266506790367998, 38.801176895898301 ], [ -122.267004001966995, 38.801329246891903 ], [ -122.267191650016002, 38.801484816404802 ], [ -122.267513222351994, 38.801619354362202 ], [ -122.267815370839998, 38.801643600549703 ], [ -122.267995892708996, 38.801804630992301 ], [ -122.268149666501003, 38.801871850748597 ], [ -122.268334779344997, 38.802198122227402 ], [ -122.268534312626002, 38.802502474186802 ], [ -122.268728367969004, 38.8027021449928 ], [ -122.268824746666994, 38.802757957326001 ], [ -122.269459986433006, 38.803285107445497 ], [ -122.269612873436998, 38.8034858641429 ], [ -122.269719180441001, 38.804212827650602 ], [ -122.269701811101001, 38.804438483303301 ], [ -122.269691938264998, 38.804631158499703 ], [ -122.269766908517994, 38.804796916684502 ], [ -122.269870051340007, 38.804957375273702 ], [ -122.270105820335004, 38.805190394539402 ], [ -122.270210529951996, 38.805246231389901 ], [ -122.270425916576002, 38.805429545663401 ], [ -122.270514870577998, 38.8056009120832 ], [ -122.270610114701995, 38.8058218876117 ], [ -122.270775786054003, 38.806037872899203 ], [ -122.270953423315007, 38.806397129614403 ], [ -122.271063377716999, 38.806574155461199 ], [ -122.271080780508001, 38.806827605017801 ], [ -122.271330218855994, 38.807088261173 ], [ -122.271591385676999, 38.807508703785999 ], [ -122.272108163313007, 38.808250420157201 ], [ -122.272287905862001, 38.808466506331897 ], [ -122.272632401731997, 38.8089646499024 ], [ -122.272798969871005, 38.809120063414397 ], [ -122.272915819424, 38.809308158365099 ], [ -122.272929078708998, 38.8093633247477 ], [ -122.273100652786994, 38.809656443787603 ], [ -122.273120316489994, 38.809755713659698 ], [ -122.273173464829995, 38.809970873569 ], [ -122.273270676793004, 38.810109703121903 ], [ -122.273475556077003, 38.810479724835602 ], [ -122.273584671490994, 38.810717317887502 ], [ -122.273652770652006, 38.810872010730797 ], [ -122.273706853052005, 38.811021095281802 ], [ -122.273726034893002, 38.8111533985726 ], [ -122.273751589341003, 38.811329813513701 ], [ -122.273794155776002, 38.811787197469599 ], [ -122.273634833977994, 38.813063648213699 ], [ -122.273622237872999, 38.8134435435977 ], [ -122.273744939585001, 38.813714280070002 ], [ -122.273966330964001, 38.813969218365401 ], [ -122.274092732263, 38.813986659303403 ], [ -122.274477551117002, 38.814132651827599 ], [ -122.274309739436006, 38.814544442746403 ], [ -122.274305481059997, 38.814836284064199 ], [ -122.274387729251998, 38.814985573804599 ], [ -122.274474182158002, 38.815327632692501 ], [ -122.274691919269003, 38.815835865523702 ], [ -122.274717959238998, 38.815979230442302 ], [ -122.274888948591993, 38.816316407195401 ], [ -122.275109501825, 38.816631912886201 ], [ -122.275407670475005, 38.816931457142203 ], [ -122.275665057498003, 38.817131584974902 ], [ -122.275886259889006, 38.817403036662199 ], [ -122.275868022668007, 38.8176892707978 ], [ -122.275815169463002, 38.8179366936495 ], [ -122.275693321898004, 38.818090001884798 ], [ -122.275676850264006, 38.818255089346003 ], [ -122.275689871127994, 38.818326779789402 ], [ -122.275687864614994, 38.818464434613901 ], [ -122.275739148564, 38.818806244413601 ], [ -122.275835102092003, 38.8189831628207 ], [ -122.275948766954002, 38.8193915089238 ], [ -122.276066444698003, 38.819524528153799 ], [ -122.276127828632994, 38.819657145967 ], [ -122.276251720930006, 38.819845280162802 ], [ -122.276326882399005, 38.820000023017499 ], [ -122.276512721675005, 38.820282236547897 ], [ -122.276748804137, 38.820498725700901 ], [ -122.276921175549006, 38.820742280793198 ], [ -122.277165157292004, 38.820898251131602 ], [ -122.277400041381995, 38.821197337604602 ], [ -122.277468478261994, 38.821329998215397 ], [ -122.277522049957994, 38.821517627827397 ], [ -122.277644906739994, 38.821777349190803 ], [ -122.277845336458995, 38.822026613144999 ], [ -122.277996920567006, 38.822247990863801 ], [ -122.278469987681007, 38.822620393774201 ], [ -122.278927120470996, 38.8231193437218 ], [ -122.279197600801993, 38.823391145465898 ], [ -122.279306994294998, 38.823612216557599 ], [ -122.279451217116005, 38.823855571580303 ], [ -122.279548272442995, 38.823955401806401 ], [ -122.279772548858006, 38.824017603320101 ], [ -122.280581323375003, 38.824530098964203 ], [ -122.280704719515001, 38.824714309868803 ], [ -122.281263187321002, 38.825548313851698 ], [ -122.281492268373, 38.825764741820002 ], [ -122.281701111640999, 38.825920448128599 ], [ -122.281816816157999, 38.8261911324986 ], [ -122.281773574894004, 38.826747018263298 ], [ -122.281815324039997, 38.827264975547202 ], [ -122.281868592459006, 38.827474625695601 ], [ -122.281843805297001, 38.827727767517501 ], [ -122.281924249707998, 38.828003694779603 ], [ -122.282152462796006, 38.828280691097703 ], [ -122.282327327437002, 38.828353542503102 ], [ -122.282368125515006, 38.828937573742003 ], [ -122.282393014733003, 38.829167396498498 ], [ -122.282399162348995, 38.829224164550197 ], [ -122.282450742002993, 38.829549446591798 ], [ -122.282663221378996, 38.829941971281599 ], [ -122.282818905244, 38.830367131067398 ], [ -122.283172509443006, 38.830733144410402 ], [ -122.283435425744003, 38.831043432767402 ], [ -122.283632556331995, 38.8315239598302 ], [ -122.283946198989, 38.832265421955597 ], [ -122.284102159835996, 38.832628738797801 ], [ -122.284291786942006, 38.833142255019503 ], [ -122.284417442603001, 38.833699358647301 ], [ -122.284640463044994, 38.834824381250897 ], [ -122.284718062237999, 38.835298538040398 ], [ -122.284914320389007, 38.835839631553299 ], [ -122.285301401290994, 38.836327037226198 ], [ -122.285669990634005, 38.836632567364099 ], [ -122.285799795456001, 38.836903340829103 ], [ -122.285781116644003, 38.837222608595802 ], [ -122.285854234558997, 38.837520513364097 ], [ -122.285980228203002, 38.838055592433697 ], [ -122.286332281415, 38.838531722606298 ], [ -122.286643323277005, 38.8389249572148 ], [ -122.286709576660002, 38.839021802507801 ], [ -122.286912129200999, 38.839317879974999 ], [ -122.287338846566996, 38.839987288839403 ], [ -122.287460272353997, 38.840106544314303 ], [ -122.288000520007998, 38.839981019398699 ], [ -122.288537899789006, 38.839808655473803 ], [ -122.289040149984004, 38.839630531575203 ], [ -122.289597376236003, 38.839546410669399 ], [ -122.290218484318999, 38.839424202585398 ], [ -122.290712031376003, 38.839361644609198 ], [ -122.291063590123002, 38.839386191693499 ], [ -122.291479345469995, 38.839350613660002 ], [ -122.291817450072003, 38.839331005267702 ], [ -122.292338675436994, 38.839301683364802 ], [ -122.292550031191993, 38.839286674401102 ], [ -122.292585298375002, 38.8392814109881 ], [ -122.293050941884005, 38.8392021345553 ], [ -122.293295727076, 38.839181870709098 ], [ -122.296304791382994, 38.839211576085603 ], [ -122.29642125654, 38.839264680133503 ], [ -122.296827064913003, 38.839432769740498 ], [ -122.297142633283997, 38.839512104029403 ], [ -122.297628606995005, 38.839488022252397 ], [ -122.297979602338998, 38.839551087437101 ], [ -122.298240231904003, 38.8395364165168 ], [ -122.298703358340006, 38.839633310456499 ], [ -122.299027220271995, 38.839624593043297 ], [ -122.299482687172002, 38.839765494155102 ], [ -122.299820415808, 38.839773390543101 ], [ -122.300482226205006, 38.839756039187797 ], [ -122.301193937281994, 38.839694987573303 ], [ -122.301405057126004, 38.839696478832401 ], [ -122.301594368403002, 38.839747377980899 ], [ -122.301699215536004, 38.839797681761802 ], [ -122.301921368796997, 38.8400140189488 ], [ -122.301964055751995, 38.840476905785998 ], [ -122.302010497316999, 38.840675485404397 ], [ -122.302077436139001, 38.840918257229298 ], [ -122.302119575473, 38.841419690176203 ], [ -122.302117307668993, 38.8415793750247 ], [ -122.302184480441994, 38.841805631346197 ], [ -122.302314592632996, 38.8420598698942 ], [ -122.302390678994001, 38.842154018615098 ], [ -122.302603836705003, 38.842507968301497 ], [ -122.302750618291995, 38.842580590074199 ], [ -122.302879248511005, 38.842443828388497 ], [ -122.303013663477003, 38.842395212765297 ], [ -122.303210956130002, 38.8423800850709 ], [ -122.303367020856996, 38.842293071364502 ], [ -122.303633209558996, 38.842383059881399 ], [ -122.303978517014002, 38.842352446298399 ], [ -122.304429239974993, 38.842333593946996 ], [ -122.304402800793994, 38.842212249763897 ], [ -122.304658104279, 38.842076377585201 ], [ -122.305076676153007, 38.841842518903803 ], [ -122.305437859408002, 38.841685355901397 ], [ -122.305679071859004, 38.841549382467498 ], [ -122.305968625831994, 38.841479820691198 ], [ -122.306597768881005, 38.8412859943342 ], [ -122.307106100867003, 38.841173907586203 ], [ -122.307479945593997, 38.841115954015599 ], [ -122.308352206180999, 38.841149603769502 ], [ -122.308888457839998, 38.841054231016102 ], [ -122.309113417099994, 38.841072323245903 ], [ -122.309100513241006, 38.840989633922703 ], [ -122.309354948451002, 38.840914312230602 ], [ -122.309539935372996, 38.840772422939501 ], [ -122.309795223864995, 38.840636539455303 ], [ -122.310099397334994, 38.840528526826802 ], [ -122.310432175404998, 38.840387668593401 ], [ -122.310716374136007, 38.840196907468503 ], [ -122.310943520273, 38.840060825527402 ], [ -122.311191535766994, 38.839941397564097 ], [ -122.311719327952005, 38.839945079157303 ], [ -122.312330732597005, 38.840009924613298 ], [ -122.312696681296998, 38.840012474551202 ], [ -122.312936171689003, 38.839997614943002 ], [ -122.313442413643003, 38.840034183608097 ], [ -122.313667834403006, 38.840019234320202 ], [ -122.313887149430002, 38.839938151699101 ], [ -122.314326181506999, 38.839748458811101 ], [ -122.314489184636003, 38.839666992240097 ], [ -122.314685693952001, 38.839706908585498 ], [ -122.314853276207998, 38.839801684243099 ], [ -122.314939346681001, 38.839686638180503 ], [ -122.315180242487997, 38.839572666759103 ], [ -122.315328266479, 38.839557176423199 ], [ -122.315621362716001, 38.839735429448503 ], [ -122.315864723304998, 38.839946381742898 ], [ -122.316255662955996, 38.840174875579699 ], [ -122.316667247485995, 38.840436555004302 ], [ -122.316939770031993, 38.840576120477998 ], [ -122.317133817639998, 38.840792234186402 ], [ -122.317271803810002, 38.8409914416955 ], [ -122.317302199170996, 38.841333077397501 ], [ -122.317236559215004, 38.841497830107897 ], [ -122.31724716091, 38.841745718125502 ], [ -122.317392491327993, 38.8419229430177 ], [ -122.317607032618, 38.842183254484098 ], [ -122.3177934948, 38.842437865940603 ], [ -122.318153835995005, 38.842842359754599 ], [ -122.318263825914997, 38.843030360163702 ], [ -122.318374586876004, 38.843163287924199 ], [ -122.318631899276994, 38.843385351704903 ], [ -122.318707547458004, 38.843512530547898 ], [ -122.318882410363997, 38.843590832272497 ], [ -122.319091772327994, 38.843718942925499 ], [ -122.319217451615998, 38.843791398286697 ], [ -122.319405555963002, 38.843930374552599 ], [ -122.319573077890993, 38.844030656923401 ], [ -122.320602934850001, 38.844373682889703 ], [ -122.321038876917996, 38.8449108596893 ], [ -122.321254360696003, 38.845105089904202 ], [ -122.321470383215001, 38.8452607734352 ], [ -122.321896408933, 38.845500500451898 ], [ -122.322303216164997, 38.845602426577798 ], [ -122.323157562277004, 38.8459166922352 ], [ -122.323680975434996, 38.846239689818702 ], [ -122.323974733824997, 38.846373869912902 ], [ -122.324283634034003, 38.846431059765798 ], [ -122.324536849542994, 38.846443818265001 ], [ -122.324897019044002, 38.846358175672698 ], [ -122.325088641297995, 38.846243845888601 ], [ -122.325427992567995, 38.846136034416197 ], [ -122.325661552281005, 38.8460440161967 ], [ -122.326337491931, 38.845519981505298 ], [ -122.326580144597997, 38.845279334898898 ], [ -122.326702005054003, 38.845120468251302 ], [ -122.326908607671001, 38.844940157436298 ], [ -122.327241906349002, 38.844760703921203 ], [ -122.327759875710001, 38.844461371003497 ], [ -122.327987594346993, 38.844281194176403 ], [ -122.328086549825997, 38.844142700904001 ], [ -122.328201929545003, 38.8440513705767 ], [ -122.328722080475004, 38.843592339072401 ], [ -122.329567791412003, 38.843003363612198 ], [ -122.329689184035999, 38.842877535565499 ], [ -122.329811262004995, 38.842702141131397 ], [ -122.329855009460999, 38.842592301256701 ], [ -122.329858204025001, 38.842361035899401 ], [ -122.330385195450006, 38.842425201732198 ], [ -122.330722621006998, 38.842455030186599 ], [ -122.330953788863994, 38.842533705761397 ], [ -122.331164385473997, 38.842573690186398 ], [ -122.331811174367999, 38.842627652527298 ], [ -122.332254021195993, 38.842669205751299 ], [ -122.332408458474006, 38.842697793864097 ], [ -122.333421954212994, 38.843211307665896 ], [ -122.333652522208993, 38.843334030568002 ], [ -122.334092420166996, 38.843590325837603 ], [ -122.334407594693005, 38.843702607872501 ], [ -122.334661575119, 38.8436602725277 ], [ -122.334992561516998, 38.843645988614 ], [ -122.335430349429004, 38.843544320587299 ], [ -122.335896123725007, 38.8434538615777 ], [ -122.336235898336, 38.843312976726601 ], [ -122.336723396123006, 38.843178596052802 ], [ -122.337148753587002, 38.842955689001201 ], [ -122.337567600957001, 38.842694185096001 ], [ -122.337726417252, 38.842403394213797 ], [ -122.338123250934999, 38.842207820617503 ], [ -122.338447362425995, 38.842182467884903 ], [ -122.338707372667997, 38.8422117598911 ], [ -122.338756104693005, 38.842250639233498 ], [ -122.338852967936006, 38.842372441578704 ], [ -122.339090895295996, 38.842473170732298 ], [ -122.339407972594998, 38.842447767383 ], [ -122.339612744169997, 38.842399583999203 ], [ -122.339824625554996, 38.842345941781304 ], [ -122.339930858767005, 38.842297093730501 ], [ -122.339987922776004, 38.8422424085418 ], [ -122.340350143196005, 38.842002546078 ], [ -122.34059661181, 38.8419931836427 ], [ -122.340692573593998, 38.842181068086397 ], [ -122.340741549995997, 38.842203421134002 ], [ -122.341043260667007, 38.842271538564098 ], [ -122.341296840089001, 38.842256716095797 ], [ -122.341374180515004, 38.842262741891403 ], [ -122.341974025968, 38.842145620233197 ], [ -122.342228731046006, 38.842048203799898 ], [ -122.342703173619, 38.841836617908697 ], [ -122.343093179839002, 38.841624463205697 ], [ -122.343264631850005, 38.841438382000199 ], [ -122.343400292851996, 38.841296108662803 ], [ -122.343516874941997, 38.841005019246801 ], [ -122.343703668149999, 38.840725419916502 ], [ -122.343888136510003, 38.840616517780198 ], [ -122.344145082696997, 38.840353905995499 ], [ -122.344197431999007, 38.840128475379998 ], [ -122.344356515317003, 38.839815645372497 ], [ -122.344481024274998, 38.839458527005199 ], [ -122.344671281505001, 38.839331447493201 ], [ -122.344813878484999, 38.839306559362797 ], [ -122.345096873841996, 38.839198314187001 ], [ -122.345435338171995, 38.839151014315597 ], [ -122.345724767739, 38.839086867047399 ], [ -122.345797224983002, 38.838933156689301 ], [ -122.345946736841, 38.838807499885398 ], [ -122.346253450629007, 38.838506665074803 ], [ -122.346469353418996, 38.838155661128098 ], [ -122.346762441145998, 38.837821698033501 ], [ -122.347127399181005, 38.837378066715203 ], [ -122.347599392487993, 38.8368250198304 ], [ -122.347982604728998, 38.836590771232103 ], [ -122.348287807028001, 38.836400067517602 ], [ -122.348394415800001, 38.836323675264701 ], [ -122.348763031211007, 38.836127886579298 ], [ -122.349271857675006, 38.835971571519501 ], [ -122.349426435788999, 38.8359891170739 ], [ -122.349836150646993, 38.835876197248503 ], [ -122.350230231992995, 38.835878815381001 ], [ -122.350581256121998, 38.835941720785598 ], [ -122.350806530903995, 38.835934944639703 ], [ -122.351218937537993, 38.836144203754202 ], [ -122.351421972029996, 38.836222643526298 ], [ -122.352065669414998, 38.836502254671601 ], [ -122.352331732628997, 38.8366031426782 ], [ -122.352478478793003, 38.836681216154297 ], [ -122.353150396575998, 38.836955502505504 ], [ -122.353283800227004, 38.836978408943502 ], [ -122.353451724592006, 38.8370511070381 ], [ -122.353479433828994, 38.837084334434103 ], [ -122.353563359226001, 38.837123440162799 ], [ -122.353667793138001, 38.837206729928702 ], [ -122.353709273473996, 38.8372620732965 ], [ -122.353870610404002, 38.837301690858702 ], [ -122.354103288711002, 38.837270183770201 ], [ -122.354461950100998, 38.837289079744899 ], [ -122.354665435941996, 38.837334480969403 ], [ -122.354893500022996, 38.837365782837402 ], [ -122.355255515842003, 38.837415468868201 ], [ -122.355505591596, 38.8376594269644 ], [ -122.355636867159006, 38.8378420165674 ], [ -122.355768718872994, 38.837980562237099 ], [ -122.355907086865997, 38.838157693031697 ], [ -122.356137397151002, 38.838302394145799 ], [ -122.356403843929002, 38.838375736402298 ], [ -122.356634082187, 38.838525941106703 ], [ -122.357012390834001, 38.838655088382801 ], [ -122.357235950068997, 38.838777717689403 ], [ -122.357410770076001, 38.8388614669459 ], [ -122.357402994598004, 38.8389379076567 ], [ -122.357677161626995, 38.838940321621003 ], [ -122.357971841055004, 38.839008340194098 ], [ -122.358231109255001, 38.839092643323298 ], [ -122.358589138249002, 38.839292818096197 ], [ -122.358769587357997, 38.839349500945197 ], [ -122.359183241346003, 38.839467861159001 ], [ -122.359527550413006, 38.839508671774396 ], [ -122.359745557506997, 38.839521113798803 ], [ -122.360305385239997, 38.839761586962403 ], [ -122.360535766938995, 38.839900763996098 ], [ -122.360682528922993, 38.839978827085702 ], [ -122.360676805748, 38.840142598861803 ], [ -122.360982260515996, 38.840195559670498 ], [ -122.361220726750005, 38.840257695254998 ], [ -122.361457722680996, 38.840429958894198 ], [ -122.361730406468993, 38.840563913824099 ], [ -122.362107632082996, 38.840775643824202 ], [ -122.362379673727006, 38.840959147408199 ], [ -122.363282812709997, 38.841317492184103 ], [ -122.363401498976003, 38.841389854191497 ], [ -122.363800058473998, 38.841585199830902 ], [ -122.363951951963998, 38.841806465782298 ], [ -122.364273776825002, 38.841951747003101 ], [ -122.364616559555003, 38.8421081756793 ], [ -122.364959125653002, 38.842281120685101 ], [ -122.365160798589997, 38.8424641585937 ], [ -122.365272672819998, 38.842519954975302 ], [ -122.365559678436995, 38.8426374761953 ], [ -122.365816842998996, 38.842881448399503 ], [ -122.366121904081993, 38.843121046734701 ], [ -122.366510415318999, 38.843122760684501 ], [ -122.366889515417995, 38.8431968118499 ], [ -122.367303774796, 38.843271090284603 ], [ -122.367683095174996, 38.843328621510501 ], [ -122.368147803629, 38.843315119017099 ], [ -122.368541471569998, 38.843350717010502 ], [ -122.368906708064003, 38.843408152879597 ], [ -122.369039545530001, 38.843475094997203 ], [ -122.369317701314003, 38.843730215929099 ], [ -122.369555384254994, 38.843852904626701 ], [ -122.369848635321006, 38.844031021661799 ], [ -122.370142909050003, 38.844132051254597 ], [ -122.370444875204996, 38.844183566865098 ], [ -122.370654988026004, 38.844262027117402 ], [ -122.370851760593993, 38.844285322986799 ], [ -122.371082760926001, 38.8443804351636 ], [ -122.371359773774003, 38.844571925102599 ], [ -122.371594422868, 38.844543440644003 ], [ -122.37195855889, 38.844683459162603 ], [ -122.372195594494997, 38.844855708936699 ], [ -122.372783969458993, 38.845166426032399 ], [ -122.373199810496999, 38.845561558705903 ], [ -122.373330548103993, 38.845788182024499 ], [ -122.373417183561997, 38.8461577024067 ], [ -122.373512583511001, 38.846395118038998 ], [ -122.373516492725003, 38.8466319358199 ], [ -122.373534270698002, 38.846885369815297 ], [ -122.373615125206001, 38.846988815118202 ], [ -122.373707312435002, 38.847106758651996 ], [ -122.374216876758993, 38.847429438700701 ], [ -122.374508192543999, 38.847756227163202 ], [ -122.374852268842005, 38.8480803655142 ], [ -122.375207267440004, 38.848343235960598 ], [ -122.375479176661997, 38.8485523392823 ], [ -122.375818903381003, 38.848711837572203 ], [ -122.375909382356994, 38.848789503125097 ], [ -122.376084176793995, 38.8488787377959 ], [ -122.376136464385993, 38.848986734921702 ], [ -122.376482509422999, 38.849175454152999 ], [ -122.376987451703997, 38.849376105326002 ], [ -122.377197972467002, 38.849443159982798 ], [ -122.377739227220999, 38.849506082167203 ], [ -122.378042129921994, 38.849463229943197 ], [ -122.378210988801001, 38.849463936356003 ], [ -122.378359088647997, 38.849420434768398 ], [ -122.378514116304999, 38.849393513568202 ], [ -122.378598527232, 38.849393866522398 ], [ -122.378760398333995, 38.849386269006402 ], [ -122.379330350076998, 38.849385903725597 ], [ -122.379442819706, 38.849397391193598 ], [ -122.380047087641003, 38.849499168766897 ], [ -122.380607809553993, 38.849760692194103 ], [ -122.381302208592999, 38.850028269725797 ], [ -122.381484586582005, 38.850095199961103 ], [ -122.381631551433003, 38.850195084931102 ], [ -122.381806001933995, 38.850372274563902 ], [ -122.381925053420005, 38.850438940979302 ], [ -122.382051213802001, 38.850500120091901 ], [ -122.382128238793996, 38.850544559305803 ], [ -122.382163240392998, 38.8505639896158 ], [ -122.382331065284006, 38.850694280834198 ], [ -122.382449614560002, 38.8508271330087 ], [ -122.382518892573998, 38.850959765271497 ], [ -122.382581413097995, 38.851059283723998 ], [ -122.382707036339994, 38.851186632320299 ], [ -122.382951759300994, 38.851375145239899 ], [ -122.383238825145, 38.851547281541002 ], [ -122.383400210969, 38.851603088221403 ], [ -122.383589747681, 38.851659026085997 ], [ -122.384003294050999, 38.851853736031103 ], [ -122.384031310617004, 38.851870402450103 ], [ -122.385447193749002, 38.853409276694101 ], [ -122.385543961284, 38.853624744284197 ], [ -122.385822540313995, 38.853978805381203 ], [ -122.385941423063997, 38.854067535199903 ], [ -122.386109043063996, 38.854222622753703 ], [ -122.386183482383004, 38.854289536614502 ], [ -122.386402567879003, 38.854471984387303 ], [ -122.386794543072, 38.854727266153198 ], [ -122.387017783535995, 38.854965304587097 ], [ -122.387087804426002, 38.855009711592203 ], [ -122.387199572552007, 38.855109429278599 ], [ -122.387402200997002, 38.855286725635203 ], [ -122.387521360118001, 38.855339594466002 ], [ -122.387759626499999, 38.855464656617599 ], [ -122.388220702382995, 38.8558801318514 ], [ -122.388458337152002, 38.856079622321701 ], [ -122.388499919557006, 38.856154237991099 ], [ -122.388723726623994, 38.856328863127104 ], [ -122.388913706438004, 38.856329640154698 ], [ -122.389293045184004, 38.856408396792098 ], [ -122.389377660505005, 38.856386690528502 ], [ -122.389806301722004, 38.856460130007001 ], [ -122.389988322134997, 38.856576667462001 ], [ -122.390272997601997, 38.856831497526798 ], [ -122.390519868442993, 38.856981401919597 ], [ -122.390820431250006, 38.857230781018899 ], [ -122.391093038685995, 38.8574579774603 ], [ -122.391420052341999, 38.8579225311166 ], [ -122.391517108798993, 38.858104892773802 ], [ -122.391620091039002, 38.8584251548182 ], [ -122.391729474005004, 38.858610705299498 ], [ -122.392070982088995, 38.859237623481199 ], [ -122.392244774144999, 38.859503018790697 ], [ -122.392384577003995, 38.859619395867497 ], [ -122.392530942101999, 38.8597964552036 ], [ -122.392621592691995, 38.859901599200597 ], [ -122.392662626985995, 38.860045135796099 ], [ -122.392806730502997, 38.8605089510515 ], [ -122.392966848566999, 38.860724653247402 ], [ -122.393091273902996, 38.861006398387303 ], [ -122.393131635434003, 38.861238180519798 ], [ -122.393234672706001, 38.861552924824302 ], [ -122.393324754378995, 38.8617297555368 ], [ -122.393320165440002, 38.8618593070168 ], [ -122.393664495669, 38.862365286376502 ], [ -122.393943254275001, 38.862708310530302 ], [ -122.393998489067002, 38.862840894305698 ], [ -122.394172869643995, 38.863034599352197 ], [ -122.394270996489993, 38.863084633585402 ], [ -122.394523322085007, 38.863212480976202 ], [ -122.394586441144, 38.863240305566698 ], [ -122.394942430688999, 38.8636057068206 ], [ -122.395075744292996, 38.863655866756702 ], [ -122.395145805718997, 38.863694752716903 ], [ -122.395390647810999, 38.863877722994602 ], [ -122.395551238311995, 38.864038283738999 ], [ -122.395718771530994, 38.864209923011501 ], [ -122.395725494703996, 38.864248537756801 ], [ -122.395682286877005, 38.864369678678997 ], [ -122.395434377794004, 38.864572724611797 ], [ -122.395342329849001, 38.864644042880798 ], [ -122.395242486924005, 38.864809071379298 ], [ -122.395227444197005, 38.8649303370658 ], [ -122.395079058077997, 38.865006944712299 ], [ -122.394930039423997, 38.8651607403865 ], [ -122.394823824897003, 38.865243033979802 ], [ -122.394603423427995, 38.865523384241698 ], [ -122.394439885243003, 38.865732274720997 ], [ -122.394063867415994, 38.866111253544297 ], [ -122.393687406883998, 38.866516703026797 ], [ -122.393227635825994, 38.866835780665902 ], [ -122.392811992123001, 38.866889233985098 ], [ -122.392522794767999, 38.866970784211603 ], [ -122.392360676400003, 38.867003212577799 ], [ -122.391859437134997, 38.867166768888502 ], [ -122.391492060019004, 38.867374665571901 ], [ -122.391350324155994, 38.867495415894197 ], [ -122.391214220747997, 38.867792637428899 ], [ -122.391255924066002, 38.867858979816603 ], [ -122.391378965593006, 38.868311668599702 ], [ -122.391511356481004, 38.868477638645501 ], [ -122.391835666743006, 38.868762846575102 ], [ -122.391958636859002, 38.868870989197902 ], [ -122.392484209081005, 38.869154363422901 ], [ -122.392870536168999, 38.869249672731399 ], [ -122.393080998821006, 38.869333248889802 ], [ -122.393685543366004, 38.869423922032297 ], [ -122.394009145736007, 38.869441781880099 ], [ -122.394311375205007, 38.869492641191897 ], [ -122.394623698603993, 38.869598663841103 ], [ -122.394997898349999, 38.869892448306302 ], [ -122.395166058578994, 38.869986868619598 ], [ -122.395417971680004, 38.870169867006197 ], [ -122.395592900004004, 38.870297415865203 ], [ -122.395655498880004, 38.870391409080497 ], [ -122.395668217077997, 38.870562408534603 ], [ -122.395617546306994, 38.870738669520698 ], [ -122.395658141365004, 38.870942866815199 ], [ -122.395572719678995, 38.871063848568397 ], [ -122.395612454951006, 38.871378320334003 ], [ -122.395800939053998, 38.871572095570599 ], [ -122.395954105544007, 38.871782263292097 ], [ -122.396107665743997, 38.871942795793302 ], [ -122.396302851325004, 38.872180717251702 ], [ -122.396330132846003, 38.872291103878403 ], [ -122.39622235585, 38.872566392892203 ], [ -122.396304708865998, 38.872831429587102 ], [ -122.396324389200998, 38.873013490456103 ], [ -122.396397688725997, 38.873085463640997 ], [ -122.396498363204003, 38.873262329507398 ], [ -122.396588142846994, 38.873477758340101 ], [ -122.396692457721002, 38.873638107599099 ], [ -122.396776461013005, 38.873693583245 ], [ -122.397252924352998, 38.873965704784197 ], [ -122.39764600817, 38.874099643422298 ], [ -122.397674325303001, 38.874077688649997 ], [ -122.398046649308995, 38.874167422580001 ], [ -122.398095831709995, 38.8741786385241 ], [ -122.398425063190999, 38.8743784903223 ], [ -122.398726618045998, 38.874517559537303 ], [ -122.398796780064004, 38.874545409943401 ], [ -122.398958126363993, 38.874612228248402 ], [ -122.399048935975003, 38.874700815757301 ], [ -122.399139379529004, 38.874833538281997 ], [ -122.399664080297001, 38.875124398198501 ], [ -122.399734380599995, 38.8751959039311 ], [ -122.399797629646002, 38.875250916340399 ], [ -122.399860897229004, 38.8753059286515 ], [ -122.400029626109003, 38.875333559978799 ], [ -122.400170214262999, 38.875394137405998 ], [ -122.400577925495, 38.875636309900102 ], [ -122.400802924439006, 38.8755815567513 ], [ -122.401147424873002, 38.875559885396399 ], [ -122.401337261842997, 38.875543570317703 ], [ -122.401737996121, 38.875631857477899 ], [ -122.401892636005996, 38.875725418429603 ], [ -122.402110511204995, 38.876077325811103 ], [ -122.402293231841, 38.876374244347197 ], [ -122.402342420143995, 38.8764567212354 ], [ -122.402419734009996, 38.876566700836896 ], [ -122.402532153820005, 38.876863558710298 ], [ -122.402595387342004, 38.877001002345899 ], [ -122.402925754666001, 38.8773914768841 ], [ -122.403277231000999, 38.877666561765601 ], [ -122.403474041443005, 38.8778645721274 ], [ -122.403642764020006, 38.877952648708501 ], [ -122.403741186603995, 38.878018681567703 ], [ -122.403902875807006, 38.878095759100297 ], [ -122.404099698557999, 38.878255301936399 ], [ -122.404507450517997, 38.878442503610501 ], [ -122.404704301913, 38.878563577098902 ], [ -122.404915186996007, 38.878712137498901 ], [ -122.405547824514997, 38.879454577911702 ], [ -122.405857170325007, 38.8796142144014 ], [ -122.406264979569002, 38.879576094809799 ], [ -122.406525069073993, 38.879889560123402 ], [ -122.406707840679999, 38.8800710677477 ], [ -122.406799215340001, 38.880225020959998 ], [ -122.406862501077995, 38.880230569613801 ], [ -122.406981980704998, 38.880444996396903 ], [ -122.407087339360999, 38.881005627933703 ], [ -122.406981838473996, 38.881214366725303 ], [ -122.406756793840003, 38.881444987012301 ], [ -122.406517631621, 38.881972352724702 ], [ -122.406398065953994, 38.882197568463397 ], [ -122.406271434355006, 38.882466739872697 ], [ -122.406158878699003, 38.882741419453801 ], [ -122.406095547264002, 38.883038122728998 ], [ -122.406144196371997, 38.883387761176401 ], [ -122.406172786965996, 38.883593234379497 ], [ -122.406285243132004, 38.883835134165601 ], [ -122.406671885441995, 38.884291590285301 ], [ -122.406882780985001, 38.884506094614402 ], [ -122.407058552926003, 38.884638135739699 ], [ -122.407536641556007, 38.8849407932682 ], [ -122.407944417856996, 38.885270865891897 ], [ -122.408359245938996, 38.885529502773203 ], [ -122.408745930202002, 38.885870548133902 ], [ -122.408837298129995, 38.886134408088701 ], [ -122.408914593592996, 38.8864916803862 ], [ -122.408977849986996, 38.886722543683902 ], [ -122.409259055676998, 38.887052508170399 ], [ -122.409491091700005, 38.887206573925297 ], [ -122.409744196648006, 38.887432098835397 ], [ -122.409891833778005, 38.887646544923101 ], [ -122.410440256049, 38.888185554280398 ], [ -122.410452808060995, 38.888180861467099 ], [ -122.410524620424994, 38.888262561313198 ], [ -122.410531659716995, 38.888251576434598 ], [ -122.411255903175004, 38.888609373784902 ], [ -122.411502010435996, 38.888746962843499 ], [ -122.411930896827002, 38.889159469487304 ], [ -122.412001221422003, 38.889241958353097 ], [ -122.411818261863004, 38.890198030381697 ], [ -122.411811224640005, 38.890335413255102 ], [ -122.411804142399006, 38.8907036063178 ], [ -122.411860382990994, 38.890852031399497 ], [ -122.411979928977004, 38.8909235660742 ], [ -122.412057259872, 38.891159936153599 ], [ -122.412204924354995, 38.891258973710002 ], [ -122.412310378791005, 38.891473385134098 ], [ -122.412380676078001, 38.891660288659402 ], [ -122.412683048556005, 38.891852872169302 ], [ -122.413189356839993, 38.892062103784198 ], [ -122.413358124601004, 38.892161155880302 ], [ -122.413829238467997, 38.892606664702001 ], [ -122.414061274944004, 38.893079462857997 ], [ -122.414005002470006, 38.893222299348402 ], [ -122.413990893006002, 38.893579496200097 ], [ -122.414279213179, 38.893827021186901 ], [ -122.414595658893006, 38.894030605104398 ], [ -122.414743328528004, 38.894190087099197 ], [ -122.414898027822005, 38.894481473072702 ], [ -122.414996452791002, 38.894734342852999 ], [ -122.415059737928999, 38.894948715744903 ], [ -122.415186290310999, 38.895399444578203 ], [ -122.415305845030005, 38.895514942006102 ], [ -122.415706681840007, 38.895768046064902 ], [ -122.415826237841998, 38.895894537206303 ], [ -122.416023122618, 38.8962903630458 ], [ -122.416002016701995, 38.896378274551303 ], [ -122.416212986361003, 38.896708168841897 ], [ -122.416445039215006, 38.897082039927703 ], [ -122.416691187340007, 38.897170156345702 ], [ -122.417443674046993, 38.897582893391601 ], [ -122.41782344984, 38.897764531957002 ], [ -122.418145430566, 38.897828739333903 ], [ -122.418484531492993, 38.8978199846877 ], [ -122.419103430966999, 38.897759994692798 ], [ -122.419490236303005, 38.897666858797699 ], [ -122.419736390634, 38.897765959411799 ], [ -122.419870017850002, 38.8977605627827 ], [ -122.420130234205999, 38.897942105625397 ], [ -122.420348249655007, 38.898068660702798 ], [ -122.420573304799007, 38.898211710120997 ], [ -122.420650671819004, 38.898486540658801 ], [ -122.420798365677001, 38.8987614229925 ], [ -122.420946059711994, 38.898953872569699 ], [ -122.421157040265996, 38.899118891838 ], [ -122.421846284973, 38.89948209229 ], [ -122.422085411420994, 38.8996746105231 ], [ -122.422486312969994, 38.899894715482802 ], [ -122.422732486029005, 38.900197145697199 ], [ -122.422788756366003, 38.9003235804349 ], [ -122.422830955224995, 38.9006698278993 ], [ -122.422774698184, 38.9008896057247 ], [ -122.422760636172001, 38.900900589832901 ], [ -122.422542622335001, 38.9012081806138 ], [ -122.422444156942007, 38.901356489527402 ], [ -122.422275361371007, 38.901493754089202 ], [ -122.422162835509994, 38.9017244859917 ], [ -122.422254276971003, 38.902081758998101 ], [ -122.422401979599996, 38.902197268542999 ], [ -122.422704426842998, 38.902483249834397 ], [ -122.422929513620005, 38.902939539650497 ], [ -122.422908413631006, 38.903005468353001 ], [ -122.422402015586002, 38.903334837919502 ], [ -122.422373889965002, 38.903334817545698 ], [ -122.42230355964, 38.903356747927504 ], [ -122.421972998116004, 38.9035708373871 ], [ -122.421804198554995, 38.903741076753001 ], [ -122.421290753560001, 38.904323226506499 ], [ -122.420925020473007, 38.9047900800307 ], [ -122.420868753397002, 38.904883462664102 ], [ -122.420474870489002, 38.905218400978498 ], [ -122.420460807878996, 38.905267847536003 ], [ -122.420066922025995, 38.905295034835198 ], [ -122.419996589733998, 38.905333454278001 ], [ -122.41970821948, 38.905415673730701 ], [ -122.419630846687994, 38.905415616886501 ], [ -122.419293227463996, 38.9055142854343 ], [ -122.419138483200001, 38.905486694539803 ], [ -122.419025941466998, 38.9055690433702 ], [ -122.418913401173, 38.9056733733619 ], [ -122.418758671787003, 38.9057007341992 ], [ -122.418575781615999, 38.905695101746403 ], [ -122.418104534655996, 38.9058156478713 ], [ -122.418062328204002, 38.905826610950903 ], [ -122.417935722124, 38.905925433966203 ], [ -122.417900555516994, 38.9059309024965 ], [ -122.417682508908001, 38.9061230795797 ], [ -122.417612153202001, 38.906254916266597 ], [ -122.417534795864, 38.906293327901103 ], [ -122.417077588715998, 38.906413880693499 ], [ -122.416550059214998, 38.906622308651301 ], [ -122.416444537936002, 38.906688171786001 ], [ -122.416423426546004, 38.9068365344706 ], [ -122.416676637929996, 38.9071444743958 ], [ -122.416831364998998, 38.907238019650499 ], [ -122.416880612533006, 38.9072600388266 ], [ -122.417007210459005, 38.907425000373699 ], [ -122.417063477528004, 38.907512970547401 ], [ -122.417183036118004, 38.907672428492702 ], [ -122.417232280725997, 38.907765892963504 ], [ -122.417302610421999, 38.9079033307885 ], [ -122.417513623377999, 38.908150788904202 ], [ -122.417598013277996, 38.908387161152397 ], [ -122.417429185439005, 38.908700274136002 ], [ -122.417091534660997, 38.909128666106703 ], [ -122.416873475957999, 38.909342822866201 ], [ -122.416057499841003, 38.909886254738701 ], [ -122.415621387963995, 38.910023303139397 ], [ -122.415445525015997, 38.9100671326905 ], [ -122.415332978443004, 38.910067045445999 ], [ -122.414692853155003, 38.910489696683001 ], [ -122.414453667410996, 38.910610412811899 ], [ -122.414052698291997, 38.910967304805702 ], [ -122.413553219533995, 38.9115549290498 ], [ -122.413257758298997, 38.911812983258898 ], [ -122.413039678953993, 38.912021637451801 ], [ -122.412772350232999, 38.9122192609697 ], [ -122.412666832943998, 38.912290618592998 ], [ -122.412568316591006, 38.912581799845 ], [ -122.412455757513001, 38.912658647831201 ], [ -122.412448685281007, 38.912944406651903 ], [ -122.412378330045001, 38.913081738921903 ], [ -122.412195408792996, 38.913356366429802 ], [ -122.412118014971995, 38.913466213580399 ], [ -122.411991377169002, 38.913652957766899 ], [ -122.411829571742999, 38.913806702203701 ], [ -122.411702923652001, 38.914064887855901 ], [ -122.411611430611003, 38.914306617081301 ], [ -122.411576259365006, 38.914312083694 ], [ -122.411526995547007, 38.914542855673403 ], [ -122.411358011553006, 38.915784699082202 ], [ -122.411280601019996, 38.915993463978602 ], [ -122.411224259628, 38.916499003782498 ], [ -122.411175000060993, 38.916674819726303 ], [ -122.410984975271006, 38.917323131499998 ], [ -122.410900524328, 38.9176363075198 ], [ -122.410780896662004, 38.917845037360898 ], [ -122.410605001872, 38.918092191418502 ], [ -122.410232111463998, 38.918383145804597 ], [ -122.410021021473, 38.918635765220998 ], [ -122.409535550003, 38.919025543160402 ], [ -122.409479250225004, 38.919157390904999 ], [ -122.409366657164, 38.9193661241965 ], [ -122.409113379440996, 38.919519789251602 ], [ -122.408923403114997, 38.919689991938903 ], [ -122.408733420811998, 38.919893165272001 ], [ -122.408606760832001, 38.920085401842499 ], [ -122.408212721707997, 38.920513724585099 ], [ -122.407889080703001, 38.920716784373099 ], [ -122.407382480959001, 38.921079059697902 ], [ -122.407248783631999, 38.921216335697999 ], [ -122.406981428913994, 38.9213699831556 ], [ -122.406636677438001, 38.921457614554598 ], [ -122.406369336428995, 38.921528825560401 ], [ -122.406200459296002, 38.921682555987204 ], [ -122.406130092447995, 38.921775922760602 ], [ -122.406045645603996, 38.921847288046898 ], [ -122.405975259933996, 38.922028578766998 ], [ -122.405736012012994, 38.922281170449402 ], [ -122.405341985191995, 38.922506144334598 ], [ -122.404962040496997, 38.922643204244302 ], [ -122.404877617710994, 38.922676103256499 ], [ -122.404743925359, 38.922752920754697 ], [ -122.404462468817002, 38.922934027576801 ], [ -122.404462453782003, 38.923005472885301 ], [ -122.404377957085998, 38.923362605515301 ], [ -122.404406035901005, 38.923609923592601 ], [ -122.404420110453003, 38.923653905560101 ], [ -122.404469294520993, 38.923912232740598 ], [ -122.404469287479003, 38.9239452045843 ], [ -122.404455204970006, 38.924016637531601 ], [ -122.404412961229994, 38.924137496375202 ], [ -122.404363700933999, 38.924219889946599 ], [ -122.404300355640999, 38.924302263077699 ], [ -122.404251082805999, 38.924439608769703 ], [ -122.404236986642005, 38.9244890542154 ], [ -122.404215861748995, 38.924637415205297 ], [ -122.404166582569005, 38.924725303153402 ], [ -122.404229853426997, 38.924972652116303 ], [ -122.404173519539995, 38.925192420299901 ], [ -122.404089057329003, 38.925302259391501 ], [ -122.404096098259004, 38.925307760867597 ], [ -122.404067954685999, 38.925351698516401 ], [ -122.404001080422006, 38.9254010857873 ], [ -122.403913152130997, 38.925412018643598 ], [ -122.376193311764993, 38.924708534297103 ], [ -122.376052640211, 38.924683985488599 ], [ -122.375767415783997, 38.924722742643397 ], [ -122.375647326505998, 38.924702085279101 ], [ -122.374646342418004, 38.924636383102403 ], [ -122.373625291403002, 38.924625948261998 ], [ -122.373258656597997, 38.924597075776703 ], [ -122.373111049065997, 38.924609761424797 ], [ -122.372913440635003, 38.924584476129198 ], [ -122.372780011672006, 38.924602505801701 ], [ -122.372645743725997, 38.924576501780798 ], [ -122.371504830926995, 38.924556402835897 ], [ -122.371272030049994, 38.924531513604201 ], [ -122.371173375522005, 38.924527125864998 ], [ -122.371145017434003, 38.924516436550398 ], [ -122.370975663132995, 38.924496333309499 ], [ -122.370497018711006, 38.924501753941797 ], [ -122.370158847404994, 38.924489066033303 ], [ -122.369933913164004, 38.924508128564298 ], [ -122.369701950088995, 38.924527270651801 ], [ -122.353372988519993, 38.924022714444 ], [ -122.353369538967002, 38.924028240031099 ], [ -122.353211098109, 38.924024523131003 ], [ -122.334291710017993, 38.923904063973403 ], [ -122.334199986404002, 38.923894047709801 ], [ -122.318381263516002, 38.924136467231698 ], [ -122.315835484748007, 38.924175279823103 ], [ -122.301135103543004, 38.924240090577001 ], [ -122.294781526432999, 38.924267527135498 ], [ -122.283995443055005, 38.924179717251597 ], [ -122.265360818334997, 38.924025655723902 ], [ -122.247153280752997, 38.9238722578039 ], [ -122.228766836562002, 38.924740834937197 ], [ -122.209736921532993, 38.9253174964986 ], [ -122.190876458407999, 38.925315069014601 ], [ -122.181279221229005, 38.925350227786303 ], [ -122.170203590867999, 38.925321645533799 ], [ -122.161562353926996, 38.925520541913102 ], [ -122.152824294317995, 38.925662152219999 ], [ -122.148224215751, 38.925645512817802 ], [ -122.138964597336994, 38.925563699352097 ], [ -122.134334024121998, 38.9255176817719 ], [ -122.116534923078007, 38.925563574785599 ], [ -122.107332957935995, 38.925649815397897 ], [ -122.098131005165001, 38.925735355177402 ], [ -122.088819771301004, 38.925757371415898 ], [ -122.080001218836998, 38.925791552765403 ], [ -122.061122259730993, 38.925862484290498 ], [ -122.042622041897005, 38.925862954112503 ], [ -122.033393680054004, 38.925916584344698 ], [ -122.024165865781995, 38.925962041347503 ], [ -122.016919151815998, 38.925933795843598 ], [ -122.00765374385, 38.925534580334002 ], [ -121.988918508881994, 38.925504672550197 ], [ -121.970429277747002, 38.9254721221849 ], [ -121.951832725260999, 38.9254381385432 ], [ -121.933236320674993, 38.925376497021901 ], [ -121.914240504461006, 38.925321106790697 ], [ -121.904341488099007, 38.925259737542603 ], [ -121.894973776738993, 38.925226517320702 ], [ -121.888665424329005, 38.925173464096297 ], [ -121.876253611690004, 38.925101080473098 ], [ -121.866770971880001, 38.925052782895897 ], [ -121.862190417937995, 38.925009706358303 ], [ -121.857577800372994, 38.9249287443009 ], [ -121.853817027481, 38.924848687272302 ], [ -121.847581206911997, 38.924727585823902 ], [ -121.843595333067, 38.9246971190382 ], [ -121.839003002834005, 38.924624952739499 ], [ -121.835398552068995, 38.9246480084065 ], [ -121.835157468111007, 38.924647663449399 ], [ -121.834955739752004, 38.924577561541902 ], [ -121.834589555652997, 38.924423736393699 ], [ -121.834348479791004, 38.924306580412299 ], [ -121.834104576624, 38.924101233621101 ], [ -121.833776739840999, 38.9238824255496 ], [ -121.833421278100005, 38.923651801825699 ], [ -121.833050696244001, 38.923442768790103 ], [ -121.832499027666998, 38.923041221898004 ], [ -121.832279424573002, 38.922770482009703 ], [ -121.831885065540007, 38.922175249167204 ], [ -121.831435384019002, 38.921705067256099 ], [ -121.831161050472005, 38.921399689706099 ], [ -121.831040511344, 38.921120818527697 ], [ -121.830810154473994, 38.920486289234702 ], [ -121.830405180019994, 38.919819145106104 ], [ -121.830045439336004, 38.919384617859102 ], [ -121.829601944119005, 38.919079823454098 ], [ -121.827535688104007, 38.918518503925199 ], [ -121.82669255639, 38.918317707959801 ], [ -121.825976280320006, 38.918263794908697 ], [ -121.825031358637005, 38.918274809372598 ], [ -121.823732949163002, 38.918308544043001 ], [ -121.822674363006996, 38.918338257264899 ], [ -121.821930466832001, 38.918272493004899 ], [ -121.820994702451998, 38.918239687846601 ], [ -121.820205764937, 38.918084480340099 ], [ -121.819766548462994, 38.917902371372797 ], [ -121.819362759509005, 38.917734949376502 ], [ -121.818507812958003, 38.9173409901098 ], [ -121.817629898126, 38.916984915753901 ], [ -121.816481230611004, 38.9165438168571 ], [ -121.815992150213006, 38.916309232406697 ], [ -121.815228605841995, 38.916066624073103 ], [ -121.814109733661994, 38.9158852156094 ], [ -121.813161110842003, 38.915681234871798 ], [ -121.812441276567, 38.915555537484799 ], [ -121.811630630734001, 38.915559349871302 ], [ -121.810869772695, 38.915553603737997 ], [ -121.810143047485994, 38.915570883061399 ], [ -121.809691049288006, 38.915590692236499 ], [ -121.809197893036, 38.9155872718555 ], [ -121.808703411650001, 38.915611334347602 ], [ -121.807788000274002, 38.915595540317703 ], [ -121.807450726195995, 38.915574637412398 ], [ -121.806629979557997, 38.915495520597702 ], [ -121.806337329445, 38.915426358213303 ], [ -121.805925037411996, 38.915353697476498 ], [ -121.805703288610999, 38.915275599890599 ], [ -121.805062916729995, 38.915049572961699 ], [ -121.804509421207001, 38.914739286627501 ], [ -121.804193465015004, 38.914444869174602 ], [ -121.804075532389007, 38.914135320336499 ], [ -121.803997453617001, 38.913733034255898 ], [ -121.803939558313999, 38.913191576157402 ], [ -121.804059842296994, 38.912650420081299 ], [ -121.804159641682006, 38.912356709266703 ], [ -121.804358256559993, 38.912125035033299 ], [ -121.804576880778001, 38.911816057616299 ], [ -121.804795162893996, 38.911630818266097 ], [ -121.804974062157996, 38.911368174212299 ], [ -121.805251689855993, 38.911198502224202 ], [ -121.805469967159993, 38.911013261592103 ], [ -121.805926019829002, 38.910751084664398 ], [ -121.806718742884996, 38.910443068691798 ], [ -121.807451774745999, 38.910243218854397 ], [ -121.807664493982003, 38.910256291001602 ], [ -121.807970168433002, 38.910159965800297 ], [ -121.808305171276004, 38.9101089646582 ], [ -121.809048195268005, 38.910210959305402 ], [ -121.809364180383, 38.910294951683703 ], [ -121.809740521880002, 38.910422633848903 ], [ -121.810268388279994, 38.910626858924402 ], [ -121.811169970848994, 38.910910729796797 ], [ -121.811852240291003, 38.911147947323897 ], [ -121.812203110503006, 38.911253108242597 ], [ -121.812481350387998, 38.911336500571998 ], [ -121.812947935775, 38.911451820096197 ], [ -121.813031892753003, 38.911474837921098 ], [ -121.813064012243004, 38.911483909894997 ], [ -121.813402936847993, 38.911456591291604 ], [ -121.813665049595997, 38.911367091776398 ], [ -121.813843631509002, 38.911212705729803 ], [ -121.814002698728999, 38.910950016991897 ], [ -121.814121764964, 38.910841937017899 ], [ -121.814182049126998, 38.9105017500626 ], [ -121.814182536032007, 38.910316142265103 ], [ -121.814044445392, 38.910130309390901 ], [ -121.813787534959005, 38.9099597531131 ], [ -121.813293104756994, 38.909773342895001 ], [ -121.81295701002, 38.909602655832998 ], [ -121.812660551891, 38.909416564708899 ], [ -121.812324501245001, 38.909230408944303 ], [ -121.811869785465007, 38.908990647195999 ], [ -121.810805315094001, 38.9084142683868 ], [ -121.809656032649997, 38.907989600575903 ], [ -121.808938262077007, 38.907676690458999 ], [ -121.807940634478996, 38.907322533776203 ], [ -121.807185036445006, 38.907063579658399 ], [ -121.806156637214997, 38.906662600839802 ], [ -121.805125371223994, 38.906451713904801 ], [ -121.804123239907, 38.906267488327202 ], [ -121.803000205903999, 38.906084408784103 ], [ -121.802170972526, 38.9059462103939 ], [ -121.801807845981998, 38.905895142855499 ], [ -121.801168593154003, 38.905775540335199 ], [ -121.800190908629006, 38.905592694635303 ], [ -121.799738052231007, 38.905586725878401 ], [ -121.798984579187007, 38.905541072888902 ], [ -121.797933872707006, 38.905541294420701 ], [ -121.796910028051002, 38.905622769024397 ], [ -121.795957524241004, 38.905668585560001 ], [ -121.795450807256998, 38.905715186373797 ], [ -121.795146768766003, 38.9057463121475 ], [ -121.794599478875995, 38.9058086695809 ], [ -121.794173629688999, 38.9059187402124 ], [ -121.793545100070006, 38.906044278778303 ], [ -121.793119109448, 38.906201843392303 ], [ -121.792692930884996, 38.906422736900403 ], [ -121.792429460834001, 38.906438096082297 ], [ -121.792085123323005, 38.906389976641499 ], [ -121.791817815247001, 38.9063038109324 ], [ -121.791692656649005, 38.906123893149001 ], [ -121.791418016251001, 38.905850456926999 ], [ -121.791216410177995, 38.905501770407902 ], [ -121.791035395064995, 38.905042291617299 ], [ -121.790955137431993, 38.904772988776998 ], [ -121.790895329549002, 38.9044403909339 ], [ -121.790835943112, 38.903965299483197 ], [ -121.790877636090002, 38.903569555087003 ], [ -121.790959387035002, 38.903332211504399 ], [ -121.791061212174995, 38.903158234739898 ], [ -121.791143055169997, 38.902889224874698 ], [ -121.791306086705006, 38.902572864348102 ], [ -121.791590643473, 38.902272555927603 ], [ -121.792037805541995, 38.901798378820203 ], [ -121.792870401029006, 38.901166564519201 ], [ -121.793276054260005, 38.901024797334202 ], [ -121.793681797874996, 38.900851362580298 ], [ -121.794289973863002, 38.900741619087299 ], [ -121.794999364245996, 38.900663718990103 ], [ -121.795890745047004, 38.900712798470799 ], [ -121.796518723130006, 38.900761406945598 ], [ -121.796984471255996, 38.900857224357701 ], [ -121.798341200951995, 38.901144596039202 ], [ -121.798928392142997, 38.901288116985498 ], [ -121.799495456901994, 38.901384101251203 ], [ -121.800609240295003, 38.901607692001598 ], [ -121.801034564518005, 38.901671758447797 ], [ -121.801378930653996, 38.901704017894197 ], [ -121.801844735700996, 38.901783983204901 ], [ -121.802290281051995, 38.9018639131085 ], [ -121.802553555906002, 38.901911862089101 ], [ -121.802938447727996, 38.901944186609803 ], [ -121.803323515309998, 38.901913178447003 ], [ -121.803546750172003, 38.901786896842403 ], [ -121.803668717682001, 38.9016446093935 ], [ -121.803810990238006, 38.901486523368497 ], [ -121.803872301501002, 38.901296633454699 ], [ -121.803873047196006, 38.9010274769673 ], [ -121.803772307681996, 38.900821479192601 ], [ -121.803671481207004, 38.900647146585101 ], [ -121.803489872121006, 38.900377679387098 ], [ -121.803382440587001, 38.900156057955201 ], [ -121.803187618709003, 38.899775516476303 ], [ -121.803066885167993, 38.899474486178697 ], [ -121.802987556857005, 38.898856870857699 ], [ -121.803009358547001, 38.898302759420197 ], [ -121.803111940549996, 38.897843782792201 ], [ -121.803173778279003, 38.8974639006465 ], [ -121.803519925608995, 38.896847010302402 ], [ -121.803845586825005, 38.896309248799199 ], [ -121.804130065471, 38.896008908583099 ], [ -121.804352268141002, 38.895671330128799 ], [ -121.804593667373993, 38.895370944205098 ], [ -121.804770704961996, 38.895145647693802 ], [ -121.805109015804007, 38.894594761984699 ], [ -121.805302328690999, 38.894281760219698 ], [ -121.805479671425999, 38.893943663922002 ], [ -121.805625247142004, 38.893492716846502 ], [ -121.805706637984002, 38.893054193386902 ], [ -121.805803755032002, 38.892728495328697 ], [ -121.805852862563995, 38.892365116692098 ], [ -121.805833233708, 38.891979788978901 ], [ -121.805820785994996, 38.891722818708303 ], [ -121.805768603383001, 38.891568560961403 ], [ -121.805747128090005, 38.891457765419403 ], [ -121.805624502604005, 38.8913627587742 ], [ -121.805480063706995, 38.891280290698298 ], [ -121.805296424979005, 38.891105255889201 ], [ -121.805125798505998, 38.890981631595203 ], [ -121.804889472004007, 38.890837339964598 ], [ -121.804797667950993, 38.890744683159198 ], [ -121.804705807616998, 38.890672581246797 ], [ -121.804587730023997, 38.890569601261497 ], [ -121.80440401157, 38.890425397931701 ], [ -121.804256506439003, 38.890229974371202 ], [ -121.804049925298997, 38.890065067917099 ], [ -121.803703663204999, 38.889861283619801 ], [ -121.803380303447994, 38.889673364330299 ], [ -121.802894459239994, 38.8894053070266 ], [ -121.802500446135994, 38.889219629359197 ], [ -121.802132851324004, 38.888992884274302 ], [ -121.801554817346002, 38.888776053442001 ], [ -121.801226593837995, 38.888580205710497 ], [ -121.801029850635999, 38.888394862792602 ], [ -121.801056671455001, 38.888209905861203 ], [ -121.801109649553993, 38.888076383589798 ], [ -121.801303403274005, 38.887923849523602 ], [ -121.801557465065002, 38.887830483381698 ], [ -121.801820736859, 38.887738434134597 ], [ -121.802110080065006, 38.887728652546599 ], [ -121.802399221873998, 38.887790816692203 ], [ -121.802885510715001, 38.887894428234802 ], [ -121.803489929400996, 38.888080464020597 ], [ -121.804415431796002, 38.888251998119202 ], [ -121.804764954931997, 38.888298467536103 ], [ -121.805495877289005, 38.888344270065303 ], [ -121.806027090162999, 38.888423933699997 ], [ -121.806460897631993, 38.888486329872102 ], [ -121.806710622021001, 38.888538138780604 ], [ -121.807012838139997, 38.888631147117401 ], [ -121.807380921670003, 38.888683152767904 ], [ -121.807644049895998, 38.888642480027997 ], [ -121.807963786450998, 38.888444155819201 ], [ -121.808175496819004, 38.888290648132703 ], [ -121.808548333803003, 38.888009683354497 ], [ -121.808815260665995, 38.887879820352701 ], [ -121.808960732545998, 38.887784951395503 ], [ -121.809504255730999, 38.887470435426103 ], [ -121.809960174631001, 38.887219437086799 ], [ -121.810650893867006, 38.8869202430459 ], [ -121.811320756162999, 38.886614923003599 ], [ -121.812014989310001, 38.886285382678501 ], [ -121.812754930900994, 38.8860518423825 ], [ -121.813240727283002, 38.885817885840297 ], [ -121.813795641466996, 38.885656267643 ], [ -121.814165536375, 38.885566578197498 ], [ -121.814558532231004, 38.885476924421802 ], [ -121.814974820561005, 38.8853150776213 ], [ -121.815283854659995, 38.885216726821596 ], [ -121.815504795718994, 38.885125082035998 ], [ -121.815769907494996, 38.885022007266997 ], [ -121.815873051344994, 38.884964673753203 ], [ -121.816064624386001, 38.884849981372 ], [ -121.816241631424006, 38.884677766052803 ], [ -121.816389153417006, 38.884528503925303 ], [ -121.816581051108002, 38.884287313336003 ], [ -121.816728808956995, 38.8840460519571 ], [ -121.816901881497003, 38.883650036160503 ], [ -121.817010202583006, 38.883333509761201 ], [ -121.817158965771995, 38.882701256176802 ], [ -121.817233865926994, 38.882183882807702 ], [ -121.817205331143995, 38.881838842942798 ], [ -121.817132658530994, 38.881493732742904 ], [ -121.817059688143999, 38.881263620360698 ], [ -121.816913423886007, 38.8809298937459 ], [ -121.816825803098993, 38.880676758097998 ], [ -121.816694075168996, 38.880412053277801 ], [ -121.816532952695994, 38.880135800549802 ], [ -121.816312982404995, 38.8798594546274 ], [ -121.816122229288993, 38.879663653258397 ], [ -121.815755378412007, 38.8792950737257 ], [ -121.815462452231003, 38.878788612861499 ], [ -121.815139895128993, 38.878362601993402 ], [ -121.814817582879002, 38.877844593141099 ], [ -121.81473027445, 38.877476457909999 ], [ -121.814716373992994, 38.877165940165398 ], [ -121.814658249573, 38.876889851525597 ], [ -121.814468737377993, 38.876540549662899 ], [ -121.814277432067996, 38.876245248002597 ], [ -121.814057512698994, 38.875957398172098 ], [ -121.813778567488995, 38.8757384508122 ], [ -121.813470413210993, 38.8754389571044 ], [ -121.813132474216999, 38.875277412270997 ], [ -121.812838610300005, 38.875138938363698 ], [ -121.812591397532003, 38.875009657503597 ], [ -121.812452203866997, 38.874889857288899 ], [ -121.812218406376005, 38.874629205745002 ], [ -121.81212070942, 38.874524476095999 ], [ -121.811988304135994, 38.874337216713499 ], [ -121.811939516574995, 38.874271108714098 ], [ -121.811862716565003, 38.874199431243397 ], [ -121.811751162142002, 38.874056199192502 ], [ -121.811485869902995, 38.873797097782997 ], [ -121.811416089888993, 38.873719937003798 ], [ -121.811269583886997, 38.873554618860801 ], [ -121.811109063621004, 38.873414987621103 ], [ -121.810962233351006, 38.873295377681103 ], [ -121.810941312973, 38.873267829360103 ], [ -121.810913495112999, 38.873218294050297 ], [ -121.810759856165006, 38.873080425701097 ], [ -121.810562255294002, 38.872919689058399 ], [ -121.810393983297999, 38.872776585753797 ], [ -121.810127448420005, 38.872589372917602 ], [ -121.809841951698999, 38.872396698017702 ], [ -121.809720665529994, 38.872292061055497 ], [ -121.809585745337003, 38.872230520770302 ], [ -121.809482065617004, 38.872170813447198 ], [ -121.809271427172007, 38.872104545244397 ], [ -121.808789243372999, 38.871925411933802 ], [ -121.808585417955996, 38.871863058952201 ], [ -121.808426899574002, 38.871809639419403 ], [ -121.808200384474006, 38.871756106601097 ], [ -121.807973893661, 38.871693714245801 ], [ -121.807758759834002, 38.871622481094903 ], [ -121.807521008088997, 38.871533491827201 ], [ -121.807169976889995, 38.871426593249097 ], [ -121.806954796531002, 38.871373076799202 ], [ -121.806682904306996, 38.8713371839251 ], [ -121.806444985902999, 38.871310207022603 ], [ -121.806320396716998, 38.871283420305303 ], [ -121.806127761644007, 38.871274237361902 ], [ -121.805946484527993, 38.8712562139238 ], [ -121.805708542445004, 38.871238094609097 ], [ -121.805413985124005, 38.871202160881303 ], [ -121.805176091952006, 38.871166321385402 ], [ -121.804745736135999, 38.8710592816035 ], [ -121.804304171134007, 38.870907924773398 ], [ -121.804055166932997, 38.870792330245003 ], [ -121.803749721497994, 38.870596905877697 ], [ -121.803500768296999, 38.870463591966903 ], [ -121.803319739185, 38.870356971674099 ], [ -121.803116144043003, 38.870214874529601 ], [ -121.802946523385998, 38.870081694659397 ], [ -121.802844725327006, 38.870010646251501 ], [ -121.802765619061006, 38.869930776218403 ], [ -121.802482944022998, 38.869699949672402 ], [ -121.802352517190997, 38.869554506230699 ], [ -121.802204963947005, 38.869367462034198 ], [ -121.802164712717001, 38.869320037597902 ], [ -121.802031222622006, 38.869132177498301 ], [ -121.801929625590006, 38.868990253709903 ], [ -121.801771763635998, 38.868706483170598 ], [ -121.801625233888004, 38.868422732646501 ], [ -121.801545971226005, 38.868222587464899 ], [ -121.801524234992002, 38.868068184758002 ], [ -121.801490733945002, 38.867890940255201 ], [ -121.801482007762999, 38.867680456369499 ], [ -121.801482446449995, 38.867523872674496 ], [ -121.801486829896007, 38.867334173483599 ], [ -121.801487200107005, 38.867201679789403 ], [ -121.801483737251999, 38.867063157241603 ], [ -121.801505539358004, 38.866650656162399 ], [ -121.801597188130998, 38.8662964397774 ], [ -121.801745347334005, 38.865995477256 ], [ -121.801950240005993, 38.865668032889197 ], [ -121.802064079551002, 38.865482181213103 ], [ -121.802143848525006, 38.865322849761498 ], [ -121.802194847061003, 38.865226721085897 ], [ -121.802214028253999, 38.865152582508202 ], [ -121.802214304716003, 38.865053687421003 ], [ -121.802208380186997, 38.864910279770498 ], [ -121.802189695823003, 38.864806407547299 ], [ -121.802158375565, 38.8646975698463 ], [ -121.802098642635002, 38.864617201663997 ], [ -121.801919878649997, 38.864518422312401 ], [ -121.801912220863997, 38.864514191395202 ], [ -121.801826915603002, 38.864480583221599 ], [ -121.801625603074996, 38.8644632179154 ], [ -121.801386172666, 38.864454296740803 ], [ -121.801163032017001, 38.864458167348403 ], [ -121.801026918771001, 38.8644792066452 ], [ -121.800803622949999, 38.864538387835502 ], [ -121.800678334162995, 38.864580719288597 ], [ -121.800547614967002, 38.864618785585002 ], [ -121.800449559675997, 38.864652653912501 ], [ -121.800362365954001, 38.864695050418398 ], [ -121.800215246796995, 38.864758617891802 ], [ -121.800106295901003, 38.864796721104597 ], [ -121.800013706325998, 38.864822089758803 ], [ -121.799915627687994, 38.864864467201798 ], [ -121.799822954044004, 38.864919618279004 ], [ -121.799626735005006, 38.865025645767403 ], [ -121.799544969414001, 38.865072306720897 ], [ -121.799452320384006, 38.865118947939102 ], [ -121.799334720849998, 38.865186329054303 ], [ -121.799205565394999, 38.865265304088197 ], [ -121.799030280419998, 38.865372998202602 ], [ -121.798947253625997, 38.865423252822502 ], [ -121.798670541711004, 38.865573969371702 ], [ -121.798439835783995, 38.865739165431201 ], [ -121.798329035327001, 38.865839770543097 ], [ -121.798144415698999, 38.8659906464786 ], [ -121.797913685565007, 38.866163041191101 ], [ -121.797646137932006, 38.866328171615699 ], [ -121.797544585699001, 38.866414392592297 ], [ -121.797406134658004, 38.866522148401302 ], [ -121.797267743678006, 38.866608304924 ], [ -121.797083264898006, 38.866708780321197 ], [ -121.796889616331995, 38.866794838117997 ], [ -121.796604825624996, 38.866882141505698 ], [ -121.796457459083001, 38.866914667965403 ], [ -121.796152290796996, 38.8669879368653 ], [ -121.795940511224003, 38.866973163097803 ], [ -121.795728752442997, 38.866951188338 ], [ -121.795507866234999, 38.866900398167601 ], [ -121.795351531769001, 38.866820921371897 ], [ -121.795186050645995, 38.866719829022401 ], [ -121.795038967737995, 38.866625968619601 ], [ -121.794910346430996, 38.8665177411185 ], [ -121.794763326704, 38.866402280346598 ], [ -121.794625601069995, 38.866258036837401 ], [ -121.7945154839, 38.866121041712901 ], [ -121.794414597162998, 38.865976863063999 ], [ -121.794341254933002, 38.865861533835201 ], [ -121.794286374075995, 38.865731836844397 ], [ -121.794213032306999, 38.865616507531698 ], [ -121.794139733652997, 38.8654867778598 ], [ -121.794075581754001, 38.865378664474797 ], [ -121.793974674934006, 38.865241685137399 ], [ -121.793864853048007, 38.865003890786099 ], [ -121.793718320102997, 38.864722831815797 ], [ -121.793626668027002, 38.864571469099403 ], [ -121.793544182315998, 38.864434522978101 ], [ -121.793434195654001, 38.864254327659097 ], [ -121.793377011090001, 38.864127317914402 ], [ -121.793314286425996, 38.864010667290003 ], [ -121.793253658111993, 38.863892772655198 ], [ -121.793160381641997, 38.8637055989252 ], [ -121.793063402884997, 38.863539581738898 ], [ -121.792977799268002, 38.863404960194103 ], [ -121.792903505286006, 38.863324146020098 ], [ -121.792800545679, 38.863243281603303 ], [ -121.792686107158005, 38.863166877543698 ], [ -121.792514364756997, 38.863081405645701 ], [ -121.792371249162002, 38.863009432804702 ], [ -121.792239547468995, 38.862955408383698 ], [ -121.792084820945007, 38.862932718998302 ], [ -121.79182118093, 38.8629053498655 ], [ -121.791637750722003, 38.862896054844001 ], [ -121.791414123096999, 38.8629090974243 ], [ -121.791302337936003, 38.862919387390399 ], [ -121.791150324167006, 38.862935514675002 ], [ -121.790897873514993, 38.8630022908591 ], [ -121.790649565989995, 38.8630987584949 ], [ -121.790530495217993, 38.863158504021101 ], [ -121.790404196539995, 38.863216543659199 ], [ -121.790231846872004, 38.863337251899097 ], [ -121.790030818649001, 38.863462389904903 ], [ -121.789783817911996, 38.863623300819597 ], [ -121.789496645187995, 38.863797585736698 ], [ -121.789255389047, 38.863954024107002 ], [ -121.789157726254004, 38.864021079754103 ], [ -121.789025611376999, 38.864106000986801 ], [ -121.788904962418002, 38.864190943793602 ], [ -121.788836058422007, 38.864226675027297 ], [ -121.788663770301, 38.864324970132003 ], [ -121.788462776559001, 38.864436658214203 ], [ -121.788342219838, 38.8644902242374 ], [ -121.788158625622998, 38.864534709819402 ], [ -121.787975110282005, 38.864552301613102 ], [ -121.787797423437993, 38.864538528291703 ], [ -121.787665627465003, 38.864515874890898 ], [ -121.787499499749003, 38.864470746762002 ], [ -121.787259044503003, 38.864358247823397 ], [ -121.787156009257998, 38.864304271011299 ], [ -121.787075920095006, 38.864245854318703 ], [ -121.786972885151997, 38.8641918773436 ], [ -121.786775336136003, 38.864076083170197 ], [ -121.786474762487998, 38.863893772961497 ], [ -121.786342028082998, 38.863794416334997 ], [ -121.786181288866004, 38.863689468598899 ], [ -121.786055483200002, 38.863612132620197 ], [ -121.785636674887002, 38.863340857922303 ], [ -121.785044699013994, 38.862849510757002 ], [ -121.784743488436007, 38.862481265344101 ], [ -121.784598828072006, 38.862183345634101 ], [ -121.784442918408004, 38.861902914167601 ], [ -121.784376294249, 38.861718947481201 ], [ -121.784287542694997, 38.8614473950039 ], [ -121.784243233053004, 38.8612897335884 ], [ -121.784151848638999, 38.861067460870899 ], [ -121.784108722119996, 38.860942657203502 ], [ -121.784036678353004, 38.8607894539347 ], [ -121.784015253125006, 38.860681698963901 ], [ -121.783993879670007, 38.8605569356682 ], [ -121.783979843316004, 38.860403841045702 ], [ -121.783958609058999, 38.860233724623697 ], [ -121.783944676280001, 38.860046614251601 ], [ -121.783937978278004, 38.859865186495199 ], [ -121.783938393170004, 38.859729126235401 ], [ -121.783997384062999, 38.859406091261597 ], [ -121.784027180867, 38.859145362901401 ], [ -121.784114985293002, 38.858884743186799 ], [ -121.784220623645993, 38.858568389075302 ], [ -121.784265656363004, 38.858422052522201 ], [ -121.784337442373001, 38.858275765594399 ], [ -121.784454026326998, 38.858059837996798 ], [ -121.784517189829998, 38.857815920323603 ], [ -121.784509013302994, 38.8575718703636 ], [ -121.784482600763994, 38.857460262184397 ], [ -121.784420686703001, 38.857292808099302 ], [ -121.784385293244995, 38.857202100531403 ], [ -121.784305439622003, 38.857069475858196 ], [ -121.784216689817995, 38.856929860978198 ], [ -121.784065541534005, 38.856783157381898 ], [ -121.783976538187005, 38.85672721193 ], [ -121.783878596151993, 38.856678221619802 ], [ -121.783753902548995, 38.856629180555103 ], [ -121.783638041806, 38.8566080467304 ], [ -121.783513263521002, 38.856586895279101 ], [ -121.783325978139999, 38.856593517210499 ], [ -121.783138476833003, 38.856615382957102 ], [ -121.782951260497001, 38.8566555654198 ], [ -121.782826225457995, 38.856718081941203 ], [ -121.782629681919005, 38.856836243769997 ], [ -121.782495665750005, 38.856919660435501 ], [ -121.782334811991007, 38.857030915817198 ], [ -121.782129155524004, 38.857211811622399 ], [ -121.781941354837002, 38.857385767831502 ], [ -121.781771388701003, 38.857559757223797 ], [ -121.781592418247996, 38.857761619473798 ], [ -121.781395589756997, 38.857970419690403 ], [ -121.781225642351998, 38.858137436483297 ], [ -121.780957385402004, 38.858373990608399 ], [ -121.780778496633999, 38.858547961724 ], [ -121.780608524868001, 38.858721950295703 ], [ -121.780492165083004, 38.858861177123501 ], [ -121.780331043966996, 38.859056099295202 ], [ -121.780062607912996, 38.859348430154903 ], [ -121.779785296026006, 38.859626799012098 ], [ -121.779588608460998, 38.859786789099203 ], [ -121.779357096018998, 38.860012717665697 ], [ -121.779230924551001, 38.860099865140398 ], [ -121.779007504196997, 38.860252831631698 ], [ -121.778773281292004, 38.860428604267703 ], [ -121.778653603769996, 38.860532651176399 ], [ -121.778377114258006, 38.860736201005402 ], [ -121.778044704441996, 38.860897749364597 ], [ -121.777784998168997, 38.861026999982997 ], [ -121.777620391338999, 38.861100978080103 ], [ -121.777442265307002, 38.861172308528403 ], [ -121.777241184868998, 38.861237183225299 ], [ -121.777058016355994, 38.861325645167398 ], [ -121.776819763212004, 38.861406226560497 ], [ -121.776630208124004, 38.861466081064599 ], [ -121.776424709051994, 38.861519045371402 ], [ -121.776227460423002, 38.861575428684603 ], [ -121.776019610684997, 38.861612513527596 ], [ -121.775767042859002, 38.861655683596503 ], [ -121.775500449901003, 38.861698791795902 ], [ -121.775191826983004, 38.861736276852398 ], [ -121.774869259926007, 38.8617572193412 ], [ -121.774497839583006, 38.861734037065297 ], [ -121.774112332995003, 38.861727287818098 ], [ -121.773790062957005, 38.861687782241198 ], [ -121.773405999353997, 38.8616510218881 ], [ -121.77303270729, 38.861617851445402 ], [ -121.772503914002996, 38.861560045766502 ], [ -121.772151367519001, 38.861526913093698 ], [ -121.771684781248993, 38.861477336141299 ], [ -121.771176603018006, 38.861460112155903 ], [ -121.770854964246993, 38.861491911622899 ], [ -121.770522927810006, 38.861531799302099 ], [ -121.770300469708999, 38.861574512453402 ], [ -121.770164383161003, 38.861613218666903 ], [ -121.769996572169006, 38.861651861048003 ], [ -121.769733416956001, 38.861743462952802 ], [ -121.769388501397003, 38.861891594707203 ], [ -121.769048161059999, 38.862025560245598 ], [ -121.768798449726006, 38.862163250917398 ], [ -121.768585120715997, 38.862262036465097 ], [ -121.768362530062006, 38.862421039816503 ], [ -121.768066363735997, 38.862593460346702 ], [ -121.767831024298999, 38.862749045465399 ], [ -121.767619135475002, 38.862913857755402 ], [ -121.767383733887996, 38.8630878015666 ], [ -121.767207249039004, 38.8631976047809 ], [ -121.766936619887005, 38.8633714771276 ], [ -121.766712985618994, 38.863536263310898 ], [ -121.766512834547996, 38.863701097137699 ], [ -121.766348058201999, 38.863820102426097 ], [ -121.766159858568997, 38.863920699737598 ], [ -121.765948296171999, 38.863984531160099 ], [ -121.765783760317007, 38.864030097243003 ], [ -121.765583938866001, 38.864093950759397 ], [ -121.765360664137006, 38.8641485767304 ], [ -121.765134103086993, 38.864193346425303 ], [ -121.764867577500993, 38.864219951687403 ], [ -121.764706175434995, 38.864252391510099 ], [ -121.764523727281002, 38.864290265762399 ], [ -121.764509785382003, 38.864273723677002 ], [ -121.764327511947997, 38.864273119131703 ], [ -121.764208269156001, 38.8642892199804 ], [ -121.763920667809998, 38.864311275969598 ], [ -121.763634806479999, 38.864298272939799 ], [ -121.763269485929996, 38.864297524993603 ], [ -121.762920048287995, 38.8642968082954 ], [ -121.762745330621001, 38.864296450005099 ], [ -121.762475352460996, 38.864283477442598 ], [ -121.762300675223003, 38.864270700078201 ], [ -121.762094189531993, 38.864270274939997 ], [ -121.761940951384005, 38.864266182955397 ], [ -121.761811808391997, 38.864265916591798 ], [ -121.761699930077995, 38.864252223784703 ], [ -121.761545005311007, 38.864238442570397 ], [ -121.761441759453007, 38.864218035924999 ], [ -121.761304075783997, 38.864197558474103 ], [ -121.761080364880002, 38.864156710171798 ], [ -121.760873851067998, 38.864122628116299 ], [ -121.760710385010995, 38.864088634321 ], [ -121.760529699635001, 38.864054604821597 ], [ -121.760245724957002, 38.864013629839199 ], [ -121.759970336441, 38.863979403191799 ], [ -121.759591566631997, 38.8639651542126 ], [ -121.759341824241005, 38.863984826804 ], [ -121.759117772828006, 38.8640449389952 ], [ -121.758936745759001, 38.864111872190399 ], [ -121.758798788809997, 38.8641721631869 ], [ -121.758652199002995, 38.864239167394203 ], [ -121.758531437070005, 38.864306225073697 ], [ -121.758462401055993, 38.8643531980291 ], [ -121.758358789631998, 38.864440485062602 ], [ -121.758330221284993, 38.864489896932099 ], [ -121.758318064868007, 38.864563357404101 ], [ -121.758320505306997, 38.864647733433699 ], [ -121.758347697283995, 38.864748244149297 ], [ -121.758417521230996, 38.864891586133098 ], [ -121.758477375929004, 38.865012869383001 ], [ -121.758563082153998, 38.865127475901197 ], [ -121.758657375674005, 38.865248830581301 ], [ -121.758743059615995, 38.865370168214497 ], [ -121.758828745003996, 38.8654915057854 ], [ -121.758940326673994, 38.865592703104397 ], [ -121.759000251347999, 38.8656937941265 ], [ -121.759086027712996, 38.865788206499801 ], [ -121.759146044033997, 38.8658623733441 ], [ -121.759206084446006, 38.865929808909101 ], [ -121.759397414063002, 38.866307588365501 ], [ -121.759607513240994, 38.866660926978398 ], [ -121.759731479486007, 38.866923983127499 ], [ -121.759779094788996, 38.867044217886999 ], [ -121.759816952229002, 38.867209484945 ], [ -121.759821242848005, 38.867381128357799 ], [ -121.759795591740001, 38.867589111330098 ], [ -121.759740911945002, 38.867774279237501 ], [ -121.759644674330005, 38.867952860521498 ], [ -121.759565232867004, 38.868082716910401 ], [ -121.759467785951003, 38.868214900770397 ], [ -121.759332762797996, 38.868379807410598 ], [ -121.759101617444998, 38.868567038269198 ], [ -121.758803366031998, 38.8687165866193 ], [ -121.758457649126996, 38.8688156238399 ], [ -121.758198088946997, 38.868847723613797 ], [ -121.757917450500003, 38.868890744296202 ], [ -121.757335370042995, 38.868927259053798 ], [ -121.757167053862005, 38.8689376819652 ], [ -121.756571935162995, 38.868928712300203 ], [ -121.756217752688997, 38.868978283624699 ], [ -121.755927991698996, 38.8690112176646 ], [ -121.755724080359002, 38.869035946125102 ], [ -121.755477114577005, 38.869102515537399 ], [ -121.755230206120999, 38.869152311259199 ], [ -121.755058419126001, 38.869193879477599 ], [ -121.754854421296002, 38.869243765712099 ], [ -121.754679452643998, 38.869286871652399 ], [ -121.754425024803993, 38.869326717711502 ], [ -121.754081420950996, 38.869418237647402 ], [ -121.753907434924002, 38.8694877949318 ], [ -121.753714326880996, 38.869567466945298 ], [ -121.753593612821007, 38.869623738883497 ], [ -121.753442751517994, 38.869684658305403 ], [ -121.753310000881001, 38.869736193773299 ], [ -121.753122852854005, 38.869834720937497 ], [ -121.752941811919001, 38.869909706649402 ], [ -121.752706422171997, 38.870017551897803 ], [ -121.752489159250004, 38.870111302427901 ], [ -121.752259761017001, 38.870228580820999 ], [ -121.752072692433003, 38.870303553235203 ], [ -121.751692495414005, 38.8704629037072 ], [ -121.751504996107002, 38.870551617951399 ], [ -121.751276007889004, 38.870659862263899 ], [ -121.751089078071999, 38.870752494035898 ], [ -121.750913750059993, 38.870856935540097 ], [ -121.750729230442005, 38.870962262444401 ], [ -121.750594349061998, 38.871023379998597 ], [ -121.750436899267996, 38.871119538709799 ], [ -121.750200770042994, 38.871250618827602 ], [ -121.749897213427005, 38.871407869614103 ], [ -121.749687923254001, 38.871490718032803 ], [ -121.749492625772007, 38.871573673703601 ], [ -121.749268024893993, 38.8716170501162 ], [ -121.749088406886003, 38.871634205197999 ], [ -121.748908787638996, 38.871651359999802 ], [ -121.748774182589997, 38.871633522051603 ], [ -121.748651886849999, 38.871606754119703 ], [ -121.748460363253997, 38.871518794279098 ], [ -121.748337260206995, 38.8714220267196 ], [ -121.748191806945002, 38.871298891718297 ], [ -121.748102527019, 38.871158334736499 ], [ -121.748002461230996, 38.870894936073199 ], [ -121.747924965465003, 38.870596495591698 ], [ -121.747837867765995, 38.869841855525301 ], [ -121.747753982492, 38.869346504277601 ], [ -121.747639114885004, 38.8689290631566 ], [ -121.747572906621997, 38.868613101536702 ], [ -121.747495383965997, 38.868323434198402 ], [ -121.747318208709004, 38.867656322736003 ], [ -121.747184953976998, 38.867261261055901 ], [ -121.747073988153005, 38.8669101110548 ], [ -121.746962679741003, 38.866655458662898 ], [ -121.746896289087005, 38.866392133099602 ], [ -121.746812292524993, 38.866238175288302 ], [ -121.746732792692001, 38.866112323541401 ], [ -121.746566379995997, 38.865838638704901 ], [ -121.746429240663005, 38.865630758467198 ], [ -121.746237735193006, 38.865408147276199 ], [ -121.745942018376994, 38.865079590941498 ], [ -121.745699476317995, 38.864861847294002 ], [ -121.745399623050005, 38.864578603275 ], [ -121.745107848033996, 38.864440664012101 ], [ -121.744749276541995, 38.864299508986903 ], [ -121.744446622227002, 38.864211112742602 ], [ -121.744020694672002, 38.864078579128702 ], [ -121.743639557901005, 38.863972461666201 ], [ -121.743370506362993, 38.863901682065297 ], [ -121.743090233472998, 38.863830877939598 ], [ -121.742798676907995, 38.863777592617097 ], [ -121.742395213064995, 38.863696766741299 ], [ -121.741915896994001, 38.863569756417299 ], [ -121.741576621663, 38.8634301866106 ], [ -121.741271812581004, 38.863257191866701 ], [ -121.740662300878, 38.8629167153277 ], [ -121.740428535296999, 38.8627925247429 ], [ -121.740200362362998, 38.862591144292402 ], [ -121.739876573122004, 38.862345854524797 ], [ -121.739516446023003, 38.862130592209901 ], [ -121.739127780016005, 38.861824970468298 ], [ -121.738897336311993, 38.861677720143597 ], [ -121.738695766017997, 38.861530535172697 ], [ -121.738479801904006, 38.861372030455598 ], [ -121.738203745183995, 38.861202319199599 ], [ -121.737752204738001, 38.861058458347102 ], [ -121.737111213934, 38.860911153985199 ], [ -121.736518717693997, 38.860758083244697 ], [ -121.735984995593995, 38.8606439957464 ], [ -121.735408010320995, 38.860518520305099 ], [ -121.734888643575005, 38.860427034459697 ], [ -121.734282535641, 38.860369207250997 ], [ -121.733892886123996, 38.860334449378698 ], [ -121.733122882860002, 38.860287707054198 ], [ -121.732503976714, 38.860195218007497 ], [ -121.732201332410995, 38.860137882448598 ], [ -121.731772008261999, 38.860002224893798 ], [ -121.731440405390998, 38.859888585451202 ], [ -121.731079973410999, 38.859763591348703 ], [ -121.730575354338001, 38.859593113032197 ], [ -121.730301499671995, 38.859479605075599 ], [ -121.730109068306007, 38.859383712017099 ], [ -121.729919451487007, 38.859264383612803 ], [ -121.729786826435003, 38.859152617790897 ], [ -121.729682798555999, 38.859018628075503 ], [ -121.729503054348001, 38.858802727843901 ], [ -121.729342515667994, 38.858534859357 ], [ -121.729210432057002, 38.858281917707401 ], [ -121.729097724970998, 38.8579324269529 ], [ -121.728994635372004, 38.8575532369562 ], [ -121.728920254197007, 38.857122102911099 ], [ -121.728827038261002, 38.856646341633898 ], [ -121.728790189441995, 38.856341610700198 ], [ -121.728763240830006, 38.855932878331402 ], [ -121.728774247942994, 38.855539095295399 ], [ -121.728794956141002, 38.855093323067301 ], [ -121.728792715111993, 38.854791493464901 ], [ -121.728816317433001, 38.854476654313302 ], [ -121.728807580478005, 38.854276014343803 ], [ -121.728761324136002, 38.853903852756602 ], [ -121.728678608758997, 38.853641824062102 ], [ -121.728508423188003, 38.853439121498297 ], [ -121.728428714008999, 38.853313942934697 ], [ -121.728285668571004, 38.853192040468002 ], [ -121.728023387942002, 38.852976343865599 ], [ -121.727581614054998, 38.852788277409303 ], [ -121.727139375716007, 38.8527217745076 ], [ -121.726792595877995, 38.852711603358699 ], [ -121.726397871399996, 38.852729371459503 ], [ -121.726026919738004, 38.852784599360199 ], [ -121.725488575910006, 38.852830077963802 ], [ -121.725165678018001, 38.852829309417601 ], [ -121.724842924967007, 38.852791136120899 ], [ -121.724472696931997, 38.8526593361889 ], [ -121.724198217223005, 38.852509061137503 ], [ -121.723959761920995, 38.852321465903302 ], [ -121.723685793658007, 38.852040273441403 ], [ -121.723519350187004, 38.851787391125399 ], [ -121.723473132199004, 38.851526294962703 ], [ -121.723517575244003, 38.851272358416203 ], [ -121.723748827121995, 38.850878660642401 ], [ -121.723992003616004, 38.850656123970801 ], [ -121.724114385, 38.850544128971499 ], [ -121.724326193335997, 38.850349226150101 ], [ -121.724590011429001, 38.8501628306242 ], [ -121.725021467355006, 38.849920726765902 ], [ -121.725297096700004, 38.849771762689699 ], [ -121.725716552530997, 38.849538978037401 ], [ -121.726028234490997, 38.849343342053601 ], [ -121.726483490874003, 38.849129342034203 ], [ -121.727146686633006, 38.848781363571 ], [ -121.727409278348006, 38.848569153286697 ], [ -121.727804474962994, 38.8483224631984 ], [ -121.727915583620003, 38.8482103098656 ], [ -121.728610035434997, 38.847509315615 ], [ -121.728977920641, 38.846921283945903 ], [ -121.729118174044004, 38.846539587993597 ], [ -121.729161194316006, 38.846208521326403 ], [ -121.729183366510995, 38.845888711095697 ], [ -121.729176998477001, 38.8455416469155 ], [ -121.729150808005002, 38.845260922706402 ], [ -121.729029739886997, 38.844777357575403 ], [ -121.728855720805996, 38.844465165131297 ], [ -121.728652137054993, 38.844070649221898 ], [ -121.728371249426999, 38.8436659435678 ], [ -121.728090557791006, 38.843406552013498 ], [ -121.727748588847007, 38.842978400801002 ], [ -121.727497461831007, 38.842667045349003 ], [ -121.727285348069998, 38.842427439019502 ], [ -121.727167605285999, 38.8422683730128 ], [ -121.727059711709003, 38.842120766596402 ], [ -121.726866793645996, 38.841924488800103 ], [ -121.726725198010001, 38.8417611294593 ], [ -121.726625763892002, 38.8416044265918 ], [ -121.726551602464994, 38.841379330295503 ], [ -121.726602334920997, 38.841193645564502 ], [ -121.726753140761005, 38.840998419005601 ], [ -121.726903794319, 38.840842307788002 ], [ -121.727342235562006, 38.840637981651398 ], [ -121.727868166101999, 38.840443638666798 ], [ -121.728318694573005, 38.840346907675901 ], [ -121.728631450677995, 38.8403085271135 ], [ -121.729194664885, 38.840172940845498 ], [ -121.729708157689004, 38.839959002608197 ], [ -121.729983919527996, 38.839783622207896 ], [ -121.730159645908003, 38.839608007986598 ], [ -121.730343747511995, 38.839198106723501 ], [ -121.730475864910005, 38.838755878382699 ], [ -121.730485226970998, 38.838502317895198 ], [ -121.730577503752997, 38.838181741863998 ], [ -121.730667841504001, 38.837756504143897 ], [ -121.730815082790997, 38.837374722063601 ], [ -121.730976153396995, 38.8369817748559 ], [ -121.731134269706999, 38.836429066958701 ], [ -121.731220500095006, 38.836164393566001 ], [ -121.731260373642996, 38.836042004894502 ], [ -121.731322369078995, 38.835600541174301 ], [ -121.731267231998004, 38.835270535540801 ], [ -121.730955770752004, 38.834728420597997 ], [ -121.730655394834997, 38.834406580476703 ], [ -121.730341899522003, 38.834134469751298 ], [ -121.730077181588996, 38.833845299949402 ], [ -121.729783922267004, 38.833578574179199 ], [ -121.729543046198998, 38.833393745484599 ], [ -121.729280833825996, 38.833189800487503 ], [ -121.729074247105999, 38.833020183570198 ], [ -121.728796067079003, 38.8327235480998 ], [ -121.728463882233001, 38.832412691582 ], [ -121.728230486007007, 38.8321866320168 ], [ -121.728042006972004, 38.831995913890097 ], [ -121.727802277188005, 38.831754037301799 ], [ -121.727631324664998, 38.8316071113818 ], [ -121.727567121964, 38.831547192396599 ], [ -121.727347016723002, 38.831295632332299 ], [ -121.727278626059004, 38.831212792338697 ], [ -121.727199729570003, 38.831113392101003 ], [ -121.726605159024004, 38.830421619882401 ], [ -121.725998759890999, 38.829745805360503 ], [ -121.725496818538005, 38.829134092900503 ], [ -121.725219124465994, 38.828702250284401 ], [ -121.725062135152996, 38.828471354250702 ], [ -121.724853952022997, 38.8280996328672 ], [ -121.724599970057, 38.827628510004601 ], [ -121.724346191785997, 38.8269028766057 ], [ -121.724039990489004, 38.826141329951803 ], [ -121.723824337723997, 38.825465927601101 ], [ -121.723705860205996, 38.824905983174801 ], [ -121.723671917028, 38.824613187671503 ], [ -121.723721360002997, 38.823927259749098 ], [ -121.723735008622, 38.823424190812801 ], [ -121.723796605477006, 38.822619376262701 ], [ -121.723875901425004, 38.821993802948398 ], [ -121.724046896771995, 38.821171795508199 ], [ -121.724214975083001, 38.820240148900801 ], [ -121.724291748320994, 38.819915431601999 ], [ -121.724353509961006, 38.819567049582503 ], [ -121.724386844980998, 38.819420956355302 ], [ -121.724423158633996, 38.819106493996998 ], [ -121.724441165426001, 38.818940999181102 ], [ -121.724464290636007, 38.818782067662198 ], [ -121.724538097890004, 38.818434262716899 ], [ -121.724567051595002, 38.818234361495897 ], [ -121.724647652795994, 38.8175833263982 ], [ -121.724619880087999, 38.817214458612398 ], [ -121.724515989004004, 38.816515807204503 ], [ -121.724330782894995, 38.815586617975399 ], [ -121.724115779605, 38.814944263784298 ], [ -121.724016929231993, 38.814521058198501 ], [ -121.723908249887003, 38.813943679499801 ], [ -121.723811918506001, 38.813658199175102 ], [ -121.723765339590003, 38.813410748623497 ], [ -121.723712552367999, 38.813207450489301 ], [ -121.723607872101994, 38.812464727088198 ], [ -121.723559283122995, 38.812107107202898 ], [ -121.723631483717995, 38.811516154351899 ], [ -121.723703954344998, 38.811046520257499 ], [ -121.723778305105995, 38.810093263695201 ], [ -121.723771810187003, 38.809492170607697 ], [ -121.723613592280003, 38.808172397078003 ], [ -121.723480581820994, 38.807413453990101 ], [ -121.723437321152005, 38.806948876586802 ], [ -121.723394138242995, 38.806700050968203 ], [ -121.723391414381993, 38.8065493432822 ], [ -121.723365038300997, 38.8062362180221 ], [ -121.723347474145001, 38.805497415675703 ], [ -121.723355743606007, 38.805221443947701 ], [ -121.723357464990997, 38.804779275642801 ], [ -121.723358862664, 38.804420014161899 ], [ -121.723353940059994, 38.803932512335699 ], [ -121.723275428868007, 38.803470515541498 ], [ -121.723058083420995, 38.803081645122099 ], [ -121.722806816155, 38.8027537501941 ], [ -121.722528823451, 38.802497769057503 ], [ -121.722140536474001, 38.802342146772801 ], [ -121.721682992408006, 38.802231353292001 ], [ -121.721247978367003, 38.802202960273199 ], [ -121.720925972626006, 38.802222946729003 ], [ -121.720498674314001, 38.802233039559198 ], [ -121.720022916389993, 38.802337296101399 ], [ -121.719574461449, 38.802413354338903 ], [ -121.718901763375001, 38.802530945524801 ], [ -121.718211247813997, 38.8026204354017 ], [ -121.717359339077007, 38.802723552446999 ], [ -121.716749822321006, 38.802729070880503 ], [ -121.716175851269995, 38.802688737308998 ], [ -121.715601725723999, 38.802570032389902 ], [ -121.715152630854007, 38.802422311436601 ], [ -121.714235886682005, 38.802082834258201 ], [ -121.713456533894998, 38.801748578841099 ], [ -121.712599000216997, 38.801443444642501 ], [ -121.712014229074995, 38.801258719898897 ], [ -121.711413671955995, 38.801116714881601 ], [ -121.711008040327997, 38.801036284020299 ], [ -121.710641393931994, 38.800968167470799 ], [ -121.710344958749999, 38.800912443490198 ], [ -121.710048450459993, 38.800875045101897 ], [ -121.709767555602994, 38.800837685877703 ], [ -121.709439794435994, 38.800806315768 ], [ -121.708994882927001, 38.800786868025902 ], [ -121.708502979795995, 38.800803951904697 ], [ -121.707870379227003, 38.800863440878402 ], [ -121.707112491616002, 38.801014240474402 ], [ -121.706435105281997, 38.801154320025297 ], [ -121.705870019784996, 38.801298195327199 ], [ -121.705487364820002, 38.801450882692599 ], [ -121.70497071234, 38.801662431383399 ], [ -121.704743855996, 38.801771810461403 ], [ -121.704399641435998, 38.801941977090799 ], [ -121.704133621617004, 38.802081799513701 ], [ -121.703875382026993, 38.802227750011703 ], [ -121.703711080109002, 38.802312852082402 ], [ -121.703421406889007, 38.802507591232299 ], [ -121.703108362793998, 38.802690052227803 ], [ -121.702631318940007, 38.802884307561001 ], [ -121.702076482493993, 38.803011162308799 ], [ -121.701607881331995, 38.803052713077797 ], [ -121.701225233805999, 38.803076158380499 ], [ -121.700920811719001, 38.803063151727599 ], [ -121.700554214834, 38.802982785783598 ], [ -121.700195529736007, 38.802878003722498 ], [ -121.699509726485005, 38.8025891020513 ], [ -121.699213862880995, 38.802398956531803 ], [ -121.699011528542997, 38.802245706665701 ], [ -121.698793581681997, 38.802092415951599 ], [ -121.698568112765997, 38.801871907991398 ], [ -121.698389539263999, 38.801639303693001 ], [ -121.698211200249006, 38.801351721002803 ], [ -121.698063855577004, 38.801119198235703 ], [ -121.697901339913997, 38.8007827845111 ], [ -121.697800890820005, 38.8005381665808 ], [ -121.697723784017995, 38.800311935857799 ], [ -121.69762328425, 38.800079535323803 ], [ -121.697546516266002, 38.7997738903345 ], [ -121.697485025085001, 38.799547701003199 ], [ -121.697438965147001, 38.7993643137739 ], [ -121.697400842944006, 38.799150402966397 ], [ -121.697347497088003, 38.798844819745597 ], [ -121.697276946320997, 38.798479575192999 ], [ -121.697204070154996, 38.798152613605502 ], [ -121.697097934831007, 38.797869799189797 ], [ -121.696933154484995, 38.797609739140803 ], [ -121.696764363363997, 38.797410169494697 ], [ -121.696583624208998, 38.797196471451898 ], [ -121.696330993721006, 38.796943814991302 ], [ -121.696107604418003, 38.796698872134698 ], [ -121.695922955496997, 38.796522755522702 ], [ -121.695738209485995, 38.7963695458687 ], [ -121.695543607768002, 38.796239219391097 ], [ -121.695319733833998, 38.796108813983999 ], [ -121.695027620904, 38.795962956374296 ], [ -121.694501912494999, 38.795679029635302 ], [ -121.694015140673002, 38.795418112418197 ], [ -121.693391897382995, 38.795126285935702 ], [ -121.692978111605996, 38.794993745605296 ], [ -121.692573186760001, 38.794859052535301 ], [ -121.692424045376995, 38.794800198749101 ], [ -121.692125688748007, 38.794699191774498 ], [ -121.691869982162999, 38.794606649246099 ], [ -121.691614383727995, 38.794489053030397 ], [ -121.691358896010001, 38.7943464040344 ], [ -121.691220607850994, 38.794245822758597 ], [ -121.691114586930993, 38.7940868718972 ], [ -121.691093897862004, 38.793936500003298 ], [ -121.691062647924994, 38.793761046596302 ], [ -121.691063554802994, 38.793552275987501 ], [ -121.691075459001993, 38.793268377099402 ], [ -121.691151279200994, 38.793009701632897 ], [ -121.691334097734995, 38.792684505083301 ], [ -121.691634327580005, 38.792351271662397 ], [ -121.691891365458005, 38.792134834292597 ], [ -121.692084377841994, 38.791918225692399 ], [ -121.692320035411001, 38.791710081814799 ], [ -121.692502302536994, 38.791510145421697 ], [ -121.692620328706994, 38.791360143732497 ], [ -121.692824187645002, 38.791101807821498 ], [ -121.692888715671003, 38.7909850670735 ], [ -121.693014122326005, 38.790807811323297 ], [ -121.693107385461005, 38.7906870906655 ], [ -121.693231464701995, 38.790505098859001 ], [ -121.693325296861005, 38.790336859117097 ], [ -121.693403467341, 38.790131418531303 ], [ -121.693435111509999, 38.789962146030902 ], [ -121.693482316244996, 38.7897687206179 ], [ -121.693498920698005, 38.789502632474097 ], [ -121.693499911163002, 38.789272793177901 ], [ -121.693470145451002, 38.789006581716698 ], [ -121.693455784047003, 38.788752507901201 ], [ -121.693379961968006, 38.7884135928578 ], [ -121.693304297102003, 38.788038386293501 ], [ -121.693120595408004, 38.787626602301899 ], [ -121.692906036297003, 38.787202638498201 ], [ -121.692644693028001, 38.786875325486797 ], [ -121.692213963697995, 38.786402396359001 ], [ -121.691844382368004, 38.7860868888285 ], [ -121.691459033897004, 38.785843920174301 ], [ -121.691181930485001, 38.785589142990702 ], [ -121.690981951086997, 38.785370862310899 ], [ -121.690797533525995, 38.785128429632699 ], [ -121.690597661843, 38.7848859545715 ], [ -121.690428754826002, 38.784631465626703 ], [ -121.690352161646004, 38.784474000432198 ], [ -121.690244709824995, 38.784304354063501 ], [ -121.690121855995997, 38.784122570389997 ], [ -121.689983758517002, 38.783892356991601 ], [ -121.689907219854007, 38.783722794637796 ], [ -121.689846083904996, 38.7835653694735 ], [ -121.689815964993997, 38.783383834949703 ], [ -121.689724288868007, 38.783141649135402 ], [ -121.689570896853994, 38.782875104251403 ], [ -121.689286916095995, 38.782639621587897 ], [ -121.689080943589005, 38.782481986675698 ], [ -121.688633278398001, 38.782128520890403 ], [ -121.688554268036995, 38.7820191485959 ], [ -121.688438084455996, 38.781788943430499 ], [ -121.688314108040998, 38.7815147390234 ], [ -121.688249299825003, 38.781416238607299 ], [ -121.687995823684005, 38.780950542084902 ], [ -121.687759289300999, 38.780649963085203 ], [ -121.687549023886007, 38.780249933298499 ], [ -121.687396065729999, 38.779920932277001 ], [ -121.687236197396004, 38.779597514992098 ], [ -121.687003554157997, 38.7791205752997 ], [ -121.686706599228998, 38.778572680419202 ], [ -121.686553257699998, 38.778221641686898 ], [ -121.686451677649003, 38.778024345133403 ], [ -121.686295197234003, 38.777497018939897 ], [ -121.686162875904998, 38.777145760779298 ], [ -121.686137271107995, 38.776887059961098 ], [ -121.686126760310003, 38.7766888128996 ], [ -121.686139007454997, 38.7765895069628 ], [ -121.686099963643002, 38.7761721411756 ], [ -121.686172402856002, 38.775707563509002 ], [ -121.686204460485001, 38.775471270256297 ], [ -121.686256853421995, 38.775087761608503 ], [ -121.686325853876994, 38.774770444865602 ], [ -121.686394679911004, 38.774492815843502 ], [ -121.686513796213006, 38.774307928482401 ], [ -121.686683844917994, 38.774070262620299 ], [ -121.686870967860003, 38.773792955224103 ], [ -121.687074988809002, 38.773515692174399 ], [ -121.687227901691003, 38.773330896073098 ], [ -121.687353551517006, 38.773182688536401 ], [ -121.687533957491993, 38.772908387128602 ], [ -121.687852803189003, 38.772499743867499 ], [ -121.687963590669995, 38.772426959671002 ], [ -121.688510042922999, 38.7720355501081 ], [ -121.688814785334003, 38.7718395144475 ], [ -121.689070687165994, 38.771655009066002 ], [ -121.689714985414, 38.7712515507638 ], [ -121.689881209209005, 38.771145120916103 ], [ -121.690747356168998, 38.770612603789097 ], [ -121.691052871912007, 38.770460638050601 ], [ -121.691378793279, 38.770275393222398 ], [ -121.691691118451999, 38.770112330662201 ], [ -121.691878252226005, 38.770000170749199 ], [ -121.692208430798004, 38.769660597127 ], [ -121.692326317083001, 38.7695932427835 ], [ -121.692725261746006, 38.769181319227101 ], [ -121.692875592660997, 38.768970365331398 ], [ -121.692928984694007, 38.7688210353583 ], [ -121.69305439096, 38.7683899412351 ], [ -121.693062993246997, 38.768086799998002 ], [ -121.693016452890006, 38.767833831564502 ], [ -121.692898167581006, 38.767611371690798 ], [ -121.692743217769006, 38.767455283345903 ], [ -121.692553714835, 38.767292334068301 ], [ -121.692364271304001, 38.767115847116102 ], [ -121.692174742008007, 38.766959665450003 ], [ -121.691959539603999, 38.766742498760202 ], [ -121.691761452761, 38.766565987871502 ], [ -121.691615007264005, 38.766443763025499 ], [ -121.691490480821997, 38.766318060298197 ], [ -121.691201519627, 38.766097461962801 ], [ -121.690908424853006, 38.765900390079501 ], [ -121.690425751110993, 38.765560669377798 ], [ -121.690141949426007, 38.765323860893297 ], [ -121.689900114167997, 38.7651170153839 ], [ -121.689652070915997, 38.764954309392998 ], [ -121.689020973349002, 38.764520114171802 ], [ -121.688673323903004, 38.764270293439097 ], [ -121.688305254262005, 38.764053741272299 ], [ -121.687959466840994, 38.763908584917303 ], [ -121.687339209301001, 38.763689156889001 ], [ -121.687022798566005, 38.763620833640097 ], [ -121.686152292835004, 38.763508699193203 ], [ -121.685647001812995, 38.763453362809798 ], [ -121.685395298851006, 38.763478028023201 ], [ -121.685171485519007, 38.763496889197299 ], [ -121.684822423013003, 38.763561139487798 ], [ -121.684521885281001, 38.763597331187199 ], [ -121.684102098012005, 38.763623744689802 ], [ -121.683613260151006, 38.763705974397901 ], [ -121.683452867691003, 38.763746215437401 ], [ -121.683061586001998, 38.763799880669097 ], [ -121.682585774776996, 38.763826870822498 ], [ -121.682207130744004, 38.763803258699802 ], [ -121.681941018054999, 38.763806026125899 ], [ -121.681572114564005, 38.7637585166474 ], [ -121.681223790543996, 38.763648184677102 ], [ -121.680744382533007, 38.763471336844198 ], [ -121.680510464899996, 38.763313976082202 ], [ -121.680295775429002, 38.763231675102503 ], [ -121.680093409974006, 38.763097907065202 ], [ -121.679786363356996, 38.7627649877953 ], [ -121.679544097247003, 38.762530573156802 ], [ -121.679428054517999, 38.762305869537002 ], [ -121.679033397460998, 38.7617699883128 ], [ -121.678790830975998, 38.761519044585398 ], [ -121.678468921187005, 38.761136684442803 ], [ -121.678199810942999, 38.760968664947903 ], [ -121.677993715558998, 38.760799991753302 ], [ -121.677590006331002, 38.760545207393001 ], [ -121.677378584794994, 38.760470259430001 ], [ -121.676914952822003, 38.760392410249302 ], [ -121.676480211324005, 38.760363852151997 ], [ -121.676129493139996, 38.760334422432898 ], [ -121.675329647450994, 38.760254538195497 ], [ -121.674866792293997, 38.760220753178501 ], [ -121.674365457836004, 38.760175729784301 ], [ -121.673686280058007, 38.760087526939699 ], [ -121.672929055824994, 38.759954253462801 ], [ -121.672268598510001, 38.759834338112398 ], [ -121.671846191892996, 38.759767118151998 ], [ -121.671205433954995, 38.759663867380802 ], [ -121.670804257629996, 38.759576510516503 ], [ -121.670378542536994, 38.759490161831202 ], [ -121.670150831914, 38.759412361674102 ], [ -121.670027932867995, 38.759376511324 ], [ -121.669943920188004, 38.759335700372702 ], [ -121.669872932421001, 38.759279712330503 ], [ -121.669853854601001, 38.7592035885787 ], [ -121.669834870944996, 38.759107179954498 ], [ -121.669861320506001, 38.758990616331403 ], [ -121.670011772300995, 38.758671555756301 ], [ -121.670194231234007, 38.758433727388699 ], [ -121.670169029446001, 38.758281516791499 ], [ -121.670247152095996, 38.7581955280668 ], [ -121.670474500034999, 38.758054182314197 ], [ -121.670721090875006, 38.7579534609877 ], [ -121.670942032200003, 38.757796882067097 ], [ -121.671085086038005, 38.757675578537501 ], [ -121.671502951956995, 38.757288245348697 ], [ -121.672040051745, 38.756950928529498 ], [ -121.672338780838999, 38.7566891726674 ], [ -121.672622724890005, 38.756464093343702 ], [ -121.672752289311006, 38.756264399187202 ], [ -121.672939590075003, 38.756023643285502 ], [ -121.673204974192998, 38.755751400462202 ], [ -121.673927158159998, 38.7549344578551 ], [ -121.674298827806993, 38.754521878155799 ], [ -121.674553598385003, 38.754257874353698 ], [ -121.674797876661003, 38.7539772959109 ], [ -121.675020495604997, 38.753812470880099 ], [ -121.675318512182002, 38.753434298006802 ], [ -121.675523681645998, 38.753206532681403 ], [ -121.675743535985006, 38.752955974290103 ], [ -121.675992601480004, 38.752694080172297 ], [ -121.676109869068, 38.752557404203799 ], [ -121.676183290818003, 38.752443439519297 ], [ -121.676337598122998, 38.752254655194697 ], [ -121.676420156903006, 38.752171149409598 ], [ -121.676529373915997, 38.7520102294785 ], [ -121.676632181391994, 38.751882436805602 ], [ -121.676916668364001, 38.7514864567461 ], [ -121.677049238226004, 38.751189982677197 ], [ -121.677152595207005, 38.750904844056898 ], [ -121.677226479644006, 38.750688124580599 ], [ -121.677288218879994, 38.750455073440001 ], [ -121.677337132407004, 38.750297943507299 ], [ -121.677402910924997, 38.749964722831002 ], [ -121.677444875177002, 38.749568521976201 ], [ -121.677445788735994, 38.749367219883602 ], [ -121.677462882870998, 38.749140799343202 ], [ -121.677431863012998, 38.748895371604704 ], [ -121.677400700785, 38.748681397730202 ], [ -121.677337207490993, 38.748511369035299 ], [ -121.677241780374999, 38.748297214606502 ], [ -121.677186234196, 38.748146080489803 ], [ -121.677099413156, 38.747806134577601 ], [ -121.677036463782002, 38.747516581870499 ], [ -121.676920033090994, 38.747193659332702 ], [ -121.676763157728004, 38.746782989869303 ], [ -121.676480143804, 38.7461854978147 ], [ -121.676259439282006, 38.7458492354477 ], [ -121.676117595685, 38.745625075068098 ], [ -121.675865092045996, 38.745301154436 ], [ -121.675549208985998, 38.744952191716401 ], [ -121.675312461131995, 38.744682921749401 ], [ -121.675013566234, 38.744338942806799 ], [ -121.674783334601997, 38.7440243359964 ], [ -121.674538656204007, 38.743780809210499 ], [ -121.674389129044997, 38.743622711094098 ], [ -121.674127015153999, 38.743389834273103 ], [ -121.673859016837994, 38.743144896423502 ], [ -121.673494563570003, 38.743007120348402 ], [ -121.673224893143995, 38.742969062933803 ], [ -121.672954651774006, 38.743055315071302 ], [ -121.672564562410997, 38.743200579457202 ], [ -121.672360177344999, 38.743281400829801 ], [ -121.671996908618993, 38.743409234002002 ], [ -121.671574816022996, 38.743596022642301 ], [ -121.671249974239998, 38.7437839285368 ], [ -121.670839418735994, 38.744038621437298 ], [ -121.670469899102002, 38.744298432927302 ], [ -121.670286311460998, 38.744466115089601 ], [ -121.670035064976005, 38.744758941584998 ], [ -121.669885184866004, 38.744959877715097 ], [ -121.669780475383007, 38.745100202945103 ], [ -121.669603193887994, 38.745293623951703 ], [ -121.669490184400004, 38.745461256240802 ], [ -121.669366867356999, 38.745711050104802 ], [ -121.669239717164999, 38.746016129036597 ], [ -121.669090704857993, 38.746321810336802 ], [ -121.668996084298001, 38.746517235430296 ], [ -121.668925117960001, 38.746663804646801 ], [ -121.668830098083006, 38.746944845565402 ], [ -121.668719372308004, 38.747244188024503 ], [ -121.668624578644994, 38.747476306129499 ], [ -121.668600352720006, 38.747647471145598 ], [ -121.668560507951995, 38.747818591547201 ], [ -121.668465369982997, 38.748124094357898 ], [ -121.668448754004004, 38.748338090074697 ], [ -121.668424555854003, 38.748503139940397 ], [ -121.668400213967999, 38.748698766213899 ], [ -121.668372804129007, 38.748933079283297 ], [ -121.668408138234, 38.749369040308501 ], [ -121.668462737672002, 38.749546742958202 ], [ -121.668502042764999, 38.749751544553803 ], [ -121.668619009059995, 38.749957339075003 ], [ -121.668783445936, 38.750253206678103 ], [ -121.668946194686995, 38.750522751769999 ], [ -121.669046666241002, 38.750749310951903 ], [ -121.669131746483998, 38.750926901988699 ], [ -121.669177751831, 38.7511104967612 ], [ -121.669225773104998, 38.751242589359101 ], [ -121.669246872266996, 38.751361427115199 ], [ -121.669277486018999, 38.751496053803301 ], [ -121.669268606613002, 38.752090683230698 ], [ -121.669264504110998, 38.752256024722399 ], [ -121.669226191960007, 38.752449911337401 ], [ -121.669194129209004, 38.752627166562199 ], [ -121.669154283097996, 38.752798283504198 ], [ -121.669090894986994, 38.752993794939897 ], [ -121.669027676032997, 38.753152614824103 ], [ -121.668917655068, 38.753299068097597 ], [ -121.668862274469006, 38.753451795068401 ], [ -121.668807064408995, 38.753567828699801 ], [ -121.668728396253996, 38.753689911431401 ], [ -121.668665318245999, 38.753818153802101 ], [ -121.668586564131004, 38.753958581738999 ], [ -121.668468303010997, 38.754196743294898 ], [ -121.668303409770004, 38.754385846398399 ], [ -121.668083931078996, 38.754556445820903 ], [ -121.667919207213004, 38.754708856868298 ], [ -121.667582347739, 38.754928040877502 ], [ -121.667277011639001, 38.7550861615644 ], [ -121.667034298673002, 38.755213884316703 ], [ -121.666690024334997, 38.755347428312803 ], [ -121.666463130474, 38.755432388125897 ], [ -121.666173725733003, 38.755523281991699 ], [ -121.665939107181998, 38.755589872115202 ], [ -121.665696591208004, 38.755674784565002 ], [ -121.665501107378006, 38.755723140976599 ], [ -121.665319461349995, 38.755740281787098 ], [ -121.665025666863997, 38.755759822946402 ], [ -121.664745776475996, 38.755773712659703 ], [ -121.664127947040001, 38.755686377728701 ], [ -121.663755689159998, 38.755624072324501 ], [ -121.663404616031997, 38.755572564771903 ], [ -121.663151288368994, 38.755503531268303 ], [ -121.662863048497002, 38.755440362337303 ], [ -121.662792743818997, 38.755424550318203 ], [ -121.662666041208993, 38.755387275705502 ], [ -121.662061835841001, 38.7552777509148 ], [ -121.661498897892002, 38.755123718175803 ], [ -121.661307927156997, 38.755015472348497 ], [ -121.660955997439999, 38.754914378460199 ], [ -121.660632466574995, 38.754835033649101 ], [ -121.660007372614004, 38.754731219812101 ], [ -121.659712417411995, 38.754684640124196 ], [ -121.659319447238005, 38.7546390629727 ], [ -121.659067835450998, 38.754616348000503 ], [ -121.658791729135999, 38.754651542115496 ], [ -121.658668861086994, 38.754699191505701 ], [ -121.658584260487004, 38.7547589584957 ], [ -121.658513609986997, 38.755016449634397 ], [ -121.658451422987994, 38.755286716713002 ], [ -121.658451981054995, 38.755501953388602 ], [ -121.658402436502001, 38.755910751066097 ], [ -121.658370479894998, 38.756180734094997 ], [ -121.658292475661995, 38.756462583990597 ], [ -121.658275213893006, 38.7568646479506 ], [ -121.658319734152002, 38.757170867935798 ], [ -121.658357310312994, 38.757327023841 ], [ -121.658418025317005, 38.7574532403723 ], [ -121.658463642374002, 38.757531397261403 ], [ -121.658493697010996, 38.757657522621201 ], [ -121.658538967520002, 38.757807700328598 ], [ -121.658576630889996, 38.757945851393004 ], [ -121.658621989291007, 38.758078023404998 ], [ -121.658879726991003, 38.758678958310902 ], [ -121.659030702191998, 38.759165544551898 ], [ -121.659212800963999, 38.759556194318698 ], [ -121.659303634997997, 38.759796531441197 ], [ -121.659516283829007, 38.7602112779607 ], [ -121.659622537394995, 38.760433655937199 ], [ -121.659827437519994, 38.760866384144101 ], [ -121.659941014102998, 38.7611608033206 ], [ -121.660100670614995, 38.761437353217801 ], [ -121.660237762251001, 38.761623810882 ], [ -121.660485258319, 38.761828777463798 ], [ -121.660835728126003, 38.761957617304297 ], [ -121.661325394250994, 38.762132346003298 ], [ -121.662000457599007, 38.762733259120303 ], [ -121.662345992623997, 38.7630000526256 ], [ -121.662911478767995, 38.7634176374955 ], [ -121.663498005758001, 38.763806950577802 ], [ -121.663910752931002, 38.764066812741497 ], [ -121.664259992373999, 38.764289093282699 ], [ -121.664552765864997, 38.7644201629763 ], [ -121.664565125620001, 38.7647056247554 ], [ -121.664482229388994, 38.765012031471102 ], [ -121.664436501807998, 38.765114207808402 ], [ -121.664507523571004, 38.765237744581 ], [ -121.664578652440994, 38.765338858696303 ], [ -121.664592550772994, 38.765428594146698 ], [ -121.664620610643993, 38.765552005795499 ], [ -121.664605708056996, 38.765675293306302 ], [ -121.664590488292006, 38.765865850461601 ], [ -121.664561105711002, 38.766022731403901 ], [ -121.664502975744, 38.766201952172203 ], [ -121.664459008234005, 38.766414849130499 ], [ -121.664443946551998, 38.7665717714344 ], [ -121.664386027394002, 38.766706145107698 ], [ -121.664298036728994, 38.767143152004301 ], [ -121.664268494257001, 38.767333667677001 ], [ -121.664253379048006, 38.767501802152204 ], [ -121.664180660859003, 38.767737038744599 ], [ -121.664122422671994, 38.767938682811298 ], [ -121.664049809483004, 38.768151496702998 ], [ -121.663933966881999, 38.768420244494997 ], [ -121.663847401629994, 38.768554534049798 ], [ -121.663717660849997, 38.768733546104301 ], [ -121.663588183344999, 38.768856498782597 ], [ -121.663472868189999, 38.7690131285513 ], [ -121.663357711680007, 38.769136123389998 ], [ -121.663214017013999, 38.769236610602597 ], [ -121.663141819561005, 38.769358093856901 ], [ -121.663001316213993, 38.769437466221298 ], [ -121.662845452905003, 38.769532752903103 ], [ -121.662618111035002, 38.769657748092499 ], [ -121.662347438029997, 38.769786605906198 ], [ -121.662010723085999, 38.769873386181601 ], [ -121.661575849060995, 38.769951945298601 ], [ -121.661041279719001, 38.7699579935354 ], [ -121.66040272987, 38.769948474247897 ], [ -121.659542630786007, 38.769730545296298 ], [ -121.659018795422, 38.769521575485399 ], [ -121.658605149210004, 38.769266083421698 ], [ -121.658237080858996, 38.769006309752903 ], [ -121.657956264185003, 38.768792442363001 ], [ -121.657782133463002, 38.768624540088197 ], [ -121.657761781559003, 38.768323612933997 ], [ -121.657634130063997, 38.768065361182302 ], [ -121.657535121660999, 38.767807194691599 ], [ -121.657436599833005, 38.767448121880797 ], [ -121.657380340494001, 38.767234929044001 ], [ -121.657411089088995, 38.766797757439797 ], [ -121.657455079075007, 38.766584863161299 ], [ -121.657498851759996, 38.766416814975699 ], [ -121.657442701012997, 38.766181198643601 ], [ -121.657260550629999, 38.765966486412303 ], [ -121.657029607520997, 38.765720284477297 ], [ -121.656815550668, 38.765562681396503 ], [ -121.656486981794004, 38.765393525819597 ], [ -121.656172409389001, 38.765291681355997 ], [ -121.655943927319001, 38.765156457753903 ], [ -121.655703554490998, 38.765040132246597 ], [ -121.655457995584996, 38.764953193802 ], [ -121.655186281113998, 38.764873898592001 ], [ -121.654583102562995, 38.764649295676698 ], [ -121.654329084707996, 38.764541678761397 ], [ -121.653698885834004, 38.764465814532002 ], [ -121.653355243744997, 38.764453571008097 ], [ -121.653082932185995, 38.764497599715597 ], [ -121.652739071168, 38.764530200482099 ], [ -121.652481297834996, 38.764529424504303 ], [ -121.652137326754001, 38.764584446995102 ], [ -121.651528920177995, 38.764630706600101 ], [ -121.651074672305995, 38.764690409131198 ], [ -121.650809694309004, 38.764759212576301 ], [ -121.650450384443005, 38.764837931160201 ], [ -121.650234298849, 38.764890525020199 ], [ -121.650046600316998, 38.7649423662467 ], [ -121.649895607646997, 38.764961316804403 ], [ -121.649734945177002, 38.764982258663601 ], [ -121.649570968592997, 38.765009055933703 ], [ -121.649425046885995, 38.7650288986475 ], [ -121.649181026484996, 38.765075584681199 ], [ -121.648889225313994, 38.765168616564402 ], [ -121.648614561344004, 38.7652616995952 ], [ -121.648391443215999, 38.765328105378103 ], [ -121.648133914829998, 38.765421239179197 ], [ -121.647962141115002, 38.7655012174978 ], [ -121.647636129271007, 38.765580724750798 ], [ -121.647327253605994, 38.765660283156002 ], [ -121.647107168435994, 38.765735290999899 ], [ -121.646738261527005, 38.7658782900658 ], [ -121.646402826251006, 38.766021390830801 ], [ -121.646033851254003, 38.766177490776002 ], [ -121.645673578374996, 38.766276776806102 ], [ -121.645162399745004, 38.766410661013602 ], [ -121.644542574168, 38.766526676466199 ], [ -121.643872603201004, 38.766629430556598 ], [ -121.643296381466001, 38.766722790743501 ], [ -121.64280362641, 38.7667738437057 ], [ -121.642501194603994, 38.766816721626398 ], [ -121.642209956323995, 38.766859633262897 ], [ -121.641952428229999, 38.766876359532702 ], [ -121.641538243439996, 38.766883836886301 ], [ -121.641269522353994, 38.766900527075798 ], [ -121.641056678759, 38.7669349169961 ], [ -121.640879990212994, 38.766947644081903 ], [ -121.640144905211997, 38.767005326629501 ], [ -121.639749625611003, 38.767107110043298 ], [ -121.639279300910005, 38.767179224426897 ], [ -121.638733634863001, 38.767280534251 ], [ -121.638526406471996, 38.767368186323097 ], [ -121.638337976515999, 38.7674558956966 ], [ -121.638318505407, 38.767588285343102 ], [ -121.638449269820001, 38.767750579325501 ], [ -121.639461837433998, 38.768254116174298 ], [ -121.639855559401994, 38.7684613798885 ], [ -121.640230411131995, 38.768683300572903 ], [ -121.640436450077999, 38.768831109659601 ], [ -121.640736704936003, 38.768935062313901 ], [ -121.641036516308006, 38.769127312704498 ], [ -121.641355201767993, 38.769304904730902 ], [ -121.641786458786996, 38.769526995504002 ], [ -121.642180120557001, 38.769748966981098 ], [ -121.642517905888994, 38.769867748378502 ], [ -121.642818390971001, 38.769927545938302 ], [ -121.643437938705006, 38.770091346170098 ], [ -121.643813768037006, 38.770121939861397 ], [ -121.644245626407994, 38.770226288933202 ], [ -121.644658906851006, 38.770286430044202 ], [ -121.645015718893006, 38.770361112006398 ], [ -121.645635496522999, 38.7704807507995 ], [ -121.646198658501007, 38.770644362313703 ], [ -121.647155654572003, 38.771000494341301 ], [ -121.647643118838005, 38.771266884446298 ], [ -121.648017280377005, 38.771635944731798 ], [ -121.648772348495001, 38.772548862818901 ], [ -121.648950480053998, 38.772723377932103 ], [ -121.649164958290996, 38.7729746675736 ], [ -121.649266332878994, 38.773166490342497 ], [ -121.649305900865002, 38.7734305652423 ], [ -121.649245561146998, 38.773609896947498 ], [ -121.649005402705995, 38.773879911864697 ], [ -121.648784121275995, 38.7740474469541 ], [ -121.648493749842999, 38.774267928013103 ], [ -121.648204366825993, 38.774380093048002 ], [ -121.647721964938995, 38.774585873298797 ], [ -121.647168148887999, 38.774631284053498 ], [ -121.646614472519005, 38.774648431062801 ], [ -121.646169011043, 38.774684749033398 ], [ -121.645603440740004, 38.774673592538001 ], [ -121.645182564731002, 38.774606355256701 ], [ -121.644737432103994, 38.774576724262801 ], [ -121.644400799194997, 38.7745097428161 ], [ -121.644028015402995, 38.774452070057102 ], [ -121.643643434143996, 38.774347257327101 ], [ -121.643222941033002, 38.774204649107403 ], [ -121.642622169933006, 38.774014378352497 ], [ -121.642345854606006, 38.773919316864799 ], [ -121.641889262587995, 38.773776592572503 ], [ -121.641371245624995, 38.7735801625996 ], [ -121.640855459972997, 38.773339412055201 ], [ -121.640386769003996, 38.773080410010301 ], [ -121.639988580779004, 38.7728216256235 ], [ -121.639684020762999, 38.772636716278797 ], [ -121.639286210671003, 38.772304346654202 ], [ -121.638981840247993, 38.772082644046499 ], [ -121.638724376835995, 38.771879483518298 ], [ -121.638349419445007, 38.771675954630602 ], [ -121.638092052895999, 38.771454396087698 ], [ -121.637905465428005, 38.771177872473999 ], [ -121.637601386399993, 38.7709009791147 ], [ -121.637320995574996, 38.770587367860699 ], [ -121.637041169173997, 38.770163382584201 ], [ -121.636854496433003, 38.769905252062898 ], [ -121.636528243586, 38.769370743357399 ], [ -121.636226433925998, 38.768652351181302 ], [ -121.636112425912003, 38.767971343548602 ], [ -121.636118238180998, 38.767842207772198 ], [ -121.636085582256996, 38.767746965989701 ], [ -121.636019827050006, 38.767642971049703 ], [ -121.635898658014995, 38.767573397026503 ], [ -121.635799495216006, 38.767521190653298 ], [ -121.635678104009997, 38.767494860724902 ], [ -121.635457285756999, 38.767468215760303 ], [ -121.635147997396004, 38.7674585892632 ], [ -121.634772156834998, 38.7675006451516 ], [ -121.634503657216001, 38.767639651117399 ], [ -121.634365285472995, 38.767740211394702 ], [ -121.634206815989998, 38.767870760689902 ], [ -121.633962343909005, 38.768146752621298 ], [ -121.633606768747995, 38.768543477314502 ], [ -121.633473259232005, 38.768724681690998 ], [ -121.633350841673007, 38.768897272484601 ], [ -121.633261656963001, 38.769052670317599 ], [ -121.633138926136994, 38.769285802749202 ], [ -121.633071612587997, 38.769484515476698 ], [ -121.632993340862001, 38.7696658947891 ], [ -121.632937164007998, 38.769847344816199 ], [ -121.632891944701001, 38.770046127296098 ], [ -121.632824854079004, 38.770201595558099 ], [ -121.632734951060002, 38.770495375132001 ], [ -121.632689731926007, 38.770694157526997 ], [ -121.632666563480996, 38.770901659044803 ], [ -121.632631945693007, 38.771186964994001 ], [ -121.632613984350002, 38.771323572784397 ], [ -121.632541861944006, 38.771515339483798 ], [ -121.632529919998007, 38.771688280846803 ], [ -121.632517039806999, 38.772042847760197 ], [ -121.632483046383996, 38.7722070699404 ], [ -121.632448560127997, 38.772466429038701 ], [ -121.632446839965993, 38.772589773184997 ], [ -121.632446996170998, 38.772769138278598 ], [ -121.632445744996005, 38.773011305665399 ], [ -121.632444225702002, 38.773305365671497 ], [ -121.632454112664007, 38.773530270489204 ], [ -121.632464221948993, 38.773711931897303 ], [ -121.632506807639999, 38.774023430238998 ], [ -121.632489674949994, 38.774265655432401 ], [ -121.632493671044998, 38.774471633882598 ], [ -121.632462513443997, 38.774626009365299 ], [ -121.632425266089001, 38.774836174253402 ], [ -121.632346763334994, 38.775060797352701 ], [ -121.632312722221002, 38.775233668660697 ], [ -121.632267856563004, 38.775363259764497 ], [ -121.632145469381001, 38.775527199979201 ], [ -121.632007307598002, 38.775736621503199 ], [ -121.631765901757007, 38.775959423237097 ], [ -121.631567569688997, 38.776174029826997 ], [ -121.631256854227004, 38.7764325070372 ], [ -121.630968592838002, 38.776621863512197 ], [ -121.630525015537998, 38.77693180712 ], [ -121.630125389344002, 38.7771056938466 ], [ -121.629838647593004, 38.777267532245503 ], [ -121.629552117583003, 38.777388680510299 ], [ -121.629317566303001, 38.777509995847403 ], [ -121.629083121452993, 38.777610966450702 ], [ -121.628848357498001, 38.777772969365898 ], [ -121.628639794899996, 38.777894366419403 ], [ -121.628404709023997, 38.778117402115001 ], [ -121.628142355329999, 38.778584484309299 ], [ -121.628062893069995, 38.778869054172503 ], [ -121.628035412233999, 38.779153791432201 ], [ -121.628059914599007, 38.779438696128999 ], [ -121.628162283956996, 38.779744195729599 ], [ -121.628421028581002, 38.779968820128701 ], [ -121.628602012469997, 38.780152505117897 ], [ -121.628938521576003, 38.780418068082 ], [ -121.629379318706, 38.780622931030003 ], [ -121.629690265492002, 38.780807030901798 ], [ -121.630156742154995, 38.7810730065654 ], [ -121.630778328496007, 38.7815022340694 ], [ -121.630978133935997, 38.781654093880398 ], [ -121.631141106209995, 38.781789129493298 ], [ -121.631254414751993, 38.782032899322303 ], [ -121.631228403066999, 38.782314657277098 ], [ -121.631161604599001, 38.782570663704398 ], [ -121.631086954644005, 38.782762588913499 ], [ -121.630954720228004, 38.783011980214702 ], [ -121.630839516297996, 38.783133315761802 ], [ -121.630715796155002, 38.783318679434402 ], [ -121.630560141776996, 38.783474969940897 ], [ -121.630271809551004, 38.7837143981073 ], [ -121.629913685408994, 38.784066450145801 ], [ -121.629482846488003, 38.784274603801499 ], [ -121.629037144642993, 38.784433311282498 ], [ -121.628620103209002, 38.784630304276803 ], [ -121.627951044696005, 38.784840817907202 ], [ -121.627380930046002, 38.7850109488813 ], [ -121.626778941493995, 38.785133458552799 ], [ -121.626639315782, 38.785162394580603 ], [ -121.626254419337002, 38.785188252045899 ], [ -121.626045922553999, 38.785243327222602 ], [ -121.625631671882005, 38.785300799084901 ], [ -121.625169785712004, 38.785329306430697 ], [ -121.624809028439998, 38.785363343160803 ], [ -121.624261022286007, 38.785344528177298 ], [ -121.623931118849001, 38.785288127996701 ], [ -121.623398235959002, 38.785109857851097 ], [ -121.622599009550001, 38.784831443632399 ], [ -121.621673279705007, 38.784552489230798 ], [ -121.620971853867999, 38.784362484962998 ], [ -121.620334291272002, 38.784079239593801 ], [ -121.619927771351001, 38.783923494927201 ], [ -121.619472320409002, 38.783729027152397 ], [ -121.619170837998993, 38.783628734533998 ], [ -121.617811173256001, 38.783100363801999 ], [ -121.617019035872005, 38.782816442545602 ], [ -121.616485906712001, 38.782682138758503 ], [ -121.615889902934001, 38.782492563548203 ], [ -121.615517807982002, 38.782441455530503 ], [ -121.614830391926006, 38.7822624826847 ], [ -121.614500566426003, 38.782195055217301 ], [ -121.614093842697002, 38.782072285935399 ], [ -121.613735929295004, 38.782004735900003 ], [ -121.612929128735004, 38.7818142367367 ], [ -121.612514968762994, 38.781751936719999 ], [ -121.612051808307001, 38.781661923440502 ], [ -121.611283677345, 38.781560318503701 ], [ -121.610675838543003, 38.781468944088303 ], [ -121.610219627589998, 38.781389955562702 ], [ -121.609647633484997, 38.781290318787597 ], [ -121.609050714, 38.781125541681099 ], [ -121.608505445853993, 38.7810219713229 ], [ -121.608064145903995, 38.780918750323899 ], [ -121.607596967272002, 38.780795095562397 ], [ -121.607223961482006, 38.780694829133097 ], [ -121.606825049726993, 38.780462055834199 ], [ -121.606131364096001, 38.7801784888524 ], [ -121.605256048288993, 38.779745602492099 ], [ -121.604616994980006, 38.7793147548512 ], [ -121.604154016533002, 38.778968941117199 ], [ -121.603794610753994, 38.778727059759198 ], [ -121.603298896626995, 38.778273823157498 ], [ -121.603145220900998, 38.7781466338947 ], [ -121.602517098532999, 38.777538789429002 ], [ -121.602356303833005, 38.777422569099002 ], [ -121.602300832527007, 38.777317807361797 ], [ -121.602147569254996, 38.777130110401103 ], [ -121.601910320607999, 38.7768980333854 ], [ -121.601679960929005, 38.776682490885797 ], [ -121.601359355303003, 38.776312527702999 ], [ -121.601166950864993, 38.776126158040199 ], [ -121.600731127046004, 38.775726683378799 ], [ -121.600528762083002, 38.775527759717001 ], [ -121.600333944244994, 38.7752573622273 ], [ -121.599971320611999, 38.7748707084533 ], [ -121.599798237452006, 38.774506896727999 ], [ -121.599686565878997, 38.774401889492601 ], [ -121.599560752672005, 38.774307822336098 ], [ -121.599323738820004, 38.7740427386939 ], [ -121.599114847468002, 38.773777778700399 ], [ -121.598962264335995, 38.773496564536998 ], [ -121.598836961656005, 38.773330987166403 ], [ -121.598733017731007, 38.773127001374803 ], [ -121.598503247978002, 38.772834447004101 ], [ -121.598391303751995, 38.772767939483401 ], [ -121.598364337177998, 38.772608297124897 ], [ -121.598204189803994, 38.772404063222197 ], [ -121.598003056915999, 38.772034618387103 ], [ -121.597877739444002, 38.771874543388698 ], [ -121.597801666972998, 38.771703683241299 ], [ -121.597550921828997, 38.771394528451196 ], [ -121.597398249668004, 38.771129819613698 ], [ -121.597182452549006, 38.770848321594301 ], [ -121.597127074688999, 38.770732557829398 ], [ -121.596758632908006, 38.770180849780303 ], [ -121.596500917463999, 38.769866163141501 ], [ -121.596300326025002, 38.769425209506203 ], [ -121.596091129111997, 38.769204248272501 ], [ -121.596008358741003, 38.768989352734799 ], [ -121.595953690369996, 38.768774580176597 ], [ -121.595488678039999, 38.7679749050642 ], [ -121.595168516439998, 38.7675554204923 ], [ -121.594946567536994, 38.767152877442904 ], [ -121.594641048908002, 38.766650945859801 ], [ -121.594397650988, 38.766303313133498 ], [ -121.594085652230007, 38.765724343553899 ], [ -121.593829285224004, 38.765228131954601 ], [ -121.593704208673998, 38.765035047463201 ], [ -121.593607076007004, 38.764864088176701 ], [ -121.593455502089, 38.764450856284299 ], [ -121.593324713507997, 38.764076222391601 ], [ -121.593234995751999, 38.763850292504003 ], [ -121.593042218017004, 38.763304855071397 ], [ -121.592924343405997, 38.763089800766302 ], [ -121.592801096258, 38.762643689526698 ], [ -121.592753501819004, 38.762423449237801 ], [ -121.592748027414004, 38.762208895351897 ], [ -121.592688631620007, 38.761675061884901 ], [ -121.592657554773993, 38.761113850792299 ], [ -121.592605874423001, 38.760486539762098 ], [ -121.592541740187002, 38.759639144934098 ], [ -121.592622162954996, 38.759199452585101 ], [ -121.592675380171997, 38.758638615603097 ], [ -121.592685015081997, 38.758275615643001 ], [ -121.592749753416996, 38.758066878241799 ], [ -121.592723752802002, 38.757775224862797 ], [ -121.592809827685002, 38.7575280819269 ], [ -121.592862328375006, 38.757066258468399 ], [ -121.592927204752996, 38.756835520946701 ], [ -121.593035897335, 38.756373950320899 ], [ -121.593146052435998, 38.755708861442301 ], [ -121.593225341171006, 38.755428683283 ], [ -121.593300318960999, 38.7547689338871 ], [ -121.593381503603993, 38.754224731068497 ], [ -121.593445942592993, 38.754054497788601 ], [ -121.593483448900002, 38.753724622612999 ], [ -121.593569159886997, 38.753526980489902 ], [ -121.593791882492994, 38.752834893668798 ], [ -121.593920691746007, 38.752505428859699 ], [ -121.594369078133994, 38.751687835308203 ], [ -121.594468863450004, 38.751484756216001 ], [ -121.594633924877996, 38.750995934595302 ], [ -121.594719330458005, 38.750842295145198 ], [ -121.594882555975005, 38.750606495482202 ], [ -121.594998641635001, 38.750483797496301 ], [ -121.595924857393001, 38.749094781208797 ], [ -121.596326303582003, 38.748416390653503 ], [ -121.596543705504999, 38.7479284086861 ], [ -121.597173070118998, 38.7471192475858 ], [ -121.597518448612007, 38.746683822333999 ], [ -121.598700174558999, 38.745314345142198 ], [ -121.599080293943004, 38.744867286049498 ], [ -121.599377003751997, 38.744449275989801 ], [ -121.599972665175997, 38.743690221202598 ], [ -121.600423820583998, 38.743032850502701 ], [ -121.600709932976997, 38.742494091894699 ], [ -121.600994076890004, 38.741889366626999 ], [ -121.601210634020006, 38.741373919408403 ], [ -121.601341115921997, 38.741036026965602 ], [ -121.601626769022999, 38.740244340173398 ], [ -121.601828294181999, 38.739696175883701 ], [ -121.602041269058006, 38.739059812430497 ], [ -121.602154791833001, 38.738623289655401 ], [ -121.602277437631997, 38.738258073348199 ], [ -121.602594178686005, 38.737527510302201 ], [ -121.603028555622998, 38.736583285116097 ], [ -121.603210398970006, 38.736201854394402 ], [ -121.603319527774005, 38.735972947793897 ], [ -121.603443785788002, 38.735662678014897 ], [ -121.603548817524, 38.735176812156602 ], [ -121.603627194739005, 38.734977387949101 ], [ -121.603752638013006, 38.7344691487719 ], [ -121.603802285637997, 38.734248265433102 ], [ -121.603847038165995, 38.734059555784803 ], [ -121.603875302998006, 38.733867487182103 ], [ -121.604058704319002, 38.733182196357497 ], [ -121.604185977417004, 38.732642234642 ], [ -121.604285633546993, 38.732230758329102 ], [ -121.604446930690003, 38.731239897654 ], [ -121.604469033903996, 38.730767145167597 ], [ -121.604571909995997, 38.729776084157301 ], [ -121.604652086738, 38.729364540179198 ], [ -121.604687042635007, 38.729018941823902 ], [ -121.604761349208999, 38.728682128720301 ], [ -121.604821821233003, 38.7281146399677 ], [ -121.604972898707999, 38.727287001111897 ], [ -121.605061605301003, 38.726724478517902 ], [ -121.605230358382002, 38.725544600940701 ], [ -121.605247551336006, 38.725175879230598 ], [ -121.605281239860005, 38.724652888328102 ], [ -121.605313893227006, 38.724569790928101 ], [ -121.605290589041005, 38.724256816943203 ], [ -121.605241533352995, 38.723784881431001 ], [ -121.605212724604002, 38.7232850720155 ], [ -121.605167436019002, 38.722703089851599 ], [ -121.605192485711996, 38.722125274918199 ], [ -121.605206298998993, 38.721404714202201 ], [ -121.605407789918999, 38.720620107505603 ], [ -121.605471009596002, 38.7201460394704 ], [ -121.605463653726005, 38.720135181299803 ], [ -121.605533562470995, 38.719649997416496 ], [ -121.605709054895996, 38.719173787586698 ], [ -121.605833760289997, 38.718880006389398 ], [ -121.606202309625004, 38.718284668063497 ], [ -121.606893365534006, 38.717332339625301 ], [ -121.607376823443005, 38.716532213758903 ], [ -121.607925122015004, 38.715817600950103 ], [ -121.608363414685996, 38.715307320711403 ], [ -121.608626480816994, 38.714984092363501 ], [ -121.608955052178004, 38.714626968625097 ], [ -121.609459117737003, 38.714031610995697 ], [ -121.609853655335996, 38.713555295268598 ], [ -121.610247999756993, 38.713113094108998 ], [ -121.610685698346003, 38.712705156396098 ], [ -121.611976339685995, 38.711600670718198 ], [ -121.612325743509004, 38.711229093886402 ], [ -121.612756674804004, 38.710846982103199 ], [ -121.613086266726, 38.710598771744301 ], [ -121.614251743566001, 38.7096583018064 ], [ -121.614646594644, 38.709243877972902 ], [ -121.615290254114996, 38.7086982471981 ], [ -121.616048607593996, 38.708232900304701 ], [ -121.616562528697003, 38.707810702965503 ], [ -121.617057218091006, 38.707449352370702 ], [ -121.617396231724001, 38.707046991395003 ], [ -121.617429842354994, 38.706996865257899 ], [ -121.617882411834998, 38.706636314541598 ], [ -121.618417708855006, 38.706224697288 ], [ -121.618883312867993, 38.705830901431298 ], [ -121.619405210272006, 38.705441530734298 ], [ -121.619755153271996, 38.705170916407802 ], [ -121.620724696324999, 38.704492553734497 ], [ -121.621287846452006, 38.704074895557902 ], [ -121.621718685212002, 38.703692750319298 ], [ -121.622355636047004, 38.703318660296297 ], [ -121.622809235733001, 38.703027522376701 ], [ -121.623321792690007, 38.702736575099003 ], [ -121.623854651746001, 38.702322482638401 ], [ -121.624270710589997, 38.701944843911001 ], [ -121.624676241057003, 38.701656647426297 ], [ -121.625156682086995, 38.7014026514818 ], [ -121.625492011415005, 38.701172723361701 ], [ -121.625827095814003, 38.700988997226901 ], [ -121.626024197980001, 38.700881827578598 ], [ -121.626443657980005, 38.700704759012403 ], [ -121.626654809710999, 38.700560446778901 ], [ -121.627097669045995, 38.700344786958702 ], [ -121.627313445148999, 38.7002240726951 ], [ -121.627632131729001, 38.7000015649826 ], [ -121.628000258018005, 38.699769394442498 ], [ -121.628218967820999, 38.699588179904303 ], [ -121.628471817518999, 38.699424430805003 ], [ -121.628681935360007, 38.6992760269667 ], [ -121.628985808760007, 38.699069619202 ], [ -121.629210958930997, 38.698899601598796 ], [ -121.629426233035005, 38.698789873524802 ], [ -121.629787867548998, 38.698546515512199 ], [ -121.630090975271003, 38.698356603046697 ], [ -121.630412810736004, 38.698068088953001 ], [ -121.630607885572005, 38.697941293697099 ], [ -121.630842112945999, 38.697727471049298 ], [ -121.631135982860002, 38.697438186660897 ], [ -121.631397258828997, 38.697098448315501 ], [ -121.631780540131999, 38.696695982583499 ], [ -121.631973875580996, 38.696459000259999 ], [ -121.632176590724001, 38.696172724759997 ], [ -121.632526478854999, 38.695736292647403 ], [ -121.632620109944, 38.695535125084703 ], [ -121.632881253457995, 38.6950522123783 ], [ -121.633040441966003, 38.694797770906902 ], [ -121.633160293963002, 38.694487184985398 ], [ -121.633236253082998, 38.694362621913001 ], [ -121.633322643219003, 38.694166752411803 ], [ -121.633508612163993, 38.693791904170702 ], [ -121.633743333143002, 38.693275226377999 ], [ -121.633782097353006, 38.693050517375298 ], [ -121.633823122829, 38.692924994948697 ], [ -121.633895497883003, 38.6927287492313 ], [ -121.633976987961006, 38.692488693321202 ], [ -121.634025254503001, 38.692335904937302 ], [ -121.634197075421994, 38.691839449859501 ], [ -121.634260895501995, 38.691676007913898 ], [ -121.634324594044998, 38.6913693859142 ], [ -121.634387885660999, 38.691216942951002 ], [ -121.634430599016994, 38.6909097448168 ], [ -121.634491397093996, 38.6906636143854 ], [ -121.634525258718, 38.690394728220703 ], [ -121.634526191358006, 38.690229551877501 ], [ -121.634530226115004, 38.689961833831298 ], [ -121.634531489446005, 38.68971607876 ], [ -121.634459235685, 38.689247737005701 ], [ -121.634351913469999, 38.688754512939397 ], [ -121.634293618735001, 38.688510629446696 ], [ -121.634261281248996, 38.688162826784698 ], [ -121.634240022312994, 38.687875899510203 ], [ -121.634208892903004, 38.687649281552901 ], [ -121.634156023388996, 38.687438575812997 ], [ -121.634094041804005, 38.687271682023201 ], [ -121.634050747502997, 38.687006174899501 ], [ -121.634037176191995, 38.6868516219469 ], [ -121.634020025075998, 38.686625377767101 ], [ -121.633974657115999, 38.686403866052302 ], [ -121.633926475704996, 38.686141874013003 ], [ -121.633862256610001, 38.6858281015068 ], [ -121.633826265831999, 38.685557288594403 ], [ -121.633735387710999, 38.685262953116499 ], [ -121.633656378259005, 38.6850129849824 ], [ -121.633592961790001, 38.684730406230599 ], [ -121.633491687087997, 38.684507368077497 ], [ -121.633417280871996, 38.684307084694197 ], [ -121.63335149289, 38.684074007416498 ], [ -121.633271959385993, 38.683835038065197 ], [ -121.633233567722002, 38.683613716548102 ], [ -121.633131648968998, 38.683258506054202 ], [ -121.633059353188003, 38.683014228898202 ], [ -121.632956382699007, 38.682681005547202 ], [ -121.632918143216003, 38.682602865 ], [ -121.632881221304004, 38.682497229048003 ], [ -121.632816195352007, 38.6822476441994 ], [ -121.632693864149005, 38.681844235162202 ], [ -121.632650805224998, 38.681609842985097 ], [ -121.632588206121, 38.681456489386697 ], [ -121.632506173229999, 38.681269968370202 ], [ -121.632464356927002, 38.681120146286098 ], [ -121.632403438466, 38.680931253425001 ], [ -121.632341482799006, 38.680826919871102 ], [ -121.632246762536994, 38.6806956710683 ], [ -121.632173186798994, 38.680478898727699 ], [ -121.632156457386003, 38.680390326321799 ], [ -121.632053842261001, 38.680194782145499 ], [ -121.632021554207995, 38.680138830996299 ], [ -121.631950206137006, 38.6800212270809 ], [ -121.631870831479006, 38.679925436930397 ], [ -121.631773903921001, 38.679757581294098 ], [ -121.631666286015999, 38.679563284817 ], [ -121.631544259820998, 38.679387689899798 ], [ -121.631500193234999, 38.679264904914398 ], [ -121.631433819964997, 38.679133288774501 ], [ -121.631345141316004, 38.678992840544602 ], [ -121.631223663392007, 38.6787121234388 ], [ -121.631146297173999, 38.6785454303633 ], [ -121.631098804323003, 38.678367891925397 ], [ -121.631024866169994, 38.678255952963603 ], [ -121.630985912171994, 38.678094973826603 ], [ -121.630960070566005, 38.678050203075898 ], [ -121.630795939207005, 38.677825435329403 ], [ -121.630689902693007, 38.677701379692799 ], [ -121.630590113636998, 38.677594005768299 ], [ -121.630499371479004, 38.677442837847799 ], [ -121.630169764944, 38.677020786158501 ], [ -121.630129684807997, 38.676981139083601 ], [ -121.629971178256994, 38.676784048019996 ], [ -121.629637059173007, 38.676455479838197 ], [ -121.629558219981007, 38.676348689945499 ], [ -121.629418849101995, 38.676190678474804 ], [ -121.629346749944006, 38.676089579262197 ], [ -121.629253143957996, 38.675998893947202 ], [ -121.629147377071007, 38.675869337818497 ], [ -121.628919823432, 38.6756538264708 ], [ -121.628680374615001, 38.675393945718199 ], [ -121.628581877513994, 38.675259072791 ], [ -121.628403785242, 38.675033917218599 ], [ -121.628296437928995, 38.674937355628302 ], [ -121.628182944689001, 38.674824096101901 ], [ -121.628092857371996, 38.674742422784298 ], [ -121.627981658205002, 38.674636941469899 ], [ -121.627837116942999, 38.6744963103042 ], [ -121.627692531619999, 38.674364439040801 ], [ -121.627580660795999, 38.674251368808001 ], [ -121.627514481239999, 38.674172457381601 ], [ -121.627441297261996, 38.674093354039599 ], [ -121.627333458481999, 38.674007781689802 ], [ -121.627200621301995, 38.673906836289703 ], [ -121.627090044219997, 38.673827033195501 ], [ -121.626861405906993, 38.673602290071898 ], [ -121.626745250054, 38.673486784544103 ], [ -121.626575883849995, 38.673335444982499 ], [ -121.626478563434006, 38.673242000423599 ], [ -121.626360085081998, 38.6731267212514 ], [ -121.626270353826996, 38.673050270989499 ], [ -121.626172005723006, 38.672981783740397 ], [ -121.626119271343995, 38.672939587279998 ], [ -121.626056155317997, 38.672895846518998 ], [ -121.625993949812994, 38.672853802328902 ], [ -121.625947447480996, 38.672812737590803 ], [ -121.625872595736993, 38.672756388779803 ], [ -121.625690330089, 38.672594110944303 ], [ -121.625444539702002, 38.672351391853397 ], [ -121.625129133128993, 38.672126509019797 ], [ -121.624890027529005, 38.671872662773097 ], [ -121.624530914291995, 38.671593627754703 ], [ -121.624257568478001, 38.671367926510698 ], [ -121.624004406923007, 38.671169476165403 ], [ -121.623819361564003, 38.671024420310502 ], [ -121.623509976370002, 38.6707664242264 ], [ -121.623300243250995, 38.670556002733797 ], [ -121.622983869847999, 38.670298140173102 ], [ -121.622481087563997, 38.669906380784198 ], [ -121.621994946011, 38.669602273063497 ], [ -121.621542579617994, 38.669253534581998 ], [ -121.621161468222994, 38.668941918561003 ], [ -121.620695548639006, 38.668609928591501 ], [ -121.620195587335999, 38.668311581459299 ], [ -121.619738826518002, 38.6680508922515 ], [ -121.619309940652997, 38.667784174851299 ], [ -121.618925105187998, 38.667582589822203 ], [ -121.618417642482996, 38.667267886210396 ], [ -121.618087755668, 38.667026760909003 ], [ -121.617850815252993, 38.666844340281799 ], [ -121.617379239022995, 38.666556435588497 ], [ -121.616907828969005, 38.666274021322501 ], [ -121.616594580715002, 38.666120554469899 ], [ -121.615764945223006, 38.6655865491432 ], [ -121.615336415814994, 38.665330808028401 ], [ -121.614964806982996, 38.665101467550301 ], [ -121.614429996216003, 38.664809256060998 ], [ -121.614130125412998, 38.6646335327193 ], [ -121.613837768471001, 38.6644741568212 ], [ -121.613495360461002, 38.664282742573398 ], [ -121.613091167608999, 38.663900060713502 ], [ -121.612694785268999, 38.663544718453402 ], [ -121.612057432941, 38.663105998531599 ], [ -121.611763135502002, 38.662880677546603 ], [ -121.611272694319993, 38.662428154460997 ], [ -121.610924586924, 38.6621899726401 ], [ -121.610441515280002, 38.661839154002003 ], [ -121.610070265177995, 38.661620789727699 ], [ -121.609849168015003, 38.661498542877098 ], [ -121.609318488420001, 38.661107260706501 ], [ -121.608981003275005, 38.660844259587698 ], [ -121.608604399333998, 38.660444538067502 ], [ -121.608092159273994, 38.659964928106298 ], [ -121.607745563077998, 38.659630616932297 ], [ -121.607431389563004, 38.659444151254299 ], [ -121.607320695895993, 38.659259307615102 ], [ -121.606945102001006, 38.658892553860902 ], [ -121.606568032856998, 38.6584763467851 ], [ -121.606209205449005, 38.658202751667801 ], [ -121.605971367370998, 38.657987331809302 ], [ -121.605668298509997, 38.657701676964898 ], [ -121.605432604407, 38.657321265498702 ], [ -121.605132996264999, 38.656914573986597 ], [ -121.604612985437996, 38.656407603382199 ], [ -121.604372709066993, 38.656109749548101 ], [ -121.604181341754995, 38.655805472252197 ], [ -121.603941572693003, 38.655524109107198 ], [ -121.603584589107001, 38.655074518885399 ], [ -121.603245425460997, 38.654514617934502 ], [ -121.602972737206997, 38.654068918784397 ], [ -121.602796062498996, 38.653786354949801 ], [ -121.602570320042005, 38.653504722565501 ], [ -121.602241564471996, 38.653060087003198 ], [ -121.601947703896997, 38.652609293851597 ], [ -121.601531450183003, 38.652050851739403 ], [ -121.601209956486002, 38.651715116010799 ], [ -121.600872016839006, 38.651390427996802 ], [ -121.600655313852997, 38.651085189006899 ], [ -121.600341861798995, 38.650722523031398 ], [ -121.599980412348003, 38.650264537696899 ], [ -121.599571075960995, 38.649692200734798 ], [ -121.599263577694998, 38.649113704670803 ], [ -121.598997474418994, 38.648651380157901 ], [ -121.598819210594002, 38.648313853949297 ], [ -121.598570361529994, 38.647961168739499 ], [ -121.598373021929007, 38.647689987508599 ], [ -121.597895563652997, 38.646956741921102 ], [ -121.597583144439994, 38.646588767459498 ], [ -121.597279690248001, 38.646286602646803 ], [ -121.596999377220001, 38.646055479678601 ], [ -121.596696396240006, 38.645769795835598 ], [ -121.596320910847993, 38.645403012799299 ], [ -121.596012722409, 38.645177913649299 ], [ -121.595653857901993, 38.644898789776498 ], [ -121.595297562913004, 38.644707587074002 ], [ -121.595053909924005, 38.644530747959401 ], [ -121.594694406648998, 38.6442296380431 ], [ -121.594335050884993, 38.643934022941401 ], [ -121.594177127891001, 38.643810548067101 ], [ -121.593884257756997, 38.643629139546803 ], [ -121.593675982918, 38.6434626258674 ], [ -121.593503565966003, 38.643322928268297 ], [ -121.593025238142005, 38.643035058205797 ], [ -121.592853629168005, 38.642922833301498 ], [ -121.592604755443006, 38.642806574401 ], [ -121.592342336561998, 38.642707063501398 ], [ -121.591601220233997, 38.642545118818902 ], [ -121.591164060232998, 38.642465403400401 ], [ -121.590797320673005, 38.6423953529399 ], [ -121.590318429183, 38.642327420133 ], [ -121.589925598568996, 38.642323840519602 ], [ -121.589666262186995, 38.642328737690796 ], [ -121.589617506002995, 38.642340655869802 ], [ -121.588973792540997, 38.642391297975003 ], [ -121.588444306626997, 38.6425112567578 ], [ -121.588040985505998, 38.642628837448697 ], [ -121.587700092515007, 38.642723243671 ], [ -121.587269869040995, 38.642879816482598 ], [ -121.586527417423, 38.643152243785202 ], [ -121.586118206804002, 38.6433084161485 ], [ -121.585744366507996, 38.643474917008298 ], [ -121.585591924138001, 38.643538271165397 ], [ -121.585309038839, 38.643697558126703 ], [ -121.584929151354999, 38.643897163161199 ], [ -121.584591156868001, 38.644090474881203 ], [ -121.584197235454994, 38.644290340726599 ], [ -121.583941906129994, 38.644432609032201 ], [ -121.583644019537005, 38.6445591862214 ], [ -121.583208356986006, 38.644770828322997 ], [ -121.582539517444999, 38.645162807929097 ], [ -121.582251376984004, 38.645382672319599 ], [ -121.582062283027, 38.6454923324128 ], [ -121.581886287470994, 38.645583428870196 ], [ -121.581783667948002, 38.645628924679599 ], [ -121.581705953664994, 38.645678849891098 ], [ -121.581471473614997, 38.645815221443698 ], [ -121.581201958579001, 38.645952255991602 ], [ -121.580873762208, 38.646198964679698 ], [ -121.580729353783994, 38.646340534300002 ], [ -121.580468268695, 38.6465268925662 ], [ -121.580228379180994, 38.646718345889198 ], [ -121.579945149189996, 38.646866633120403 ], [ -121.579641697227999, 38.647042782918298 ], [ -121.579219878613003, 38.6472486558838 ], [ -121.578950016722999, 38.647374688595903 ], [ -121.578654849040007, 38.647594675319098 ], [ -121.578359183179003, 38.647798170486602 ], [ -121.578138399368001, 38.647923284396803 ], [ -121.577917919618002, 38.648059385353903 ], [ -121.577532261982995, 38.6483030591465 ], [ -121.577304451778005, 38.648428303516297 ], [ -121.576772535386993, 38.648707707454598 ], [ -121.576536434773004, 38.6487891160507 ], [ -121.576341113376998, 38.648825773781702 ], [ -121.576120289113007, 38.648888953809298 ], [ -121.575821048259996, 38.648934743907901 ], [ -121.575605628063997, 38.6489620863982 ], [ -121.575402166518998, 38.648989471404498 ], [ -121.575127008989995, 38.649007214945101 ], [ -121.574911700187002, 38.649015800016201 ], [ -121.574588989372003, 38.6489864764864 ], [ -121.574254545258995, 38.648919597672602 ], [ -121.5739083112, 38.648824539731002 ], [ -121.573537937210006, 38.648766904098103 ], [ -121.573167731170003, 38.648681133986798 ], [ -121.572748663238002, 38.648535723773399 ], [ -121.572472237514006, 38.648436434246896 ], [ -121.572061510378006, 38.6483011639042 ], [ -121.571707673858995, 38.648192324598497 ], [ -121.571451330263002, 38.648059664882901 ], [ -121.570848622873996, 38.647834515345501 ], [ -121.570548947103006, 38.647658673806802 ], [ -121.570228235079, 38.647483226439 ], [ -121.569066183904994, 38.646834158695 ], [ -121.568746134278001, 38.646680689590298 ], [ -121.568238723830007, 38.646354771319203 ], [ -121.567924074714, 38.646146211651903 ], [ -121.567724136357, 38.646023486253497 ], [ -121.567630464694005, 38.645937262062098 ], [ -121.566831529276996, 38.645231897792101 ], [ -121.566640210274997, 38.644922062439598 ], [ -121.566420053637003, 38.644585271410001 ], [ -121.566256764626004, 38.644274912359499 ], [ -121.566130915868996, 38.644046330206002 ], [ -121.565938312018005, 38.643692532569702 ], [ -121.565769357915997, 38.643401645066398 ], [ -121.565549801385004, 38.6430677266206 ], [ -121.565385644274997, 38.642734016449197 ], [ -121.565240043119999, 38.642385894734701 ], [ -121.565057511415006, 38.642037632408901 ], [ -121.564929846474996, 38.641776471265402 ], [ -121.564781370198006, 38.641520262385797 ], [ -121.564522852224002, 38.640826790436201 ], [ -121.564452443706998, 38.6405751762439 ], [ -121.564381100014998, 38.640290592175198 ], [ -121.564337462932997, 38.639994493440703 ], [ -121.564303536425001, 38.639791683356499 ], [ -121.564168493983004, 38.639244362402202 ], [ -121.564117198505002, 38.638926411569599 ], [ -121.564050795933994, 38.638570255626803 ], [ -121.563928153182005, 38.638209646593403 ], [ -121.563887398947003, 38.638012466465597 ], [ -121.563810467191004, 38.637777470352198 ], [ -121.563755843153999, 38.637586043302001 ], [ -121.563758237905006, 38.637426544094801 ], [ -121.563711584800004, 38.637026030319198 ], [ -121.563429086539003, 38.635502746196899 ], [ -121.563286082272995, 38.6349225800016 ], [ -121.563163648867004, 38.634083604679603 ], [ -121.563107769015005, 38.633606284530103 ], [ -121.562971471560999, 38.632773071023102 ], [ -121.562862566803005, 38.632159280933998 ], [ -121.562815458114002, 38.631500348719001 ], [ -121.562817218925005, 38.631318867144202 ], [ -121.562779487011994, 38.630984171444801 ], [ -121.562756112767005, 38.630418270129702 ], [ -121.562664197852001, 38.629990491548199 ], [ -121.562591986895995, 38.629534190273503 ], [ -121.562520772213006, 38.6289160763396 ], [ -121.562486611016993, 38.628371656489101 ], [ -121.562432522514001, 38.6280183981467 ], [ -121.562415849890996, 38.627679991766001 ], [ -121.562398725923003, 38.627415136981099 ], [ -121.562400082723002, 38.627194483084097 ], [ -121.562366375948997, 38.626576512468397 ], [ -121.562315209863996, 38.626053414546803 ], [ -121.562291313507004, 38.625809271770301 ], [ -121.562261895822004, 38.625430629299103 ], [ -121.562263335479003, 38.625196544304799 ], [ -121.562247954604999, 38.6249678209198 ], [ -121.562246433599, 38.624847833496602 ], [ -121.562240849882002, 38.6247232956311 ], [ -121.562216434285006, 38.624563821184303 ], [ -121.562178257034006, 38.624199085970602 ], [ -121.562142420417999, 38.623808205793502 ], [ -121.562030848795999, 38.623339548174599 ], [ -121.561986474202996, 38.622894058721101 ], [ -121.561946504977996, 38.622475168519003 ], [ -121.561905572555006, 38.621963243146503 ], [ -121.561921926, 38.621369408192997 ], [ -121.561945351983994, 38.620770135162097 ], [ -121.561893478848006, 38.620065590105 ], [ -121.561892511533003, 38.619504481179803 ], [ -121.561856472613997, 38.6188607079742 ], [ -121.561763661694002, 38.618089737434701 ], [ -121.561698208992993, 38.617803054762398 ], [ -121.561599021871004, 38.616993513457601 ], [ -121.561601719718993, 38.6163775359936 ], [ -121.561457958280997, 38.615732541321002 ], [ -121.561359612361997, 38.615313515348603 ], [ -121.561264126249995, 38.614713006380001 ], [ -121.561165522855006, 38.614310481788301 ], [ -121.561033677422003, 38.613797611470801 ], [ -121.560920569662002, 38.613427927759098 ], [ -121.560558602821999, 38.6124231637774 ], [ -121.560357076410995, 38.611893063536598 ], [ -121.560202605586994, 38.611484444958499 ], [ -121.559933131804002, 38.610827132172098 ], [ -121.559649156033004, 38.610202674992102 ], [ -121.559404382246996, 38.609754627618798 ], [ -121.558966954888007, 38.609101059902997 ], [ -121.558624863383002, 38.608613492835701 ], [ -121.558131940102996, 38.607931863800097 ], [ -121.557912984707997, 38.607621578867203 ], [ -121.557550181829001, 38.607117288204599 ], [ -121.557316811136999, 38.6068343485951 ], [ -121.557056236739001, 38.606501628349598 ], [ -121.556617284702995, 38.6059470439005 ], [ -121.556244469814999, 38.6056351504036 ], [ -121.555963702311999, 38.605252720102598 ], [ -121.555523390258003, 38.604786118203698 ], [ -121.555199019558003, 38.604507719514302 ], [ -121.554909448933998, 38.604240692291199 ], [ -121.554097297769005, 38.603401707230397 ], [ -121.553676408471006, 38.603034294611803 ], [ -121.553235688792, 38.602595175755397 ], [ -121.552912908108993, 38.602217793806197 ], [ -121.552134900514005, 38.601434145001598 ], [ -121.551881021975007, 38.601123482741301 ], [ -121.551619270361002, 38.6008677466046 ], [ -121.551027060490995, 38.600278525774797 ], [ -121.550509611812004, 38.599827599883099 ], [ -121.549943217297994, 38.599376149909197 ], [ -121.549459830578996, 38.599051330730198 ], [ -121.548780012956996, 38.598626932533797 ], [ -121.548183744095994, 38.598296161825502 ], [ -121.547523914373002, 38.598003223146399 ], [ -121.546799472765997, 38.5978141071365 ], [ -121.546262819700004, 38.597692955299301 ], [ -121.545648617661001, 38.597609489200003 ], [ -121.544711936686994, 38.597572125892597 ], [ -121.544353591879997, 38.597672847136202 ], [ -121.544030934763995, 38.597791310357401 ], [ -121.543639833162999, 38.5980038607482 ], [ -121.543267723891006, 38.598292948066003 ], [ -121.542954760146003, 38.598475219882701 ], [ -121.542707746857999, 38.598678497984402 ], [ -121.542289830615005, 38.599004090175903 ], [ -121.541729058908004, 38.599515181675301 ], [ -121.541366380712006, 38.599885354545002 ], [ -121.540932102580001, 38.6003592749612 ], [ -121.540336853848004, 38.600836987343101 ], [ -121.539557030313006, 38.6014832327701 ], [ -121.539005587220998, 38.601845904456702 ], [ -121.538363408313003, 38.6021966047674 ], [ -121.537340796378999, 38.602713774667997 ], [ -121.536354909899003, 38.603121324948397 ], [ -121.535432661317998, 38.603485541440399 ], [ -121.534567334886006, 38.603789866363897 ], [ -121.534188152564994, 38.603879334822999 ], [ -121.533309275106006, 38.604155994294501 ], [ -121.532642525297007, 38.604291894552901 ], [ -121.531878660337, 38.604377277245597 ], [ -121.530764625505, 38.604486404029103 ], [ -121.529764030487996, 38.604503231930799 ], [ -121.528552613675004, 38.604578306234004 ], [ -121.527601937051998, 38.604535160555599 ], [ -121.526665798653994, 38.6044591541229 ], [ -121.525917876055004, 38.604423658189603 ], [ -121.525043967252003, 38.604392304739903 ], [ -121.524212729208003, 38.604317400505501 ], [ -121.523541930191001, 38.604271707915103 ], [ -121.523143609938998, 38.604245437160898 ], [ -121.522319572704006, 38.604159588691402 ], [ -121.521594148656007, 38.604030808731899 ], [ -121.520498503050007, 38.603870534510698 ], [ -121.519479427880995, 38.603733073780298 ], [ -121.518663823004999, 38.6035593051296 ], [ -121.518029688446006, 38.603375780756103 ], [ -121.517236255342993, 38.603164431487002 ], [ -121.516763108258004, 38.603010826780199 ], [ -121.516074117951007, 38.602794388195598 ], [ -121.515392312505, 38.602567030588197 ], [ -121.514634580508996, 38.602278360177202 ], [ -121.514051972690993, 38.601975055898997 ], [ -121.513509968381996, 38.601754693466098 ], [ -121.512906384816006, 38.601451172742898 ], [ -121.512532774147999, 38.601199632986798 ], [ -121.512130747596004, 38.600975282036302 ], [ -121.511578480726001, 38.600529299368802 ], [ -121.511032588518006, 38.6001218713307 ], [ -121.510405678607, 38.5995375777064 ], [ -121.509961581762994, 38.598894756561897 ], [ -121.509495998689999, 38.5982847010131 ], [ -121.509005416093999, 38.597492865725798 ], [ -121.508860645300004, 38.596941286799101 ], [ -121.508680437506996, 38.596389609577699 ], [ -121.508480707895004, 38.595804148504399 ], [ -121.508360213398007, 38.595473697595899 ], [ -121.508275311258998, 38.595177650641801 ], [ -121.508118975982001, 38.594733456076803 ], [ -121.508034624846005, 38.594357803656202 ], [ -121.507906567437999, 38.594016082344602 ], [ -121.507821982831004, 38.593674546571201 ], [ -121.507722829702999, 38.593344320797797 ], [ -121.507659524950995, 38.593006696957403 ], [ -121.507458538546004, 38.592471003127599 ], [ -121.507269131745005, 38.591898075548201 ], [ -121.507069655229003, 38.591408206071797 ], [ -121.506834798588997, 38.590852706665899 ], [ -121.506682349415996, 38.590345043187497 ], [ -121.506550124775003, 38.5898815987549 ], [ -121.506391629608004, 38.589313363513597 ], [ -121.506311714423006, 38.588646988921496 ], [ -121.506304562240999, 38.588234400511098 ], [ -121.506318903785996, 38.587789053486503 ], [ -121.506276228185001, 38.587409080069698 ], [ -121.506235823538006, 38.5868916333432 ], [ -121.506269328231994, 38.586556496213298 ], [ -121.506323547337004, 38.586186808862202 ], [ -121.506409652225997, 38.585683504154403 ], [ -121.506515258199002, 38.585217148952502 ], [ -121.506620859541002, 38.584924502525901 ], [ -121.506749522546002, 38.584581685181497 ], [ -121.506832179298996, 38.5842360735572 ], [ -121.506946552529001, 38.583948409219701 ], [ -121.507039983119, 38.5836150324484 ], [ -121.507183673735, 38.583277382188697 ], [ -121.507265931606995, 38.582953766632301 ], [ -121.507354840049004, 38.582652231440598 ], [ -121.507428801958994, 38.582293512207301 ], [ -121.507519111872995, 38.582021501600302 ], [ -121.507585373455001, 38.581818722471802 ], [ -121.507745105308004, 38.581462947069497 ], [ -121.507842262352, 38.581084501088696 ], [ -121.508008519792, 38.580756300656702 ], [ -121.508226162742005, 38.580280151577803 ], [ -121.508357984908002, 38.579918577544603 ], [ -121.508573810521, 38.579552417658597 ], [ -121.508783921217002, 38.579109186735998 ], [ -121.509008263953007, 38.578649614094701 ], [ -121.509175959272, 38.578233426743402 ], [ -121.509363544150006, 38.577883455491602 ], [ -121.509564547272007, 38.577566630681197 ], [ -121.509715615184007, 38.577309768478599 ], [ -121.509973018685002, 38.576966049543799 ], [ -121.510159690804002, 38.576671068330597 ], [ -121.510359057336004, 38.576453225641998 ], [ -121.510631806714997, 38.576027175163198 ], [ -121.510987887297006, 38.575635026338198 ], [ -121.511280670012994, 38.575264191079903 ], [ -121.511749512303993, 38.574818260397002 ], [ -121.511785101320001, 38.574780149460999 ], [ -121.512651395507007, 38.573975510855199 ], [ -121.513446134302001, 38.5732690942395 ], [ -121.514040791571006, 38.572824514644999 ], [ -121.514636867432998, 38.572291945717197 ], [ -121.515209272106006, 38.571924120456003 ], [ -121.515493054586997, 38.5716741803841 ], [ -121.515833198748993, 38.5713973431087 ], [ -121.516111076762002, 38.571081335808401 ], [ -121.516423259907, 38.570804203357 ], [ -121.516877162133994, 38.570413092079697 ], [ -121.517267413019994, 38.570065293524699 ], [ -121.517558251997997, 38.569809919346298 ], [ -121.517933889600997, 38.569500465530503 ], [ -121.518246327385, 38.569206826675398 ], [ -121.518600624171995, 38.568919134013903 ], [ -121.518933599592998, 38.568653218198797 ], [ -121.519329643958997, 38.568376972424403 ], [ -121.519493034462002, 38.568219231977899 ], [ -121.519579612621996, 38.568055160853902 ], [ -121.519863543995001, 38.5677942108683 ], [ -121.520149087999002, 38.567434276517901 ], [ -121.520490466346004, 38.567080438513301 ], [ -121.52077681179, 38.5666710143798 ], [ -121.520949328981004, 38.566381360081898 ], [ -121.521087805883994, 38.566036347030703 ], [ -121.521105100970004, 38.565833026194802 ], [ -121.521137359972002, 38.565569369451801 ], [ -121.521148750376, 38.565299991269299 ], [ -121.521077141641001, 38.564974713292699 ], [ -121.520966650526006, 38.564462023295398 ], [ -121.520810087954004, 38.564201832742299 ], [ -121.520634632603006, 38.563814942008698 ], [ -121.520539810751998, 38.563626919820202 ], [ -121.520218188244996, 38.563199960054298 ], [ -121.519957229126007, 38.562911149222103 ], [ -121.519820301227, 38.562733674244697 ], [ -121.519586327260001, 38.562505649805097 ], [ -121.519372504632997, 38.562327346994898 ], [ -121.519125904286994, 38.5620166886129 ], [ -121.518788327710993, 38.561710555061502 ], [ -121.518451670228998, 38.5613494210724 ], [ -121.518127912468003, 38.561054433982697 ], [ -121.517880496477005, 38.560793261093501 ], [ -121.517550287123996, 38.560465202450096 ], [ -121.517372070606996, 38.560248774270498 ], [ -121.517166066361, 38.560021055185501 ], [ -121.516801544179998, 38.5596541190274 ], [ -121.516479873072996, 38.559232644844101 ], [ -121.516040897850999, 38.558716397884403 ], [ -121.515862419984998, 38.558516468849199 ], [ -121.515700604935006, 38.558151717453399 ], [ -121.515560228854994, 38.557759699869699 ], [ -121.515371456840995, 38.557334152636798 ], [ -121.515253663284994, 38.556843377557499 ], [ -121.515085324965, 38.556451050358099 ], [ -121.514979724501998, 38.556070408300499 ], [ -121.514805024888005, 38.555639514604103 ], [ -121.514698598367005, 38.555308360412603 ], [ -121.514578033193999, 38.554988053058203 ], [ -121.514478063222001, 38.554689968783599 ], [ -121.514317526758006, 38.554248228393597 ], [ -121.514232706794999, 38.553878801585299 ], [ -121.514043066745998, 38.553508250829402 ], [ -121.513937368784994, 38.553133102820802 ], [ -121.513818688542003, 38.552697309531503 ], [ -121.513623502402993, 38.552238696532399 ], [ -121.513529707295007, 38.5519901748998 ], [ -121.513437914720996, 38.551620681224698 ], [ -121.513386692892993, 38.551334122461498 ], [ -121.513237994579001, 38.551024509696397 ], [ -121.513152732560997, 38.550682582729898 ], [ -121.512959271976996, 38.550119481823302 ], [ -121.512777621156999, 38.549688509725698 ], [ -121.512698348521994, 38.549407144212203 ], [ -121.512580059366002, 38.548949361260703 ], [ -121.512383610609007, 38.548567725906899 ], [ -121.512221130251007, 38.548246962781597 ], [ -121.512071630086993, 38.547986844800299 ], [ -121.512006623187006, 38.547689136328898 ], [ -121.511883340550995, 38.547533799232902 ], [ -121.511782414088998, 38.547296198231003 ], [ -121.511593167008002, 38.546903647793499 ], [ -121.511479665958007, 38.546577909253998 ], [ -121.511339969950996, 38.546147389397603 ], [ -121.511187912696997, 38.545617733917503 ], [ -121.511143519231993, 38.545342248818102 ], [ -121.511097768347, 38.545149254801998 ], [ -121.511071992119994, 38.545016973657297 ], [ -121.511040635528005, 38.544373119521602 ], [ -121.511074006141001, 38.544043475875199 ], [ -121.511148770431006, 38.543747280790399 ], [ -121.511229460744005, 38.543517151764597 ], [ -121.511360386023995, 38.543205069522998 ], [ -121.511692960595994, 38.542532156514397 ], [ -121.511887146533994, 38.5421987578748 ], [ -121.512074442691002, 38.541859780345298 ], [ -121.51218303892, 38.541629952125803 ], [ -121.512360808387996, 38.541444873655301 ], [ -121.512489935646997, 38.541242763953598 ], [ -121.512698177269996, 38.540904012419297 ], [ -121.512933744788, 38.5406040600136 ], [ -121.513190368487003, 38.540298831792498 ], [ -121.513454779306002, 38.5399441819823 ], [ -121.513691062337003, 38.539600234922098 ], [ -121.514067729234995, 38.539219301583302 ], [ -121.514329427377007, 38.5390296230565 ], [ -121.514570969279006, 38.538790229035897 ], [ -121.514677496407003, 38.538686882811099 ], [ -121.514883122255, 38.538507596606202 ], [ -121.515130933633003, 38.538312270706498 ], [ -121.515378653533006, 38.538122446569297 ], [ -121.515782256831997, 38.537802294958098 ], [ -121.516087105427005, 38.537620190325299 ], [ -121.516335613139006, 38.537434232296498 ], [ -121.516715591310003, 38.537141355118102 ], [ -121.516948880103996, 38.536978869014597 ], [ -121.517373885254997, 38.536631446461698 ], [ -121.517621503458003, 38.536447112608997 ], [ -121.517799207565005, 38.536311167669801 ], [ -121.518031002309002, 38.536193025168402 ], [ -121.518462166573002, 38.535895161857901 ], [ -121.518984990823, 38.535548787361797 ], [ -121.519402265490996, 38.535245274578898 ], [ -121.519923986264004, 38.534964884589797 ], [ -121.520148743798003, 38.534895804777598 ], [ -121.520472765866003, 38.534739783361601 ], [ -121.520800028024993, 38.534573313265902 ], [ -121.521143539261999, 38.534379256519401 ], [ -121.521564738910996, 38.534197738888601 ], [ -121.521907754137999, 38.534076983694497 ], [ -121.522352066725006, 38.533918469388603 ], [ -121.522710031860996, 38.533823311225397 ], [ -121.523138836518001, 38.533668407390003 ], [ -121.523560189381996, 38.533534023411001 ], [ -121.523898015076995, 38.533396051890499 ], [ -121.524108791610004, 38.533326806888098 ], [ -121.524355218693998, 38.533213951591001 ], [ -121.524636119310998, 38.533135276845101 ], [ -121.524980299621006, 38.533022647949998 ], [ -121.525346038219993, 38.532878059838197 ], [ -121.525725655870005, 38.532739123832798 ], [ -121.526056009643, 38.532621659426702 ], [ -121.526335661386, 38.532519164796703 ], [ -121.526631917768995, 38.532410421257502 ], [ -121.526974996792006, 38.532277434332201 ], [ -121.527448458410007, 38.532081054198699 ], [ -121.527883878108995, 38.531948203881299 ], [ -121.528487286211003, 38.531746046156101 ], [ -121.528986816922995, 38.531591484646903 ], [ -121.529578700222999, 38.531289800211702 ], [ -121.530078852507998, 38.530982825829803 ], [ -121.530306450726002, 38.5307970603059 ], [ -121.530599838360999, 38.530371184498399 ], [ -121.530722506641993, 38.530081337215499 ], [ -121.530833794303007, 38.529715259474699 ], [ -121.530898580534, 38.529324558112897 ], [ -121.530885199278998, 38.528994626761197 ], [ -121.530902360802997, 38.528750343013797 ], [ -121.530888577062996, 38.5284814979129 ], [ -121.530813144326999, 38.528126879043803 ], [ -121.530706284527, 38.5278210025877 ], [ -121.530567594998999, 38.527624955608502 ], [ -121.530428504409997, 38.527489995618197 ], [ -121.530320519569003, 38.527355161749398 ], [ -121.530183030952003, 38.527193194627898 ], [ -121.529990872075999, 38.526976641633198 ], [ -121.529896002743996, 38.526794126725498 ], [ -121.529689431090006, 38.526604918977696 ], [ -121.529448730217993, 38.526365846239898 ], [ -121.529270457658995, 38.526154939466402 ], [ -121.529023767211996, 38.525883755182598 ], [ -121.528776219777001, 38.525687261884002 ], [ -121.528528753239996, 38.525478551341998 ], [ -121.528312555056999, 38.525245531884202 ], [ -121.528111506019002, 38.525073662607703 ], [ -121.527879758937004, 38.524840578903003 ], [ -121.527616746519996, 38.5246318020396 ], [ -121.527307564531, 38.524349529189202 ], [ -121.526998061198995, 38.524116125047001 ], [ -121.526750443330002, 38.523931845017302 ], [ -121.526549077663006, 38.523808841658202 ], [ -121.526378654191006, 38.523710401415102 ], [ -121.526146347251995, 38.523562835685603 ], [ -121.525739014172004, 38.523306635620301 ], [ -121.525677304523001, 38.523234473153799 ], [ -121.525415130922994, 38.523028162225202 ], [ -121.525215933040002, 38.5228170254329 ], [ -121.524919367793004, 38.522577344490102 ], [ -121.524569682009002, 38.522166590583097 ], [ -121.524245354605995, 38.521771233496303 ], [ -121.524061672341006, 38.521330639205601 ], [ -121.524016976229007, 38.521037230998097 ], [ -121.524019016002001, 38.5207317980474 ], [ -121.524114690372997, 38.520377879476499 ], [ -121.524288119399003, 38.520024282423002 ], [ -121.524429711265, 38.519780513002601 ], [ -121.524539873766997, 38.519585484196803 ], [ -121.524696688852003, 38.519390646992797 ], [ -121.524968912763995, 38.519096325649002 ], [ -121.525294370877006, 38.518846810159197 ], [ -121.525689935770004, 38.518581543516802 ], [ -121.526323912292, 38.518263827185002 ], [ -121.527040565818993, 38.518018493669899 ], [ -121.527679724793003, 38.517810827372003 ], [ -121.527932550124007, 38.517731029345001 ], [ -121.528339232677993, 38.517641874518603 ], [ -121.528864844723003, 38.517542990188304 ], [ -121.529046728433997, 38.5175284327699 ], [ -121.529670057946007, 38.517436087607798 ], [ -121.530194599439, 38.517403186155903 ], [ -121.530740973350007, 38.517315514505697 ], [ -121.531307966591001, 38.5172500597198 ], [ -121.531958438977, 38.517147845626504 ], [ -121.532487481350998, 38.5171011196622 ], [ -121.533156557954001, 38.517042740407902 ], [ -121.533540704277996, 38.5170043399985 ], [ -121.534016167724005, 38.516981898914302 ], [ -121.534379501961993, 38.516980263879198 ], [ -121.534833917618002, 38.516963095931999 ], [ -121.535267991775001, 38.516907208704502 ], [ -121.535820037351002, 38.516902074962204 ], [ -121.536316620189993, 38.516868847991098 ], [ -121.536686680490007, 38.516883777604299 ], [ -121.537022255129003, 38.516870838469799 ], [ -121.537371620803, 38.516869046236401 ], [ -121.537763171349994, 38.516851199124602 ], [ -121.538210416751994, 38.516844942341898 ], [ -121.538714078341002, 38.516806280230199 ], [ -121.539162310094, 38.516739528634602 ], [ -121.539407685712007, 38.516687127069602 ], [ -121.540177944619998, 38.516579782524303 ], [ -121.540788236815004, 38.516426738758902 ], [ -121.541299502540994, 38.516349645421698 ], [ -121.541733743986995, 38.516282736510199 ], [ -121.542091402782006, 38.516198516639598 ], [ -121.543115773709999, 38.515928834232298 ], [ -121.543571410040997, 38.515834643686503 ], [ -121.543978325859996, 38.515728937741898 ], [ -121.545051314419993, 38.5154762523117 ], [ -121.545394909853002, 38.5153973732086 ], [ -121.545892546475997, 38.515298116126402 ], [ -121.546292551657999, 38.515186829030398 ], [ -121.546629168550993, 38.515107872952498 ], [ -121.547154911853994, 38.514997906284997 ], [ -121.547603895465002, 38.514881629875198 ], [ -121.547863839035998, 38.5147908631847 ], [ -121.548151382854996, 38.514722387351597 ], [ -121.549224586714004, 38.514453165193999 ], [ -121.549518857308001, 38.514401256204899 ], [ -121.549898504501996, 38.514251241651301 ], [ -121.550270563883004, 38.514139647411 ], [ -121.550628375442002, 38.514044401904002 ], [ -121.551309975527005, 38.513798550805397 ], [ -121.551626667481997, 38.513653370116302 ], [ -121.551851587900998, 38.513567728057602 ], [ -121.552148452861999, 38.513350838152398 ], [ -121.552353110571005, 38.513220981874902 ], [ -121.552628506595994, 38.513036865057899 ], [ -121.552869046365998, 38.512846883164102 ], [ -121.553039924659998, 38.512645171331101 ], [ -121.553175337235999, 38.512476087753399 ], [ -121.553332403810003, 38.5122632303326 ], [ -121.553638689775994, 38.511892432794298 ], [ -121.553838628726993, 38.511619523499597 ], [ -121.554037521080005, 38.511412603002199 ], [ -121.554195366442002, 38.511150251426699 ], [ -121.554359680824007, 38.510920968448303 ], [ -121.554517349806005, 38.510669615675603 ], [ -121.554617308055995, 38.510533160281398 ], [ -121.554704604787005, 38.510314070224602 ], [ -121.554827188607007, 38.510073350336903 ], [ -121.554883924223006, 38.510018943006997 ], [ -121.555300356806001, 38.509308290225199 ], [ -121.555322618234996, 38.509226021519098 ], [ -121.555465705974996, 38.509013015617398 ], [ -121.555680638628999, 38.508674258650601 ], [ -121.555788539524002, 38.508477383711302 ], [ -121.556027295210995, 38.507957373117499 ], [ -121.556170811767998, 38.507716870030698 ], [ -121.556307510086995, 38.507465295656303 ], [ -121.556467423908998, 38.5070709626577 ], [ -121.556581963691997, 38.506896156423601 ], [ -121.556683475411006, 38.5066607141421 ], [ -121.556826639676999, 38.506442206931297 ], [ -121.556893244410006, 38.506206400076401 ], [ -121.556951121739004, 38.506080503008597 ], [ -121.557044511084996, 38.505916476474603 ], [ -121.557124125092997, 38.505741306215299 ], [ -121.557333438404996, 38.5053144858026 ], [ -121.557407188859003, 38.505067753850497 ], [ -121.557486974669004, 38.5048815840956 ], [ -121.557595037316005, 38.504673710024498 ], [ -121.557718106451006, 38.504399991077896 ], [ -121.557826515998997, 38.504170120103502 ], [ -121.558087238618, 38.503584334044497 ], [ -121.558223835519996, 38.503338256131798 ], [ -121.558325180465999, 38.503113810824999 ], [ -121.558435840214003, 38.502740960768598 ], [ -121.558530609502995, 38.502488947162398 ], [ -121.558597465107994, 38.502236641358998 ], [ -121.558628341673995, 38.502049961633901 ], [ -121.558689680214997, 38.501704097651697 ], [ -121.558743332808007, 38.501402153503001 ], [ -121.558802848181998, 38.501171771653503 ], [ -121.558881702510007, 38.500600587960101 ], [ -121.558986837738004, 38.500134179263398 ], [ -121.559002378966994, 38.500035340242697 ], [ -121.559011866223003, 38.499875937189799 ], [ -121.559002172700005, 38.499770221812597 ], [ -121.558989646833993, 38.499591671005902 ], [ -121.558995402435997, 38.499395338711601 ], [ -121.559000894608999, 38.499241846502301 ], [ -121.559001864593995, 38.4990847677077 ], [ -121.559003056175996, 38.498891988249703 ], [ -121.558926258184002, 38.498484749147003 ], [ -121.558933569456002, 38.498309029828199 ], [ -121.558912878263996, 38.498111375052702 ], [ -121.558850162313007, 38.497880846716797 ], [ -121.558780534708006, 38.497589921299003 ], [ -121.558661953900994, 38.497216706086398 ], [ -121.558606166139995, 38.497030091983099 ], [ -121.558557394011004, 38.496837975850703 ], [ -121.558480610497995, 38.496629424954897 ], [ -121.558340696444006, 38.496426465290199 ], [ -121.558103080652998, 38.4959436091968 ], [ -121.558019163284001, 38.495811957122797 ], [ -121.557907216743004, 38.495663870937001 ], [ -121.557824301669996, 38.495498753455401 ], [ -121.557741905010005, 38.4953603115517 ], [ -121.557576932507999, 38.495112506822103 ], [ -121.557430145967004, 38.494915659331397 ], [ -121.557340671304004, 38.494797147541803 ], [ -121.557145330069005, 38.4946019651385 ], [ -121.556915746065997, 38.494332101350999 ], [ -121.556787237343002, 38.494171672321997 ], [ -121.556668882186003, 38.494001996566702 ], [ -121.556549986747001, 38.493815485419603 ], [ -121.556438090515002, 38.493634451403302 ], [ -121.556123219773994, 38.493234100426903 ], [ -121.556017149585003, 38.4930564324778 ], [ -121.555871467757001, 38.492822662293896 ], [ -121.555760685089993, 38.492648337239203 ], [ -121.555682628021003, 38.492531929256202 ], [ -121.555494385057997, 38.492334710056802 ], [ -121.555304672074001, 38.4921371830944 ], [ -121.555122735075003, 38.491923323704597 ], [ -121.554961831409997, 38.491714927819899 ], [ -121.554898861780998, 38.491621674479397 ], [ -121.554787723331998, 38.491437800338304 ], [ -121.554686838018995, 38.491299285031701 ], [ -121.554622997945998, 38.491153643021498 ], [ -121.554549589472003, 38.4910588519935 ], [ -121.554503795583003, 38.490985977050897 ], [ -121.554458000642001, 38.490913102085798 ], [ -121.554421455913996, 38.490840263649702 ], [ -121.554381350895, 38.490793341903398 ], [ -121.554297370347996, 38.490694637026699 ], [ -121.554171410368994, 38.490552074188102 ], [ -121.554108423797004, 38.490486284088803 ], [ -121.554031440028993, 38.490409538254603 ], [ -121.553975516270995, 38.490299801800802 ], [ -121.553863512936005, 38.490201148864202 ], [ -121.553688617144999, 38.489965319934598 ], [ -121.553625680357996, 38.489861087725899 ], [ -121.553485358418001, 38.489658937628597 ], [ -121.553356774890005, 38.4895130439658 ], [ -121.553177885707001, 38.489301737369203 ], [ -121.553136516959995, 38.489235938380098 ], [ -121.553072953726002, 38.489153649215602 ], [ -121.552947026359007, 38.488989118659497 ], [ -121.552905078137002, 38.488906819278803 ], [ -121.552815519095006, 38.488798507131598 ], [ -121.552751319764994, 38.488711020774304 ], [ -121.552641283483993, 38.4885579287346 ], [ -121.552567926996005, 38.488455866418803 ], [ -121.552457754849002, 38.488324583412698 ], [ -121.552394393637002, 38.488226772252297 ], [ -121.552320155011003, 38.488142304420599 ], [ -121.552246662691005, 38.488062051108898 ], [ -121.552182464720005, 38.487974564436399 ], [ -121.552107526392007, 38.487875819094597 ], [ -121.552051548657005, 38.487810018974301 ], [ -121.551946675617003, 38.4876125078802 ], [ -121.551843390631007, 38.487471632126002 ], [ -121.551764798457, 38.487360217541401 ], [ -121.551638848199005, 38.487217662754297 ], [ -121.551484933013995, 38.487014745773102 ], [ -121.551412103618006, 38.4869247215995 ], [ -121.551338796223007, 38.486815389370598 ], [ -121.551275115696001, 38.486696612549501 ], [ -121.551198187376002, 38.486559455585699 ], [ -121.550778538234994, 38.485917692184699 ], [ -121.550484699370003, 38.485544789107401 ], [ -121.550225810068994, 38.485254210682299 ], [ -121.549979336917005, 38.484912165987403 ], [ -121.549852505196, 38.484744133923598 ], [ -121.549722173971006, 38.4845302379982 ], [ -121.549624269400994, 38.484360169702498 ], [ -121.549493823568, 38.4841619387119 ], [ -121.549284970261994, 38.483929713012202 ], [ -121.548979194951002, 38.483523287709602 ], [ -121.548831125427, 38.483344002375297 ], [ -121.54867630359, 38.4831088449791 ], [ -121.548352349938995, 38.482655227577503 ], [ -121.548197426357007, 38.4824368221553 ], [ -121.548049359897007, 38.482257536718301 ], [ -121.547879946055005, 38.482083751350203 ], [ -121.547745807531996, 38.481949195314797 ], [ -121.547644479325996, 38.481815747674801 ], [ -121.547441584042005, 38.4815690068896 ], [ -121.547371644821993, 38.481464794260198 ], [ -121.547299168538999, 38.481362535602301 ], [ -121.547123048274997, 38.481145346609402 ], [ -121.546995526794007, 38.480986081569199 ], [ -121.546880184930998, 38.480836485670302 ], [ -121.546686105899994, 38.4805489874175 ], [ -121.546602178442001, 38.480428331304402 ], [ -121.546467632928994, 38.480262349889998 ], [ -121.546273392866993, 38.479995116812702 ], [ -121.545930587211998, 38.479589401051598 ], [ -121.545811672187995, 38.4794303648845 ], [ -121.545692769566003, 38.479254864804297 ], [ -121.545629885099004, 38.479079232528498 ], [ -121.545461959069002, 38.478909321460698 ], [ -121.545378004057, 38.478827117196197 ], [ -121.544979332384003, 38.4782292866456 ], [ -121.544869350425998, 38.478100870907099 ], [ -121.544735108460003, 38.477965544264997 ], [ -121.544611258019998, 38.477830259299999 ], [ -121.544533706245005, 38.477768682183203 ], [ -121.544482585072004, 38.477725049564398 ], [ -121.544202715935995, 38.4774510287303 ], [ -121.544104748842003, 38.477368858373502 ], [ -121.543922809202002, 38.477237444441798 ], [ -121.543572904737999, 38.477018520104998 ], [ -121.543139036906993, 38.476755840721601 ], [ -121.543083063441003, 38.476706536092799 ], [ -121.542883618057999, 38.476589834993803 ], [ -121.542768158669006, 38.476504024983903 ], [ -121.542697498996006, 38.476442046859603 ], [ -121.542481280459995, 38.476290460052802 ], [ -121.542316864469996, 38.476216686364801 ], [ -121.542082407726994, 38.476093630888798 ], [ -121.541977436067, 38.476038949680301 ], [ -121.541760484148995, 38.475951560831597 ], [ -121.541389640250003, 38.4757272180466 ], [ -121.541263925650995, 38.475653778358698 ], [ -121.541179712743002, 38.475612359776697 ], [ -121.541046373903995, 38.475562496621698 ], [ -121.540927788030999, 38.475519575631203 ], [ -121.540703864628995, 38.475415736505397 ], [ -121.540577912318994, 38.475361099487202 ], [ -121.540480794556998, 38.4753170570539 ], [ -121.540207062921993, 38.475186202044597 ], [ -121.539939015417005, 38.475071709424299 ], [ -121.539820336217005, 38.475024468934599 ], [ -121.53965425586, 38.474967809912002 ], [ -121.539456207450002, 38.474907656655702 ], [ -121.539258289214004, 38.474847627901099 ], [ -121.539072268843, 38.474787647146997 ], [ -121.53879128653, 38.474692990222501 ], [ -121.538506319755001, 38.474601433800103 ], [ -121.538407371491004, 38.474569859694803 ], [ -121.538226789543003, 38.474531808138899 ], [ -121.538023855581002, 38.474482858047303 ], [ -121.537897896488005, 38.4744666889586 ], [ -121.537551707093002, 38.474413660822499 ], [ -121.537274411753003, 38.474362664179601 ], [ -121.536917979256003, 38.474283288826399 ], [ -121.536624942572999, 38.474213519590201 ], [ -121.536450661659003, 38.474178523821003 ], [ -121.536197596316001, 38.474113811935702 ], [ -121.536043693546006, 38.4740647613744 ], [ -121.535427995611002, 38.473923475248398 ], [ -121.534546463088006, 38.473744415141503 ], [ -121.534413528830996, 38.473733764574 ], [ -121.533245023831995, 38.4737311956737 ], [ -121.532917160547996, 38.473729967801603 ], [ -121.532685271581997, 38.473732608974203 ], [ -121.532403040212003, 38.4737503324397 ], [ -121.532046261841003, 38.473726437543696 ], [ -121.531614791663003, 38.473751809762497 ], [ -121.531246379137002, 38.473779309045099 ], [ -121.530847928799005, 38.473808891544401 ], [ -121.530537333016994, 38.473803992792703 ], [ -121.530280260015999, 38.473797472873201 ], [ -121.529782107694999, 38.4737863342013 ], [ -121.529313099053994, 38.473763219338998 ], [ -121.529144980739005, 38.473765518456403 ], [ -121.528878255403001, 38.473800863025097 ], [ -121.528662478059005, 38.473797861829198 ], [ -121.528275527006997, 38.473834833654102 ], [ -121.527939462895006, 38.473842567149497 ], [ -121.527707556208, 38.4738689440534 ], [ -121.527396196187993, 38.473916498253097 ], [ -121.526668616343002, 38.474011774832903 ], [ -121.526395751330995, 38.474061916372698 ], [ -121.526220874092999, 38.474067868210398 ], [ -121.526059976175006, 38.474079274358502 ], [ -121.525941026758005, 38.4741125395579 ], [ -121.525682198666999, 38.474140684872701 ], [ -121.525514292004999, 38.4741685902246 ], [ -121.525402363092994, 38.474179868516799 ], [ -121.525234497567993, 38.474174824299197 ], [ -121.525129562749996, 38.474186084205002 ], [ -121.524821770523005, 38.474219854338202 ], [ -121.524583948889003, 38.474231469236997 ], [ -121.524290153562006, 38.474259713573304 ], [ -121.523741873880994, 38.474326279924099 ], [ -121.523243537683001, 38.474342438279201 ], [ -121.522826183286, 38.474377146689598 ], [ -121.522638287346993, 38.474403532034501 ], [ -121.522397242742997, 38.474430658759999 ], [ -121.522219706949002, 38.474446504313697 ], [ -121.521992391807004, 38.474453836615702 ], [ -121.521793082496998, 38.474447664592802 ], [ -121.521435982857994, 38.474446557998903 ], [ -121.521265222810001, 38.474450820301399 ], [ -121.520968031300995, 38.474449586470101 ], [ -121.520582493613006, 38.4744479639009 ], [ -121.520115772943001, 38.474446022887101 ], [ -121.519808045418003, 38.474444742335898 ], [ -121.519695211995, 38.474444272685403 ], [ -121.519377226901, 38.474442948368299 ], [ -121.519125915540997, 38.474441900542701 ], [ -121.518936150827997, 38.474441109208698 ], [ -121.518772029499004, 38.474440425215803 ], [ -121.518500202991007, 38.474439290627203 ], [ -121.518212990688994, 38.474438091277499 ], [ -121.517927545166998, 38.474455117388899 ], [ -121.517837247060996, 38.474447637238796 ], [ -121.517701725717998, 38.474447071010999 ], [ -121.517511949709998, 38.4744533799511 ], [ -121.517214949104996, 38.474464764217899 ], [ -121.516975386433998, 38.474454572550599 ], [ -121.516788331797002, 38.474458383581201 ], [ -121.516502013611998, 38.474447994584899 ], [ -121.516268881337993, 38.474452015649099 ], [ -121.516186378773, 38.474451265887303 ], [ -121.515964381917001, 38.474436551072301 ], [ -121.515765513147002, 38.474425986742197 ], [ -121.515561204994, 38.474421074917103 ], [ -121.515409310552002, 38.4744112473524 ], [ -121.515275074179002, 38.474383116263503 ], [ -121.515146744717001, 38.474345820659103 ], [ -121.515000850888995, 38.474313044888802 ], [ -121.514907494718003, 38.474289679442798 ], [ -121.514749912240006, 38.474256855206399 ], [ -121.514563138976996, 38.4742193127109 ], [ -121.514137023326001, 38.474139410410999 ], [ -121.513699282336006, 38.474050269398496 ], [ -121.513425063015006, 38.473980194290903 ], [ -121.513158642606001, 38.473933847632502 ], [ -121.512376073650003, 38.473711029821303 ], [ -121.512172005373998, 38.473684910429398 ], [ -121.511879902413995, 38.473635619116898 ], [ -121.511446635050007, 38.473571007217203 ], [ -121.511188882721001, 38.473513033248501 ], [ -121.510990507886007, 38.473451204515499 ], [ -121.510700035173002, 38.473385173963401 ], [ -121.510274116749002, 38.473272826874997 ], [ -121.510056375448997, 38.473207102797097 ], [ -121.509979007211001, 38.473176280441201 ], [ -121.509877318034, 38.4731567899886 ], [ -121.509795101418007, 38.473125946952599 ], [ -121.509686066450996, 38.473087612675101 ], [ -121.509408235725999, 38.472975645359703 ], [ -121.509210099588003, 38.472879509360801 ], [ -121.508973756066993, 38.472760349601302 ], [ -121.508855050270995, 38.472700314119599 ], [ -121.508834089944003, 38.472700377314602 ], [ -121.508582670433, 38.472602321943398 ], [ -121.508114695958, 38.472450019828898 ], [ -121.507926134992005, 38.472368235793098 ], [ -121.507842398311993, 38.472302619318903 ], [ -121.507751627754004, 38.472253479946502 ], [ -121.507618949494002, 38.472198989062498 ], [ -121.507507260368996, 38.472127960515103 ], [ -121.507360652052995, 38.472051549745402 ], [ -121.507227978035999, 38.471986073804302 ], [ -121.506643233152005, 38.471605315977101 ], [ -121.506481190909, 38.471472318704201 ], [ -121.506087718508994, 38.4712316917377 ], [ -121.505991654130995, 38.471155342917498 ], [ -121.505863625434998, 38.471045108018998 ], [ -121.505778234657996, 38.470977243337998 ], [ -121.505650381753995, 38.470841696478303 ], [ -121.505480068466994, 38.470638468205301 ], [ -121.505342129054, 38.4704100657437 ], [ -121.505193750182002, 38.4701394312712 ], [ -121.505056396002999, 38.4698266566526 ], [ -121.504940040136006, 38.469581472332898 ], [ -121.504887666656998, 38.4693956238035 ], [ -121.504824679181993, 38.469192855099202 ], [ -121.5047828047, 38.469040800861599 ], [ -121.504730257706996, 38.468880263990201 ], [ -121.504677943778006, 38.468685978727301 ], [ -121.504637124019993, 38.468382055908599 ], [ -121.504596421619993, 38.468061257994698 ], [ -121.504555074847005, 38.4678332703119 ], [ -121.504511845897994, 38.467651178800097 ], [ -121.504487143665997, 38.4674991989624 ], [ -121.504468600365001, 38.467387745301799 ], [ -121.504469162134001, 38.467306748151998 ], [ -121.504450899804993, 38.467154795913999 ], [ -121.504439004714001, 38.467012996141399 ], [ -121.504414655147002, 38.466810392851201 ], [ -121.504415568113998, 38.466678772259101 ], [ -121.504410508006004, 38.466506622675297 ], [ -121.504410359752001, 38.466501564409597 ], [ -121.504398255314001, 38.466390137443703 ], [ -121.504386572295004, 38.466217963966898 ], [ -121.504362362468001, 38.4659951118268 ], [ -121.504344100701005, 38.465843159575101 ], [ -121.504309462297002, 38.465750506135699 ], [ -121.504224508874003, 38.465546424881097 ], [ -121.504188436505004, 38.465410458283699 ], [ -121.504152230770998, 38.465293893699197 ], [ -121.504129305890999, 38.465041574209501 ], [ -121.504105775232006, 38.464876559746997 ], [ -121.504046038336, 38.464594979757798 ], [ -121.504047318823993, 38.464410670945803 ], [ -121.504011517861002, 38.464235902966003 ], [ -121.504000055248994, 38.464109742756897 ], [ -121.503988997869001, 38.4639253801002 ], [ -121.503966410721006, 38.463624558691102 ], [ -121.503930812397002, 38.463420689012601 ], [ -121.503882741702995, 38.463236167483899 ], [ -121.503822872330005, 38.462973988503997 ], [ -121.503715473780005, 38.462449683435899 ], [ -121.503617086610006, 38.461884258634697 ], [ -121.503561548015995, 38.461609898182701 ], [ -121.503525084597001, 38.461439982132198 ], [ -121.503464206892005, 38.461323310444399 ], [ -121.503379733100005, 38.461051324677904 ], [ -121.503359759320006, 38.4609351620132 ], [ -121.503276438336997, 38.460496149608097 ], [ -121.503200408249995, 38.460225985571398 ], [ -121.503137239200001, 38.4600353610209 ], [ -121.503007872081, 38.459526699489103 ], [ -121.502942462156994, 38.459294696952497 ], [ -121.502851967889001, 38.458992971548597 ], [ -121.502838137853004, 38.458855741641003 ], [ -121.502719857147, 38.458400350599 ], [ -121.502635688192001, 38.458050575024103 ], [ -121.502580721859005, 38.457835206318499 ], [ -121.502527088996999, 38.457700878015402 ], [ -121.502476210739999, 38.457571971424997 ], [ -121.502385774261995, 38.457171395989597 ], [ -121.502392813678995, 38.457099980745497 ], [ -121.502347316211001, 38.456852160080899 ], [ -121.502267479067996, 38.456683040629201 ], [ -121.502241368533006, 38.4565688351109 ], [ -121.502220297321998, 38.4564951988161 ], [ -121.502192111244, 38.456410217519398 ], [ -121.502178629111995, 38.456280040342897 ], [ -121.502143563640999, 38.456149769289901 ], [ -121.502114417439003, 38.4560080931588 ], [ -121.502080824982997, 38.455860974470902 ], [ -121.502037830877001, 38.455706313504002 ], [ -121.501982429457996, 38.455526765859098 ], [ -121.501876959553996, 38.455175554691699 ], [ -121.501792402030006, 38.454920608724798 ], [ -121.501715197590997, 38.454643065694 ], [ -121.501616016352003, 38.454422000500301 ], [ -121.501595104247002, 38.454325735170002 ], [ -121.501473583552993, 38.453890456668603 ], [ -121.501459712255993, 38.453720249119698 ], [ -121.501452757973993, 38.453681830142202 ], [ -121.501438929727996, 38.453467695992003 ], [ -121.501348418028002, 38.453072581535999 ], [ -121.501314935755005, 38.4528452491246 ], [ -121.501316426165005, 38.452631837815296 ], [ -121.501305377483007, 38.452447474940101 ], [ -121.501318865404997, 38.452282620541197 ], [ -121.501320355790995, 38.452069209234203 ], [ -121.501321235790002, 38.451943102918797 ], [ -121.501276551244004, 38.4517173662937 ], [ -121.501293241531002, 38.451535548336999 ], [ -121.501294427340994, 38.451365790431701 ], [ -121.501235289440999, 38.451001754347402 ], [ -121.501221478882997, 38.450771301425597 ], [ -121.501180386306999, 38.450031438081901 ], [ -121.501119657146006, 38.449377010204401 ], [ -121.501147640333002, 38.449118752267402 ], [ -121.501119864217003, 38.448586050651102 ], [ -121.501161780209998, 38.448349712201903 ], [ -121.501161805741006, 38.448228871547599 ], [ -121.501231694577001, 38.447794678359898 ], [ -121.501196859146006, 38.447322408129899 ], [ -121.501224805904002, 38.446992724308998 ], [ -121.501231833663994, 38.446619170262402 ], [ -121.501251883533001, 38.4464182038815 ], [ -121.501315601260998, 38.446069546613501 ], [ -121.501427267023999, 38.445541788210697 ], [ -121.501491290575004, 38.445255144438804 ], [ -121.501531932258999, 38.445046996624299 ], [ -121.501580752609996, 38.444849057890998 ], [ -121.501650538819007, 38.444662024814498 ], [ -121.501803961600999, 38.443936310363704 ], [ -121.501873727830997, 38.443842656720399 ], [ -121.501922535434005, 38.443600762197498 ], [ -121.501971366758994, 38.443490707540398 ], [ -121.501998295717001, 38.443305050797697 ], [ -121.502055026486005, 38.4430783713658 ], [ -121.502096842203002, 38.442913398455303 ], [ -121.502166603226996, 38.442770299861699 ], [ -121.502313049066004, 38.442456611814102 ], [ -121.502466431753007, 38.442005533536303 ], [ -121.502578014687003, 38.441807338520803 ], [ -121.502856933380002, 38.441311829188997 ], [ -121.502919663449006, 38.441141283853 ], [ -121.503173289689997, 38.4408026883753 ], [ -121.503189717945006, 38.440772036670502 ], [ -121.503207596183003, 38.440744868654697 ], [ -121.503359022764002, 38.4405627504214 ], [ -121.503540313263002, 38.440292855427202 ], [ -121.503679786860999, 38.440143987929901 ], [ -121.503895992855007, 38.439928897893203 ], [ -121.504133110308999, 38.439697248653701 ], [ -121.504397319275995, 38.439465119649498 ], [ -121.505123440158997, 38.438795194524602 ], [ -121.505555809750007, 38.4384501449738 ], [ -121.505812521337006, 38.4382740830561 ], [ -121.505988224204003, 38.438162797267999 ], [ -121.506120711822007, 38.438046911214101 ], [ -121.506246222094006, 38.437931050148599 ], [ -121.506390989493994, 38.437854051160599 ], [ -121.506525219428994, 38.4377706502706 ], [ -121.506712057173999, 38.437664289297402 ], [ -121.506878949748995, 38.437574465322001 ], [ -121.507257587645, 38.4373612883332 ], [ -121.507452872534003, 38.437250657718501 ], [ -121.507857417028006, 38.437034839684202 ], [ -121.508143437643, 38.436934869072203 ], [ -121.508324794971998, 38.436851768522601 ], [ -121.508924702949002, 38.436613239378602 ], [ -121.508994462602004, 38.436591005366097 ], [ -121.509085152512995, 38.436552191880899 ], [ -121.509470649326005, 38.436398467991602 ], [ -121.509810603656007, 38.436247259506203 ], [ -121.510019912985001, 38.436191535985699 ], [ -121.510417531569004, 38.436030690136803 ], [ -121.510738456198993, 38.435947075341502 ], [ -121.510996580059, 38.435852702956197 ], [ -121.511157044341005, 38.435819138066798 ], [ -121.511610511203003, 38.435669086506898 ], [ -121.512622135578994, 38.435341128035098 ], [ -121.512984975297996, 38.435295829523497 ], [ -121.513229196590004, 38.435250962612599 ], [ -121.513305943179006, 38.435234199553399 ], [ -121.513333849763995, 38.4352176136113 ], [ -121.513585049493003, 38.435172722191801 ], [ -121.513654811993007, 38.435150488993997 ], [ -121.513906000101997, 38.435094609515502 ], [ -121.513996706775004, 38.435066805706299 ], [ -121.514903900429005, 38.434926108369602 ], [ -121.515120250166007, 38.434914327430398 ], [ -121.515343582170004, 38.434891541216203 ], [ -121.515399400383998, 38.434874844832898 ], [ -121.51559485192, 38.434885140065298 ], [ -121.516962901682007, 38.434808771854001 ], [ -121.517200265110006, 38.434824408921401 ], [ -121.517615793058994, 38.4348132095094 ], [ -121.518086849788006, 38.434843238145497 ], [ -121.518603477789995, 38.434863385445702 ], [ -121.518771008627994, 38.434851800558697 ], [ -121.519225173991998, 38.434812548371802 ], [ -121.519572718735006, 38.434844388437298 ], [ -121.519810043242998, 38.434849719149902 ], [ -121.519975696518003, 38.434841725589202 ], [ -121.520345439211994, 38.434856289008103 ], [ -121.520770612114006, 38.434836348083799 ], [ -121.521168215854004, 38.434811949931202 ], [ -121.521653932738005, 38.4348183069255 ], [ -121.521813863046006, 38.4348406796123 ], [ -121.521912717928004, 38.434846258043201 ], [ -121.522062197430003, 38.434850392675699 ], [ -121.522260796032995, 38.434868582382499 ], [ -121.522371163711, 38.434873381003896 ], [ -121.522520112468996, 38.434887023592204 ], [ -121.522696689466002, 38.434896437816903 ], [ -121.522944851448003, 38.434932199433597 ], [ -121.523110301803996, 38.434954592214403 ], [ -121.523330367599996, 38.434973277692002 ], [ -121.523474438351997, 38.434982148507103 ], [ -121.523628906940999, 38.434995811529198 ], [ -121.523784300882994, 38.435015688023697 ], [ -121.523971051944997, 38.435010249548498 ], [ -121.524263545752007, 38.435020140711501 ], [ -121.524478879144993, 38.435012345246598 ], [ -121.524827970668994, 38.435029942627402 ], [ -121.525210649377001, 38.435058895817299 ], [ -121.525375975719001, 38.435059576891099 ], [ -121.525549821501997, 38.435087669088901 ], [ -121.525706355940002, 38.435102001773501 ], [ -121.525880338147999, 38.435109560850897 ], [ -121.526071813448993, 38.435103504136499 ], [ -121.526457196235995, 38.435135030933601 ], [ -121.526756306612, 38.435136259181697 ], [ -121.526865144707998, 38.435126011317699 ], [ -121.527038720107001, 38.435131030066103 ], [ -121.527245901542003, 38.435116879002997 ], [ -121.527471632986007, 38.435080082885101 ], [ -121.527654204290002, 38.4350543872795 ], [ -121.527763112779994, 38.435033445244599 ], [ -121.527869563435999, 38.435007271481197 ], [ -121.528197712118001, 38.434951194367599 ], [ -121.528567701905004, 38.434867477357002 ], [ -121.528770762041006, 38.434802297222099 ], [ -121.528975264284, 38.4347175795155 ], [ -121.529247744995999, 38.434633139346303 ], [ -121.529411600583998, 38.434526867124902 ], [ -121.529575243401993, 38.434452676446298 ], [ -121.529725148973, 38.434399816847801 ], [ -121.529875335656001, 38.434304181948498 ], [ -121.530080046069997, 38.4341873814083 ], [ -121.530352805646999, 38.434060163532401 ], [ -121.530611968141002, 38.433932888875802 ], [ -121.530775608354006, 38.433858696498298 ], [ -121.530952913345999, 38.433773864854601 ], [ -121.531089502146003, 38.433678173185598 ], [ -121.531253281538, 38.433582591676902 ], [ -121.531416920282993, 38.433508398391702 ], [ -121.531580979157994, 38.4333700413099 ], [ -121.531772439509993, 38.433199713317897 ], [ -121.531936708206999, 38.433029273954197 ], [ -121.531991931034, 38.432901168931302 ], [ -121.532101674963002, 38.432751896577898 ], [ -121.532184298980994, 38.432591819801402 ], [ -121.532253326795995, 38.432431687923398 ], [ -121.532350174414006, 38.432175421620599 ], [ -121.532433216900003, 38.4319511820039 ], [ -121.532461667381995, 38.431758803150899 ], [ -121.532545689220001, 38.431384849676597 ], [ -121.532560893221003, 38.431138946454801 ], [ -121.532603554375001, 38.430886951663901 ], [ -121.532591009097004, 38.430666896331601 ], [ -121.532557056762997, 38.430512755669497 ], [ -121.532421210628002, 38.429901692729402 ], [ -121.532397410716996, 38.429746519244397 ], [ -121.532332582991003, 38.4295548268122 ], [ -121.532243379256002, 38.429295959602698 ], [ -121.532119469587997, 38.4289984511745 ], [ -121.532001903362001, 38.428799970231701 ], [ -121.531946760950007, 38.428678744187799 ], [ -121.531787424751997, 38.428452593103003 ], [ -121.531648885436994, 38.428254026793802 ], [ -121.531371628846998, 38.4278843927327 ], [ -121.531095457405996, 38.427349759195401 ], [ -121.531008118425007, 38.427210652600301 ], [ -121.530868017255997, 38.427040665264101 ], [ -121.530741759814006, 38.42682662803 ], [ -121.530545528557994, 38.426563342745801 ], [ -121.530419180455993, 38.426316308649 ], [ -121.530300110141994, 38.426179237373802 ], [ -121.530257990926998, 38.426091397434803 ], [ -121.530173895193002, 38.425981703158001 ], [ -121.530012385831995, 38.425646805573798 ], [ -121.529865307585993, 38.425476835467698 ], [ -121.529704160239007, 38.425273917164098 ], [ -121.529599065333002, 38.425142305612802 ], [ -121.529472866044003, 38.424950271542997 ], [ -121.529360793047005, 38.424818675493803 ], [ -121.529276717352005, 38.424708982439498 ], [ -121.529108530798993, 38.424484098747797 ], [ -121.528793504004, 38.424171740043903 ], [ -121.528646334616994, 38.423974284427999 ], [ -121.528593656544004, 38.4238562379632 ], [ -121.528436027419005, 38.423667061849699 ], [ -121.528183692753998, 38.423304991088003 ], [ -121.527952623757997, 38.423058334597897 ], [ -121.527791518415995, 38.422860930841601 ], [ -121.527686444658997, 38.422734813069503 ], [ -121.527518313285, 38.4225264298355 ], [ -121.527392242145993, 38.422378395448497 ], [ -121.527112078171001, 38.422049428921298 ], [ -121.526901758853995, 38.4217367152214 ], [ -121.526684756389002, 38.421517516266299 ], [ -121.526565682580994, 38.421374956442399 ], [ -121.526481464539998, 38.421221273701597 ], [ -121.526439240781002, 38.421105933938698 ], [ -121.526074800033001, 38.420595789212797 ], [ -121.525815397377002, 38.4202007547443 ], [ -121.525661092430994, 38.419948330379597 ], [ -121.525542003631003, 38.419800274874497 ], [ -121.525338746702005, 38.419509533077999 ], [ -121.525191400416006, 38.419251584462998 ], [ -121.524014426506994, 38.417748996254304 ], [ -121.523657002907996, 38.417249842911303 ], [ -121.523509915635003, 38.417068896201599 ], [ -121.522843878684995, 38.416064906747302 ], [ -121.522745846212999, 38.415949780099098 ], [ -121.522591537172005, 38.415697360575898 ], [ -121.522535422374006, 38.415604072591101 ], [ -121.522297134731005, 38.415269475500203 ], [ -121.521919078224997, 38.4148639162458 ], [ -121.521830186566007, 38.414755948212502 ], [ -121.521708996612006, 38.414617214174598 ], [ -121.521533965323997, 38.414425385323 ], [ -121.521435807699007, 38.414277258187099 ], [ -121.521407606512, 38.414183862777101 ], [ -121.521281645258995, 38.414063343510698 ], [ -121.521197581695006, 38.413959163435202 ], [ -121.521085729926995, 38.413786042485299 ], [ -121.520938361679001, 38.413619156055802 ], [ -121.520861289492004, 38.413520447931397 ], [ -121.520559994937003, 38.413114600788099 ], [ -121.520440698512999, 38.412900555825097 ], [ -121.520132542799004, 38.412527736470402 ], [ -121.519796332444002, 38.412111028812902 ], [ -121.519705354403996, 38.412017880968797 ], [ -121.519628228139993, 38.411902678220301 ], [ -121.519327201392002, 38.411573843664101 ], [ -121.518991035265003, 38.411162646391602 ], [ -121.518955761496002, 38.411047271537399 ], [ -121.518752650245005, 38.4108005606288 ], [ -121.518689524978996, 38.410696301085601 ], [ -121.518633200181, 38.410542511670798 ], [ -121.518549140378994, 38.410432836910999 ], [ -121.518457919037999, 38.410273683960703 ], [ -121.518380868698998, 38.410174984163497 ], [ -121.518296828767006, 38.410070809258798 ], [ -121.518156615449996, 38.409862351201603 ], [ -121.517988554642997, 38.409665004599603 ], [ -121.517953447973994, 38.409593637003297 ], [ -121.5178305421, 38.409341115982201 ], [ -121.517805896694, 38.409280694632798 ], [ -121.517784808962006, 38.409231271831899 ], [ -121.517714536748997, 38.409077538143301 ], [ -121.517658437590001, 38.408989753189303 ], [ -121.517588243011005, 38.408858020479997 ], [ -121.517391928760006, 38.408561778261699 ], [ -121.517237515472999, 38.408276363929701 ], [ -121.517062190009995, 38.407996539380498 ], [ -121.516901081314998, 38.407793668037499 ], [ -121.516809913483002, 38.407651018372299 ], [ -121.516725377030994, 38.407409327770601 ], [ -121.516549848267005, 38.407074494796802 ], [ -121.516318539216002, 38.406739887414403 ], [ -121.516269187947003, 38.406591564734697 ], [ -121.516086967464005, 38.406333772702503 ], [ -121.516030461849994, 38.406135968969103 ], [ -121.515924699699994, 38.405817348872702 ], [ -121.515840535818995, 38.405680174594899 ], [ -121.515615366703997, 38.405125496814101 ], [ -121.515474579620005, 38.404763011711999 ], [ -121.515376331270005, 38.4045928827571 ], [ -121.515291746721999, 38.404345684629497 ], [ -121.515151454602005, 38.404120723576803 ], [ -121.515109203628001, 38.404010875857097 ], [ -121.515073812501996, 38.4038679905129 ], [ -121.514968612645006, 38.403703395038299 ], [ -121.514813534262998, 38.403258442524397 ], [ -121.514694139623998, 38.403027888566498 ], [ -121.514497195160999, 38.402572105710497 ], [ -121.514377969757007, 38.402385564408497 ], [ -121.514349515023994, 38.402237145889202 ], [ -121.514025798412007, 38.401457309896301 ], [ -121.513927557277, 38.401292683286499 ], [ -121.513912700256, 38.401061682888198 ], [ -121.513828345929994, 38.400880490447697 ], [ -121.513792915446004, 38.400737599138303 ], [ -121.513742818742003, 38.400413218633297 ], [ -121.513616167408003, 38.400116667736299 ], [ -121.513573406150002, 38.399885782198702 ], [ -121.513537964872995, 38.399737388106203 ], [ -121.513466902887998, 38.399402085917202 ], [ -121.513438849302005, 38.399242272558098 ], [ -121.513405879326001, 38.398964963709801 ], [ -121.513400125583004, 38.398423034655202 ], [ -121.513383973233005, 38.398301647713403 ], [ -121.513375346906003, 38.398068523082401 ], [ -121.513336163641995, 38.397823212114901 ], [ -121.513317542950006, 38.397557895162201 ], [ -121.513303346494993, 38.397393065441698 ], [ -121.513345521625993, 38.397047752188797 ], [ -121.513314421963997, 38.396747127070803 ], [ -121.513301100118994, 38.3964427012314 ], [ -121.513302827326996, 38.396260052283303 ], [ -121.513318737795004, 38.396113424994503 ], [ -121.513304625344006, 38.395996009678399 ], [ -121.513320775324999, 38.395814176469599 ], [ -121.513344461705003, 38.395620639077997 ], [ -121.513360293237, 38.395485747399 ], [ -121.513368547198993, 38.395368426349599 ], [ -121.513407462060997, 38.395270232554601 ], [ -121.513441479847003, 38.395082998093898 ], [ -121.513457011295003, 38.3949267161207 ], [ -121.513460807914001, 38.394730747178102 ], [ -121.513501561412994, 38.394493954991297 ], [ -121.513501451519005, 38.394304635305502 ], [ -121.513475797756001, 38.394135776303798 ], [ -121.513476516349996, 38.394030309896799 ], [ -121.513477377284005, 38.393903750563503 ], [ -121.513505544170002, 38.393703478034602 ], [ -121.513533996698996, 38.393461018751502 ], [ -121.513521314529996, 38.393355496791202 ], [ -121.513548833193994, 38.393250143293301 ], [ -121.513563885940002, 38.393007627556997 ], [ -121.513579152622, 38.392733472434401 ], [ -121.513621724519993, 38.392385604092702 ], [ -121.513677982131, 38.391995605432797 ], [ -121.513692819046994, 38.391784729071802 ], [ -121.513680350935999, 38.3916475668495 ], [ -121.513707869846996, 38.391542214226199 ], [ -121.513721772112007, 38.3914684445392 ], [ -121.513736105722003, 38.391331394293303 ], [ -121.513737325826, 38.3911521017749 ], [ -121.513724714332, 38.391036032480599 ], [ -121.513807556697998, 38.390677786926801 ], [ -121.513849193200997, 38.390467024302097 ], [ -121.513958332711994, 38.390182717601903 ], [ -121.514053713061003, 38.389951087606299 ], [ -121.514149236071006, 38.389698364614802 ], [ -121.514245188166996, 38.389382361888103 ], [ -121.514313765626, 38.389150618029802 ], [ -121.514463962164001, 38.388739921550403 ], [ -121.514574081261998, 38.388529274580598 ], [ -121.514613654835003, 38.388403050994199 ], [ -121.514677312296001, 38.388275643054797 ], [ -121.514738956287005, 38.3880662191862 ], [ -121.514876401411001, 38.3876913421932 ], [ -121.515124964245004, 38.3872554097251 ], [ -121.5153319211, 38.386858189163803 ], [ -121.515497497205004, 38.3865492118898 ], [ -121.515643108465994, 38.386416453668701 ], [ -121.515656807957001, 38.386372356551597 ], [ -121.515830099390001, 38.386206446021397 ], [ -121.516010061328998, 38.385985461858098 ], [ -121.516169157454001, 38.385770078224397 ], [ -121.516231180923, 38.385643197746397 ], [ -121.516335239951005, 38.385560158733597 ], [ -121.516439150561993, 38.385449600319802 ], [ -121.516723353923993, 38.385184101535899 ], [ -121.517007590101997, 38.384924108460901 ], [ -121.517250233389007, 38.384708324201803 ], [ -121.517386507755006, 38.384586164330102 ], [ -121.517521355097003, 38.384460165937 ], [ -121.517655987460998, 38.384365807661901 ], [ -121.517750209265998, 38.384302919816001 ], [ -121.517871301051002, 38.384229598247202 ], [ -121.517978992497007, 38.3841562206078 ], [ -121.518086825837003, 38.384061749047802 ], [ -121.518194587848001, 38.383977824748101 ], [ -121.518302350756997, 38.383893899451998 ], [ -121.518436981025005, 38.383799540268299 ], [ -121.518598552910007, 38.383684198856002 ], [ -121.518733111434003, 38.383600385787801 ], [ -121.518881354509006, 38.383474441667602 ], [ -121.519029666831003, 38.383337950893001 ], [ -121.519137639345004, 38.383222385434799 ], [ -121.519312536673993, 38.383117645290703 ], [ -121.519598291340003, 38.382962944130199 ], [ -121.519774576783007, 38.382874917030897 ], [ -121.520002052113995, 38.382739491202798 ], [ -121.520082190962, 38.382713598456 ], [ -121.520202627220002, 38.382640668136098 ], [ -121.520383033832999, 38.382567986837103 ], [ -121.520523390169004, 38.3825056289337 ], [ -121.520650313146007, 38.382458950985402 ], [ -121.520817286929002, 38.382401948235902 ], [ -121.521097961690003, 38.382282476052197 ], [ -121.521325503976996, 38.382136557017702 ], [ -121.521506084747998, 38.382037648803703 ], [ -121.521599899479995, 38.381959361703899 ], [ -121.521727031203994, 38.3818812116522 ], [ -121.521827508697001, 38.38180295107 ], [ -121.521921322775995, 38.3817246628088 ], [ -121.522095273538, 38.381620481229803 ], [ -121.522235731614003, 38.381542386687599 ], [ -121.522483328744002, 38.3813860583886 ], [ -121.522643915410995, 38.381287065713202 ], [ -121.522737657933007, 38.381219266497098 ], [ -121.522922146452004, 38.381098033705797 ], [ -121.523058471639004, 38.381013995921997 ], [ -121.523155169202994, 38.380934247424797 ], [ -121.523199027716998, 38.380893902804203 ], [ -121.523354428489995, 38.3807436044127 ], [ -121.523633593168, 38.380446425995302 ], [ -121.523736153924006, 38.380335532124903 ], [ -121.523833086929002, 38.380220161840903 ], [ -121.523912991450004, 38.380113626581497 ], [ -121.524033143474995, 38.379909297736297 ], [ -121.524102089870993, 38.379749285225998 ], [ -121.524159514589996, 38.379620393373102 ], [ -121.524211520151994, 38.379455856962402 ], [ -121.524280702601004, 38.379260223127801 ], [ -121.524344079661006, 38.379086828195597 ], [ -121.524417562129997, 38.378900862363501 ], [ -121.524444044985998, 38.378819293826403 ], [ -121.524470437290006, 38.378751338299303 ], [ -121.524482413141001, 38.378700013324099 ], [ -121.524516766914999, 38.378637816653203 ], [ -121.524528553186002, 38.378566621706 ], [ -121.524557458214005, 38.378473233499797 ], [ -121.524591063770004, 38.378376873680402 ], [ -121.524611292160003, 38.378266655291199 ], [ -121.524630918127002, 38.378023708613902 ], [ -121.524649957064995, 38.377765402003199 ], [ -121.524620965028006, 38.377583820334202 ], [ -121.524621917172993, 38.377177729808601 ], [ -121.524603710869997, 38.376914142860699 ], [ -121.524536622574004, 38.376600768571301 ], [ -121.524477818858998, 38.376341880117302 ], [ -121.524423883097995, 38.376158522699399 ], [ -121.524324460982001, 38.375861617632303 ], [ -121.524225352122002, 38.375614270067203 ], [ -121.523916600969997, 38.375029326031303 ], [ -121.523915094464002, 38.375026472097097 ], [ -121.523872468974005, 38.374948698822699 ], [ -121.523741127896997, 38.374705050292299 ], [ -121.523575993251001, 38.374383602511699 ], [ -121.523520820884002, 38.374295586428303 ], [ -121.523465738615997, 38.374194064509702 ], [ -121.523278643601003, 38.373950184382501 ], [ -121.523068757915993, 38.373502245025399 ], [ -121.522868678761, 38.373069060095098 ], [ -121.522715353226005, 38.3727864541166 ], [ -121.522561966178003, 38.372513246689998 ], [ -121.522397080686005, 38.372174197504897 ], [ -121.522279386982007, 38.371919935393898 ], [ -121.522233202156997, 38.371684768070097 ], [ -121.522128140258005, 38.371327168962097 ], [ -121.522058832490004, 38.370979116811597 ], [ -121.521953584100999, 38.370649712907898 ], [ -121.521812896905004, 38.370263768943403 ], [ -121.521766212076997, 38.370103791454497 ], [ -121.521720091803999, 38.369859224288398 ], [ -121.521685534366, 38.3696710999834 ], [ -121.521650975965002, 38.369482975665001 ], [ -121.521571536175998, 38.369200087838799 ], [ -121.521546298475997, 38.369068983566898 ], [ -121.521499425299993, 38.368937202223798 ], [ -121.521452866624998, 38.368758427113299 ], [ -121.521406246455001, 38.368589050739899 ], [ -121.521359373850999, 38.368457269342798 ], [ -121.521312941605999, 38.368259696680603 ], [ -121.521254887086002, 38.368015079845598 ], [ -121.521232395647004, 38.367808207434898 ], [ -121.521186531416006, 38.367526045989798 ], [ -121.521176229944999, 38.3672816280964 ], [ -121.521178369713994, 38.3669620697355 ], [ -121.521145199003001, 38.366567171919598 ], [ -121.521088909100001, 38.366059389164597 ], [ -121.521030982962998, 38.365795975645703 ], [ -121.521020053073997, 38.36564554524 ], [ -121.521009247929996, 38.365476317333098 ], [ -121.520941148082997, 38.364949688396997 ], [ -121.520952198144002, 38.364556608297903 ], [ -121.520934230437007, 38.364390106493403 ], [ -121.520928649035, 38.364313003887801 ], [ -121.520979898039002, 38.3638093745883 ], [ -121.520959070371006, 38.363227333401497 ], [ -121.520951635917996, 38.3630588915603 ], [ -121.521010840621997, 38.362886350652602 ], [ -121.521042912981002, 38.362664822829302 ], [ -121.521059055739997, 38.362548210765802 ], [ -121.521076511537998, 38.362361066995902 ], [ -121.521128601477002, 38.362194051415898 ], [ -121.521311155340001, 38.361789142355398 ], [ -121.521670415133002, 38.361296750125099 ], [ -121.521841863340001, 38.361114682141299 ], [ -121.522027725526002, 38.3609101134616 ], [ -121.522107043250003, 38.360786337721898 ], [ -121.522319227970996, 38.360597190931998 ], [ -121.522525669337995, 38.360407128115497 ], [ -121.522732011653005, 38.360231750867499 ], [ -121.522938060366002, 38.360100430164202 ], [ -121.523237559243995, 38.359940124278701 ], [ -121.523743102720005, 38.359648494578799 ], [ -121.524323442471996, 38.359327800100097 ], [ -121.524828977197004, 38.359036165652498 ], [ -121.525539864679004, 38.3587160034091 ], [ -121.525970494080994, 38.358468113262802 ], [ -121.526289215109998, 38.358219762256901 ], [ -121.527283345065996, 38.357372056999601 ], [ -121.527789241554004, 38.357021667665002 ], [ -121.528051998264004, 38.356773081966203 ], [ -121.528315043551999, 38.356480439659897 ], [ -121.528708833112006, 38.356158958983201 ], [ -121.528878041140004, 38.355954047483003 ], [ -121.529066188787993, 38.355705154028399 ], [ -121.529516307411001, 38.355325156954002 ], [ -121.529872784326002, 38.355003520254598 ], [ -121.530041793397999, 38.354827978035303 ], [ -121.530135912093002, 38.354696187885601 ], [ -121.530342220432999, 38.354520797086202 ], [ -121.530793191449007, 38.3540086252154 ], [ -121.531037662648004, 38.353701214082498 ], [ -121.531169077022, 38.353569575559597 ], [ -121.531337790997, 38.353438087467701 ], [ -121.531450458180998, 38.353321057924603 ], [ -121.531619074930006, 38.353204255361497 ], [ -121.531881612182005, 38.352985032867501 ], [ -121.532069164267, 38.3528242483778 ], [ -121.532200960283006, 38.352633865837497 ], [ -121.532895115591003, 38.352005184402699 ], [ -121.533157644536004, 38.351785959019097 ], [ -121.533383255792998, 38.351507839379202 ], [ -121.533646068530999, 38.351244555074501 ], [ -121.533857411251006, 38.351063397423502 ], [ -121.534235088065003, 38.350688900364098 ], [ -121.534419689911005, 38.350541996454297 ], [ -121.534509280939005, 38.350425631230998 ], [ -121.534696724925993, 38.350279528430598 ], [ -121.535071516342001, 38.3500020069622 ], [ -121.535334317332996, 38.349738719733899 ], [ -121.535484460898004, 38.349592465474601 ], [ -121.535890613174999, 38.349302204695199 ], [ -121.536177700099998, 38.349095935131999 ], [ -121.536630588940994, 38.348818053173503 ], [ -121.537353557212001, 38.348494429659901 ], [ -121.537606788293999, 38.348419749979499 ], [ -121.537783098385006, 38.348341386033802 ], [ -121.538272976599004, 38.348076332179097 ], [ -121.539227256467996, 38.347580829677 ], [ -121.539638460587994, 38.347435613085999 ], [ -121.540105891484998, 38.347246561984598 ], [ -121.540760083039004, 38.347014196154703 ], [ -121.541488297938997, 38.346870236875503 ], [ -121.542253993225003, 38.346697049966203 ], [ -121.542646068619007, 38.3466251775004 ], [ -121.543149750387002, 38.346597803651498 ], [ -121.543784154541001, 38.346541573666101 ], [ -121.544287740626999, 38.346528880789201 ], [ -121.544959345231007, 38.346487477565901 ], [ -121.545239250907002, 38.346459211063902 ], [ -121.545780412235999, 38.346402601715901 ], [ -121.546321665801003, 38.346331304785799 ], [ -121.547049768473002, 38.346201996357202 ], [ -121.547441558893993, 38.346174163640299 ], [ -121.547851996017002, 38.3461464035598 ], [ -121.548505039472005, 38.346090220685099 ], [ -121.549195655670999, 38.345990122882597 ], [ -121.549643664509006, 38.345918446086401 ], [ -121.549849067265995, 38.3458751904191 ], [ -121.550185095168999, 38.345817759141902 ], [ -121.550726802013997, 38.345673013618701 ], [ -121.551193730495001, 38.345557345558902 ], [ -121.551903445510007, 38.345383876139799 ], [ -121.552314151960999, 38.345312043243297 ], [ -121.552669099686, 38.345210620137898 ], [ -121.552986475447995, 38.345153108418003 ], [ -121.553248091528005, 38.345066007353402 ], [ -121.553472228006001, 38.345008132380599 ], [ -121.553808616297005, 38.344891948560701 ], [ -121.554369138346004, 38.3447178861461 ], [ -121.554798486273, 38.344646116424002 ], [ -121.555284049215004, 38.344530503764403 ], [ -121.555713852067001, 38.344385302688202 ], [ -121.556199229626998, 38.344299058081702 ], [ -121.556759286469998, 38.344198412018599 ], [ -121.557207639949993, 38.344067962956302 ], [ -121.557917507040997, 38.343865085559401 ], [ -121.558328651875996, 38.343719803301099 ], [ -121.558739796191006, 38.343574518682502 ], [ -121.559076168049003, 38.343458319511697 ], [ -121.559375427061994, 38.343312604155102 ], [ -121.559581449038006, 38.3431665331006 ], [ -121.559806207858003, 38.343005845963397 ], [ -121.560030965661994, 38.342845159290697 ], [ -121.560218337690003, 38.342699015099797 ], [ -121.560443544571001, 38.342464898759701 ], [ -121.560800178907002, 38.342084423850501 ], [ -121.560940570445993, 38.341871170812098 ], [ -121.561042270211004, 38.341749954813999 ], [ -121.561096089391, 38.341689358527098 ], [ -121.561380215035001, 38.341356030649003 ], [ -121.561589348398996, 38.3411463588073 ], [ -121.561861032185007, 38.340854733304603 ], [ -121.562273708440998, 38.340425718710101 ], [ -121.563146635539994, 38.339642469731999 ], [ -121.563317337138997, 38.339467487582603 ], [ -121.563644253353004, 38.339145872784101 ], [ -121.564551397151007, 38.338396806255197 ], [ -121.565183738624, 38.337781638859099 ], [ -121.565361280808006, 38.337612348811199 ], [ -121.565510302557001, 38.337476963254602 ], [ -121.565815233025006, 38.3372119246201 ], [ -121.565865116184, 38.337155410384099 ], [ -121.565943118641002, 38.337087739003202 ], [ -121.566042350600995, 38.337003156656898 ], [ -121.566312058780994, 38.336754868706798 ], [ -121.566682189885, 38.336353744989701 ], [ -121.566945976529993, 38.3360428909509 ], [ -121.567434874971994, 38.335636821461598 ], [ -121.567503144681993, 38.3355264752973 ], [ -121.567627640175999, 38.335393726607002 ], [ -121.567889336144006, 38.335202081711699 ], [ -121.568110326807002, 38.334942112727099 ], [ -121.568337004918007, 38.334755924856601 ], [ -121.568478722505006, 38.334637415178001 ], [ -121.568712758242, 38.334428536392601 ], [ -121.569037668850996, 38.334214279582604 ], [ -121.569272496327002, 38.3339599978572 ], [ -121.570136840350003, 38.333237167574502 ], [ -121.570435535255001, 38.332920689001099 ], [ -121.570626581423994, 38.332773822035001 ], [ -121.570683508366997, 38.332711655472103 ], [ -121.570790179065, 38.332598622409897 ], [ -121.571392671737996, 38.332073075032497 ], [ -121.571641795700998, 38.3317961429034 ], [ -121.571769907933003, 38.331654852021302 ], [ -121.572004462391007, 38.331411828531799 ], [ -121.572089607698004, 38.331332695037297 ], [ -121.572203445189004, 38.331208364911902 ], [ -121.572482020842003, 38.330841126173503 ], [ -121.572539034287999, 38.330773330284899 ], [ -121.572680605041995, 38.330660258148797 ], [ -121.572938609098003, 38.330270590204101 ], [ -121.573067481048994, 38.330084253618402 ], [ -121.573203610299998, 38.329881012450997 ], [ -121.573282030952996, 38.329785007511802 ], [ -121.573453250553001, 38.329570444654998 ], [ -121.573517827505995, 38.329468862327701 ], [ -121.573824482129993, 38.329090594660798 ], [ -121.574167185923997, 38.328644740419897 ], [ -121.574306508971006, 38.328472513836601 ], [ -121.574399919545002, 38.328356001601101 ], [ -121.574493286397995, 38.3282467935298 ], [ -121.574552631352006, 38.328148185894797 ], [ -121.574624303988998, 38.328042777838498 ], [ -121.574773863608002, 38.327838830349201 ], [ -121.574886033336, 38.327685869383501 ], [ -121.574998072507, 38.327554818324501 ], [ -121.575119251410996, 38.327445712214903 ], [ -121.575277169733994, 38.3273951692263 ], [ -121.575471913252002, 38.327388584328602 ], [ -121.575629180628994, 38.3274475918288 ], [ -121.575860534756004, 38.327521480315198 ], [ -121.576110257951001, 38.327624648921002 ], [ -121.57631388435, 38.327683826715102 ], [ -121.576600825016001, 38.327765221341899 ], [ -121.576970777251006, 38.327919955549099 ], [ -121.577478639619997, 38.328272390864903 ], [ -121.577702745544002, 38.328402831155998 ], [ -121.577782224296001, 38.328449947504197 ], [ -121.577902255102003, 38.328569805711901 ], [ -121.578041921823001, 38.3286615450345 ], [ -121.578475707265, 38.328999097981097 ], [ -121.578604908055993, 38.3291018207401 ], [ -121.578761925059993, 38.329204644921603 ], [ -121.579103387575998, 38.329476125086401 ], [ -121.579352650174002, 38.3296596252328 ], [ -121.579371021765994, 38.329688906205099 ], [ -121.579444851537005, 38.329747604240502 ], [ -121.579536925572995, 38.329857494102299 ], [ -121.579573754807996, 38.329901450205099 ], [ -121.579629992970993, 38.329959921852797 ], [ -121.580080127657993, 38.330569302724498 ], [ -121.580389494401004, 38.330841982036901 ], [ -121.581037559532007, 38.331302159435701 ], [ -121.581231813466005, 38.331367293484703 ], [ -121.581636182438999, 38.331586954650199 ], [ -121.581948632684004, 38.3316702545157 ], [ -121.582411219703005, 38.331845392114801 ], [ -121.582769764380004, 38.331974503660497 ], [ -121.583024427279994, 38.3320302028188 ], [ -121.583209760786005, 38.332049132592502 ], [ -121.583371969392999, 38.332058848966597 ], [ -121.583603717011002, 38.332068817011802 ], [ -121.583812603892, 38.332023924552097 ], [ -121.584067956238997, 38.331960940948697 ], [ -121.584242391244004, 38.331861146831898 ], [ -121.584428679785006, 38.331715747174201 ], [ -121.584822865944005, 38.331193474998202 ], [ -121.584958487809004, 38.331007242308999 ], [ -121.585068336369005, 38.330846149733198 ], [ -121.585140036894998, 38.330634453966198 ], [ -121.585198398103998, 38.330513548491602 ], [ -121.585250323048996, 38.330397665722103 ], [ -121.585295842151993, 38.330281759003597 ], [ -121.585333844529003, 38.3301536551621 ], [ -121.585384309166002, 38.330056811849701 ], [ -121.585529992133999, 38.329693147042299 ], [ -121.585595475039, 38.329534063028298 ], [ -121.585776687545007, 38.329130466684802 ], [ -121.585858937224003, 38.328909026545702 ], [ -121.585859783412999, 38.328762958794798 ], [ -121.585848880360004, 38.328644235844898 ], [ -121.585839193289999, 38.328315541125598 ], [ -121.585781892019995, 38.327999193293302 ], [ -121.585632758231, 38.327743548947801 ], [ -121.585538779109996, 38.327526204702899 ], [ -121.585492321461999, 38.327386638981203 ], [ -121.585428532623993, 38.327182011037301 ], [ -121.585383074966998, 38.327026646401301 ], [ -121.585337881908998, 38.326825635637903 ], [ -121.585304491114002, 38.326588149816203 ], [ -121.585305337267997, 38.326442081183799 ], [ -121.585283111780996, 38.326277671331503 ], [ -121.585295652992002, 38.326113386460598 ], [ -121.585343226199996, 38.325903580455297 ], [ -121.585635966213999, 38.325384254592699 ], [ -121.585788102755004, 38.325129177796299 ], [ -121.585882135703002, 38.324901279214401 ], [ -121.586116343439997, 38.3244821666555 ], [ -121.586384310740002, 38.324236634206301 ], [ -121.586687149471004, 38.3239729669083 ], [ -121.587117355819004, 38.3237280148428 ], [ -121.587500677913994, 38.323574187641903 ], [ -121.587883525379993, 38.323502522883103 ], [ -121.588185197870004, 38.3234396957887 ], [ -121.588417234317006, 38.323394877753501 ], [ -121.588602915269007, 38.323349893946101 ], [ -121.588846591239999, 38.323295987870502 ], [ -121.589066985618999, 38.323260256626 ], [ -121.589275948125007, 38.323197095493398 ], [ -121.589484857909, 38.323143064285603 ], [ -121.589728741786004, 38.323052638738503 ], [ -121.589937912265995, 38.3229529596994 ], [ -121.590089348787004, 38.322816556793803 ], [ -121.590206123160002, 38.322661772288903 ], [ -121.590253470684999, 38.322488481009501 ], [ -121.590323943008002, 38.322324401428503 ], [ -121.590359910361002, 38.322114552244898 ], [ -121.590336858520999, 38.320924662822897 ], [ -121.590290269280004, 38.320792221049203 ], [ -121.590217078568998, 38.320170620349501 ], [ -121.590218860658993, 38.320064849960602 ], [ -121.590206788898001, 38.319953890797997 ], [ -121.590168681774998, 38.319732401231697 ], [ -121.590141866259998, 38.319254983727902 ], [ -121.590152484197006, 38.319037978022898 ], [ -121.590161339980995, 38.318926635565603 ], [ -121.590174783169999, 38.3185430668522 ], [ -121.590206193523997, 38.317920638727898 ], [ -121.590304508925996, 38.317622665659002 ], [ -121.590480257978001, 38.3172855005107 ], [ -121.590690246758001, 38.317039752458001 ], [ -121.590970488427999, 38.316666440795103 ], [ -121.591192739039002, 38.316302051638303 ], [ -121.591391655875995, 38.315964968164103 ], [ -121.591473653516999, 38.315810058388003 ], [ -121.591625436494994, 38.315609749532904 ], [ -121.591847940700006, 38.315199713043597 ], [ -121.591977274792995, 38.314871511042902 ], [ -121.592153165219003, 38.314506956107401 ], [ -121.592282392688006, 38.314197012575598 ], [ -121.592364543442997, 38.314014714892501 ], [ -121.592620656264998, 38.313805643857499 ], [ -121.592865075397995, 38.313614790149501 ], [ -121.593152353497004, 38.313258277195303 ], [ -121.593933122004003, 38.313276609401001 ], [ -121.639957823488999, 38.313783530802702 ], [ -121.643642839929001, 38.313835891975103 ], [ -121.644912417792, 38.3138276058366 ], [ -121.657793270781994, 38.3139621237098 ], [ -121.675886491062997, 38.314199975621598 ], [ -121.693864819211996, 38.314433531968497 ], [ -121.69386729643, 38.316415059266198 ], [ -121.693868046294, 38.317015231007197 ], [ -121.693869422413997, 38.318138856864302 ], [ -121.693871119259001, 38.319619924170702 ], [ -121.693871753235996, 38.320173134504998 ], [ -121.693872122913007, 38.320496655089499 ], [ -121.693872898891001, 38.321173376858603 ], [ -121.693873438713993, 38.321645383219298 ], [ -121.693875026710003, 38.322828881724 ], [ -121.69387527568, 38.323011885029402 ], [ -121.693875758220997, 38.323365180147498 ], [ -121.693876444023005, 38.323867241311902 ], [ -121.693876623196999, 38.323999174290599 ], [ -121.693878157889998, 38.325122954184401 ], [ -121.693878770724993, 38.325591005971901 ], [ -121.693879068795994, 38.325829391221198 ], [ -121.693879504945997, 38.326178299874698 ], [ -121.693880153364006, 38.3266974066307 ], [ -121.693882149870007, 38.3282935687049 ], [ -121.693882351574999, 38.328455273263103 ], [ -121.693882463446997, 38.328544647476299 ], [ -121.693882936665005, 38.328922605260999 ], [ -121.693872311373994, 38.331064105365101 ], [ -121.693870793537002, 38.331353502892703 ], [ -121.693870481470995, 38.331413101802099 ], [ -121.693864745921005, 38.3325068526553 ], [ -121.693856890974999, 38.3340049144388 ], [ -121.693850998897005, 38.335128479774703 ], [ -121.693845933469007, 38.336094567523098 ], [ -121.693845107735001, 38.3362520550927 ], [ -121.693842852917001, 38.336681880480597 ], [ -121.693833256668995, 38.338511937943203 ], [ -121.693826538188006, 38.339792955119798 ], [ -121.693822363964998, 38.340588794660903 ], [ -121.693819998311994, 38.341039919451497 ], [ -121.693813569710002, 38.342265633212499 ], [ -121.693807474896005, 38.343427713103303 ], [ -121.693785113648005, 38.345108416733503 ], [ -121.693781124319003, 38.345402082618399 ], [ -121.693777827047001, 38.345644681932001 ], [ -121.693772969679998, 38.346002181262897 ], [ -121.693769962578997, 38.346223470942 ], [ -121.693766840240002, 38.346453241240297 ], [ -121.693744574839997, 38.348091856079897 ], [ -121.693736477838002, 38.348687699183003 ], [ -121.693723398556997, 38.351500851127199 ], [ -121.693722819263002, 38.352032883929098 ], [ -121.693721340273996, 38.353390457752099 ], [ -121.693720435618005, 38.354220362663803 ], [ -121.693719539870997, 38.355041765986797 ], [ -121.693718823210006, 38.355699969189899 ], [ -121.693713406672998, 38.356965443491603 ], [ -121.693711086099, 38.357507322087898 ], [ -121.693829274864996, 38.357831949619502 ], [ -121.693887592194997, 38.357992128435598 ], [ -121.693888991999003, 38.358106739079901 ], [ -121.693892832228002, 38.358421139966303 ], [ -121.693899956794993, 38.3590044591188 ], [ -121.693904454402997, 38.359383192131098 ], [ -121.693911950450996, 38.3600171942632 ], [ -121.693911668938995, 38.360724126727099 ], [ -121.693900335777002, 38.361481603771701 ], [ -121.693891039530001, 38.362102834634001 ], [ -121.693881869319, 38.362715696628797 ], [ -121.693863270758996, 38.3639585863462 ], [ -121.693852321205995, 38.364690351465597 ], [ -121.693840153981995, 38.365503401123902 ], [ -121.693822512175004, 38.366682279355302 ], [ -121.693819180901997, 38.367192796614802 ], [ -121.693819485481001, 38.367507733293898 ], [ -121.693820219185994, 38.368265195735297 ], [ -121.693821010633997, 38.369082433879697 ], [ -121.693821675007001, 38.3697675983625 ], [ -121.693822177439998, 38.370286853636998 ], [ -121.693822494922003, 38.370614557737703 ], [ -121.693822634501998, 38.370759223138599 ], [ -121.693823059528995, 38.371197633700397 ], [ -121.693823538222006, 38.371691423624398 ], [ -121.693823789179007, 38.371950981012603 ], [ -121.693824270684004, 38.372447324969997 ], [ -121.693816921237001, 38.372588858861597 ], [ -121.693808055071997, 38.372759632364698 ], [ -121.693804524377995, 38.372827622714397 ], [ -121.693799449638007, 38.372925358900297 ], [ -121.693794816365994, 38.373014596405604 ], [ -121.693789520858999, 38.373116581481902 ], [ -121.693785075823001, 38.3732022069373 ], [ -121.693783277400996, 38.373236839401102 ], [ -121.693779085575002, 38.373317578226199 ], [ -121.693776261943, 38.373500019810798 ], [ -121.693763234998997, 38.37654299914 ], [ -121.693750060043001, 38.3796200256376 ], [ -121.693735535529996, 38.383011991341498 ], [ -121.693721884379002, 38.386199672289699 ], [ -121.693718993459001, 38.386928000986501 ], [ -121.693714056299996, 38.3884255239617 ], [ -121.693707194176, 38.390506688015201 ], [ -121.693697497017993, 38.393447526829704 ], [ -121.693695223413002, 38.394136899455702 ], [ -121.693692542926001, 38.3949498626693 ], [ -121.693690871715006, 38.395456333646997 ], [ -121.693690423472006, 38.395592530207999 ], [ -121.693689609046999, 38.395839347395302 ], [ -121.693687841140999, 38.396375601426001 ], [ -121.693684584113996, 38.397362956704498 ], [ -121.693682717054003, 38.397929024426602 ], [ -121.693680780707993, 38.398516339375703 ], [ -121.693678619029996, 38.3991717553263 ], [ -121.693677004695004, 38.399661160145797 ], [ -121.693673867737004, 38.400610258827598 ], [ -121.693671359736001, 38.401368410070901 ], [ -121.693670834071995, 38.402133885392601 ], [ -121.693670699622999, 38.402384959327698 ], [ -121.693670489642997, 38.402776604652601 ], [ -121.693669797376003, 38.4040703178473 ], [ -121.693669243683999, 38.405104507736802 ], [ -121.693669126255003, 38.4053981089831 ], [ -121.693669032098001, 38.4059174552958 ], [ -121.693668929086996, 38.406487776447598 ], [ -121.693668746067004, 38.407500644324898 ], [ -121.693668673, 38.4079049565443 ], [ -121.693668563187003, 38.408517754511102 ], [ -121.693668494261999, 38.408900787817402 ], [ -121.693668323078995, 38.409849955025798 ], [ -121.693668220147998, 38.410415979023703 ], [ -121.693668131864996, 38.410905354746397 ], [ -121.693668052345998, 38.411348052867297 ], [ -121.693667932753996, 38.412007762741297 ], [ -121.6936679051, 38.412165217814596 ], [ -121.693667790009997, 38.412803564995002 ], [ -121.693667695423997, 38.413327015872099 ], [ -121.693667681007994, 38.4134036092101 ], [ -121.693667586421, 38.413927060097201 ], [ -121.693667493270993, 38.414446433583898 ], [ -121.693667461144003, 38.414620967665698 ], [ -121.693667343338007, 38.415273576824397 ], [ -121.693667257152995, 38.415756580656897 ], [ -121.693637975900998, 38.415921186876801 ], [ -121.693631924499996, 38.416659480771997 ], [ -121.693625855828003, 38.417399905235001 ], [ -121.693622436797, 38.417816990488099 ], [ -121.693618669369997, 38.418276620999002 ], [ -121.693614971521995, 38.4187277527354 ], [ -121.693611412886, 38.419161886916299 ], [ -121.693610366582007, 38.419289536187797 ], [ -121.693607349545005, 38.419876774813098 ], [ -121.693607018917007, 38.420081113069898 ], [ -121.693606640846994, 38.420315225509597 ], [ -121.693606558324007, 38.420366278543703 ], [ -121.693605306909006, 38.4211408495661 ], [ -121.693604302175004, 38.421762197531798 ], [ -121.693603593667007, 38.422200595100797 ], [ -121.693602885307996, 38.422638955739401 ], [ -121.693602248407004, 38.423033119965801 ], [ -121.693601415784997, 38.423548566470302 ], [ -121.693601311275998, 38.423613565179302 ], [ -121.693600307501001, 38.424234940218497 ], [ -121.693600066501006, 38.4243838886105 ], [ -121.693599942087999, 38.424460478078799 ], [ -121.693599309467999, 38.424852032467797 ], [ -121.693598030512007, 38.425643680729301 ], [ -121.693596050213003, 38.426869354650201 ], [ -121.693595100432006, 38.427456735821401 ], [ -121.693594770038999, 38.427661002952902 ], [ -121.693594633109001, 38.427746121091801 ], [ -121.693593538816998, 38.428422787900402 ], [ -121.693592376607, 38.429142014244398 ], [ -121.693592018695, 38.429363385552897 ], [ -121.693591915935002, 38.429427170782198 ], [ -121.693590225937996, 38.430473385300999 ], [ -121.693577746054004, 38.432057410711401 ], [ -121.693571141172995, 38.432895765005398 ], [ -121.693563629444, 38.433849171005399 ], [ -121.693558334789998, 38.434564033405202 ], [ -121.693557366275002, 38.435577000935801 ], [ -121.693556903582007, 38.4360621553637 ], [ -121.693556175476004, 38.436824012081701 ], [ -121.693554980521, 38.4380751889571 ], [ -121.693554695219007, 38.438373092678297 ], [ -121.693553939986998, 38.439163706587998 ], [ -121.693553499683006, 38.439624393020701 ], [ -121.693553284079002, 38.439849934972401 ], [ -121.693553220016, 38.439918040976401 ], [ -121.693551515531993, 38.441701321152898 ], [ -121.693550869532004, 38.442378014613197 ], [ -121.693549047671993, 38.443454770999502 ], [ -121.693544326264004, 38.444518750545299 ], [ -121.693542682456993, 38.444889016285202 ], [ -121.693542373742005, 38.444982650993701 ], [ -121.693542223730006, 38.445053967540296 ], [ -121.693542049360005, 38.445787078571399 ], [ -121.693541979358002, 38.446076428090002 ], [ -121.693541650735, 38.447451132703499 ], [ -121.693541516083002, 38.448014156336697 ], [ -121.693541225643003, 38.449230083303398 ], [ -121.693540876800995, 38.450689907404197 ], [ -121.693540726758997, 38.451315556226199 ], [ -121.693540543465005, 38.452083600142601 ], [ -121.693540355875996, 38.452248360252803 ], [ -121.693531070933005, 38.453703088748703 ], [ -121.693526019257007, 38.454494712233597 ], [ -121.693519907398993, 38.455452294420198 ], [ -121.693514501557004, 38.456299188245197 ], [ -121.693508716077005, 38.457205714428198 ], [ -121.693503128719001, 38.458061208573099 ], [ -121.693501451394994, 38.458316561610197 ], [ -121.693500921265993, 38.458397415765702 ], [ -121.693496196937005, 38.459116576393697 ], [ -121.693494029026994, 38.459506854070398 ], [ -121.693500760413002, 38.460201858962598 ], [ -121.69350908653, 38.461061483683203 ], [ -121.693514649834, 38.461635938621598 ], [ -121.693519190022002, 38.462104613129803 ], [ -121.693519640104995, 38.462151143368203 ], [ -121.693527352011998, 38.462947308860798 ], [ -121.693536169655005, 38.463857580122898 ], [ -121.693547882217999, 38.465066723155502 ], [ -121.693551797655999, 38.465470908688701 ], [ -121.693557613018996, 38.466071178369297 ], [ -121.693561279826, 38.466449736597603 ], [ -121.693562012898994, 38.467488271983001 ], [ -121.693561582635994, 38.4677649172448 ], [ -121.693561489678004, 38.467824527837998 ], [ -121.693560345204006, 38.4685607680914 ], [ -121.693558360281997, 38.469837586518899 ], [ -121.693555767386997, 38.471505922876098 ], [ -121.693555178714007, 38.471884674354698 ], [ -121.693553385998996, 38.473038096950198 ], [ -121.693552066018995, 38.473886810833299 ], [ -121.693553077947996, 38.474957570924801 ], [ -121.693553487602998, 38.475314903757003 ], [ -121.693554228967002, 38.475961984614997 ], [ -121.693554536549996, 38.476230106764099 ], [ -121.693555302191996, 38.476898248649803 ], [ -121.693555628672996, 38.477183339975397 ], [ -121.693556697638996, 38.478115529297099 ], [ -121.693557322168999, 38.478660286124402 ], [ -121.693558238736998, 38.4794602337291 ], [ -121.693559062844997, 38.480179683161502 ], [ -121.693560325126001, 38.481280294017303 ], [ -121.693548829476001, 38.4823161035373 ], [ -121.693540476829, 38.483035464705303 ], [ -121.693532721778993, 38.483703389465902 ], [ -121.693522983647, 38.484542032639098 ], [ -121.693510530672995, 38.485614519307603 ], [ -121.693502280372996, 38.486325074590802 ], [ -121.693501933516004, 38.486354889458198 ], [ -121.693500647739, 38.4864656844546 ], [ -121.693496052266994, 38.486861366576299 ], [ -121.693492050377003, 38.487206054610503 ], [ -121.693488640122993, 38.487499671976003 ], [ -121.693488149147001, 38.487665634953501 ], [ -121.695654120002004, 38.487686277086098 ], [ -121.695612920195003, 38.489616509196701 ], [ -121.695603387529005, 38.490063109181698 ], [ -121.695593118542007, 38.4905442067314 ], [ -121.695566869830998, 38.4917738928498 ], [ -121.695541988296995, 38.493021195836 ], [ -121.695533756846999, 38.493455176915198 ], [ -121.695521164826999, 38.494119035994103 ], [ -121.695506323535, 38.494901457715201 ], [ -121.695495649647995, 38.4954763979053 ], [ -121.695480432519005, 38.496310268352097 ], [ -121.695462471534995, 38.497357385265801 ], [ -121.695433048084993, 38.499072592122097 ], [ -121.695418811386006, 38.499902557113401 ], [ -121.695403554039999, 38.500791923971498 ], [ -121.695357859945005, 38.502266288746 ], [ -121.695309888392998, 38.505039231596399 ], [ -121.695296157775999, 38.505737352078398 ], [ -121.695279962358001, 38.506554386885199 ], [ -121.695255920457001, 38.5077672521031 ], [ -121.695235000104006, 38.508822625101502 ], [ -121.695225552419998, 38.509299198784902 ], [ -121.695221642405002, 38.5095504218204 ], [ -121.695218438292997, 38.509771641740301 ], [ -121.695208205179995, 38.510478095648402 ], [ -121.695206356718998, 38.5106057276884 ], [ -121.695204815636004, 38.510712115797602 ], [ -121.695200312805994, 38.511022940922501 ], [ -121.695198464170005, 38.511150607195802 ], [ -121.695195321797996, 38.511367537250401 ], [ -121.69519023849, 38.5117888052106 ], [ -121.695183633135002, 38.512346351893903 ], [ -121.695179298645996, 38.512712239738001 ], [ -121.695177011246003, 38.512903718356398 ], [ -121.695169655143005, 38.513516744249799 ], [ -121.695166131286996, 38.513810360490403 ], [ -121.695157396658999, 38.514538082010802 ], [ -121.695150757915997, 38.515091243985701 ], [ -121.695140592976003, 38.515938228498797 ], [ -121.695137117239, 38.516227770150103 ], [ -121.695135942500002, 38.516325650338104 ], [ -121.695132311473003, 38.516628187790602 ], [ -121.695121725386997, 38.5175256272288 ], [ -121.695113843455005, 38.518193896892903 ], [ -121.695107659079, 38.5187181046239 ], [ -121.695099189077993, 38.519419562353001 ], [ -121.695094139722002, 38.5198377151332 ], [ -121.695085392080003, 38.520560084443098 ], [ -121.695081475403001, 38.520883490212697 ], [ -121.695076784365, 38.521270861494301 ], [ -121.695071732320997, 38.521687971038197 ], [ -121.695067969484995, 38.521998688205201 ], [ -121.695062197609005, 38.522475297702499 ], [ -121.695059311921, 38.5227135371373 ], [ -121.695058075214007, 38.522815672956398 ], [ -121.695057506918999, 38.522862538355298 ], [ -121.695053644769004, 38.523181442530102 ], [ -121.695048571938997, 38.523654095367199 ], [ -121.695044933130006, 38.523993180922602 ], [ -121.694968191032999, 38.524276374538204 ], [ -121.694875931715998, 38.524616821853002 ], [ -121.694820109139997, 38.524822817599599 ], [ -121.694770319612999, 38.5250065439715 ], [ -121.694721749782005, 38.525185770001897 ], [ -121.694715138118994, 38.525246183221597 ], [ -121.694704848271996, 38.525340199766802 ], [ -121.694677983800005, 38.525585652383398 ], [ -121.694648152235004, 38.525858205783699 ], [ -121.694632628861996, 38.526000040257202 ], [ -121.694625569535006, 38.526142817779402 ], [ -121.694603227604006, 38.526594682069103 ], [ -121.694591157567004, 38.526838807074199 ], [ -121.694689643147001, 38.5268390670321 ], [ -121.694821293656005, 38.526839414399603 ], [ -121.695495677899999, 38.526857477705001 ], [ -121.696254876175004, 38.526877806614202 ], [ -121.697013574918003, 38.526898117520297 ], [ -121.697379751099007, 38.526907919085403 ], [ -121.697699881958997, 38.527320155538902 ], [ -121.697800421137998, 38.5274496199537 ], [ -121.698020231561998, 38.527374388724198 ], [ -121.699069402234997, 38.527015298139098 ], [ -121.699175224358001, 38.527100473034402 ], [ -121.700316795985003, 38.528019299167298 ], [ -121.70132518586, 38.528830699685201 ], [ -121.701884951614005, 38.5287205910479 ], [ -121.702055229262996, 38.529799829292102 ], [ -121.702367875742993, 38.529927263727998 ], [ -121.702814474780993, 38.5301092947497 ], [ -121.702843331945004, 38.530121056991199 ], [ -121.703151020180997, 38.530246466687402 ], [ -121.703386584412996, 38.530342478486503 ], [ -121.703413629441997, 38.530432969021497 ], [ -121.703552079497001, 38.530896203578301 ], [ -121.703436070948001, 38.531210563819897 ], [ -121.703378837095997, 38.531365653561501 ], [ -121.704114846582996, 38.531359451873598 ], [ -121.704117235058007, 38.5320186690372 ], [ -121.704479572335998, 38.532012075419402 ], [ -121.704811441700002, 38.5320060353569 ], [ -121.704977269688996, 38.532003016948799 ], [ -121.705270698017998, 38.532469136358202 ], [ -121.705623645683005, 38.5330297969711 ], [ -121.706117742993996, 38.533814656857302 ], [ -121.706697735736995, 38.534735933075602 ], [ -121.707022965180002, 38.535252165688497 ], [ -121.708214305653001, 38.535420267535798 ], [ -121.708232625988003, 38.535422852437797 ], [ -121.708474819741994, 38.535457025503398 ], [ -121.708554144521003, 38.535468217977602 ], [ -121.708602459784998, 38.535447378722402 ], [ -121.708670819093001, 38.535432540281299 ], [ -121.709148933048994, 38.535308430617498 ], [ -121.709717744695993, 38.536180038065098 ], [ -121.710033220487006, 38.536621571214503 ], [ -121.710323554935002, 38.537011004389797 ], [ -121.710597321010994, 38.537228066426898 ], [ -121.710706019347995, 38.537396035755599 ], [ -121.711000777723001, 38.537560828476103 ], [ -121.711243374122006, 38.537682729653397 ], [ -121.711273341875994, 38.537697787998603 ], [ -121.711474607981998, 38.537797238132399 ], [ -121.711507638976997, 38.5378135598923 ], [ -121.711699223638007, 38.537908225204802 ], [ -121.711824193571005, 38.537969975246099 ], [ -121.711880309243995, 38.537925837280099 ], [ -121.711889078480993, 38.5379186511163 ], [ -121.711942740734997, 38.537909157843501 ], [ -121.712133979616993, 38.5378753262004 ], [ -121.712364739880002, 38.537854544555103 ], [ -121.712593883284995, 38.537833907981003 ], [ -121.712669754683006, 38.537820203834599 ], [ -121.713103932812999, 38.537740767118301 ], [ -121.713413089436003, 38.537685938621699 ], [ -121.713413497686005, 38.537658535540103 ], [ -121.713607101552995, 38.537607530103898 ], [ -121.714312998026003, 38.537421556410699 ], [ -121.714694058836997, 38.537321160362801 ], [ -121.714829532755004, 38.537285467857103 ], [ -121.714988317470997, 38.537243633611403 ], [ -121.715086585725004, 38.537217742695098 ], [ -121.715233877277996, 38.5371603647298 ], [ -121.715510954547, 38.537052427254999 ], [ -121.715786814424007, 38.536944962697802 ], [ -121.716111375747005, 38.536818524485099 ], [ -121.716357533505004, 38.536722628757303 ], [ -121.716672378831007, 38.5365999741081 ], [ -121.716937364649993, 38.536494670244302 ], [ -121.717280039938004, 38.536363242523002 ], [ -121.717597305970997, 38.5362396399426 ], [ -121.717891699264001, 38.536124948159198 ], [ -121.718084070122998, 38.536050001975603 ], [ -121.718154022020997, 38.536022748490403 ], [ -121.718250929212005, 38.535984994100097 ], [ -121.718368418373004, 38.535939221383998 ], [ -121.718531702052999, 38.535875606182202 ], [ -121.719094133184996, 38.535501417505799 ], [ -121.719134581538, 38.535474507104098 ], [ -121.719327732888999, 38.5354345187814 ], [ -121.719348829523994, 38.535424209754296 ], [ -121.719490287838994, 38.535355900691997 ], [ -121.719551998361993, 38.5353261020974 ], [ -121.719904133198, 38.535199480475796 ], [ -121.720121355131994, 38.535121371304101 ], [ -121.720537926782001, 38.535063277346303 ], [ -121.720972748345005, 38.534962613942199 ], [ -121.721317653325997, 38.5348952489664 ], [ -121.721377430523006, 38.534891481283303 ], [ -121.721453051012006, 38.5348685312862 ], [ -121.721690969023996, 38.534871718206702 ], [ -121.721842595688003, 38.534862160467803 ], [ -121.722338294135, 38.5348519008623 ], [ -121.722702653522006, 38.534875675250802 ], [ -121.722777099507994, 38.534895435334398 ], [ -121.722850956928994, 38.534896935681303 ], [ -121.723512565830006, 38.535165321738901 ], [ -121.724129018491993, 38.5356480651159 ], [ -121.725098505618007, 38.535986106224598 ], [ -121.726436811794997, 38.536209483862997 ], [ -121.726819970863005, 38.536176513114697 ], [ -121.727722307305996, 38.536098861143302 ], [ -121.728428307339001, 38.536038099757 ], [ -121.729266310232006, 38.535953627177399 ], [ -121.731005815613997, 38.536063215237199 ], [ -121.731231679464997, 38.536077442618499 ], [ -121.731498405875001, 38.536095605774896 ], [ -121.731693657031997, 38.536120498878503 ], [ -121.731855322412002, 38.536141110282102 ], [ -121.732023462946998, 38.536162546354198 ], [ -121.732400119478001, 38.53621056603 ], [ -121.732422716868001, 38.536213447076797 ], [ -121.732691003886998, 38.536339441835203 ], [ -121.733016826905995, 38.536492456615697 ], [ -121.733194707294999, 38.536624463976501 ], [ -121.733375900845999, 38.536758930010102 ], [ -121.733525056532997, 38.536869619645103 ], [ -121.733642239253996, 38.5369565818037 ], [ -121.733741412651, 38.537030179186303 ], [ -121.733855408037002, 38.537114775271199 ], [ -121.733970361280001, 38.537156637179699 ], [ -121.734124510651995, 38.537212773511797 ], [ -121.734455764930004, 38.537333404420103 ], [ -121.734576787470999, 38.537377476916397 ], [ -121.734657217632005, 38.537406766343103 ], [ -121.735560031844997, 38.537464836873198 ], [ -121.736117757648003, 38.537377044050203 ], [ -121.736999743707997, 38.537238203095498 ], [ -121.737873327724003, 38.537317128438502 ], [ -121.737950255938998, 38.537337746515298 ], [ -121.738144888982006, 38.537396963712503 ], [ -121.739115654475, 38.537788250466399 ], [ -121.739270392037994, 38.537616701988597 ], [ -121.739324876222, 38.537422536846002 ], [ -121.740802852314999, 38.536338788056099 ], [ -121.742119565102001, 38.535139640469097 ], [ -121.743827891666001, 38.533781360917601 ], [ -121.744920084382997, 38.533048496650203 ], [ -121.747088033609998, 38.531855368179997 ], [ -121.749101038779997, 38.5312197534085 ], [ -121.749186772328997, 38.531204983689499 ], [ -121.749625138900001, 38.531078811834597 ], [ -121.749901534190997, 38.530989675977501 ], [ -121.750349444649004, 38.530856043757403 ], [ -121.750587652440998, 38.5307967350818 ], [ -121.750825756568005, 38.5307673387222 ], [ -121.751044872055999, 38.530722944498997 ], [ -121.751702222622001, 38.530589758450901 ], [ -121.752092751651006, 38.530530774392901 ], [ -121.752740553481999, 38.530405039347301 ], [ -121.753302650622004, 38.530336079191898 ], [ -121.753966226157004, 38.530255291815898 ], [ -121.754713584076001, 38.530174703525901 ], [ -121.755729581560999, 38.529977909567698 ], [ -121.756633929797999, 38.529837824109002 ], [ -121.757206778479002, 38.529720699038997 ], [ -121.75769944324, 38.529556069770003 ], [ -121.75807148394, 38.529422740661197 ], [ -121.758453540781005, 38.529297321232299 ], [ -121.758956481398002, 38.529061708342603 ], [ -121.759519650211004, 38.5288341084443 ], [ -121.759962222330998, 38.528629920128701 ], [ -121.760414993732994, 38.528378419595299 ], [ -121.760887661666999, 38.528182180033703 ], [ -121.761388263330005, 38.527890837374301 ], [ -121.761907197189998, 38.527559099423598 ], [ -121.762253109748997, 38.527350265635597 ], [ -121.762614999261004, 38.527055180344803 ], [ -121.763039487727994, 38.526809526756701 ], [ -121.763558446879003, 38.526465455559901 ], [ -121.764265778715995, 38.526097115108698 ], [ -121.764705660896993, 38.525937771851702 ], [ -121.765082371895005, 38.525901561481 ], [ -121.765459082510006, 38.525865349883802 ], [ -121.765757093508, 38.525902935061701 ], [ -121.766290391877007, 38.525965649591299 ], [ -121.766666657897005, 38.526065022798697 ], [ -121.767026992905002, 38.526238320925899 ], [ -121.767512417560994, 38.5265474590134 ], [ -121.767823462603999, 38.526879162850001 ], [ -121.768017146947003, 38.527137712861503 ], [ -121.768230461772006, 38.527588497765699 ], [ -121.768325857332002, 38.527929168743299 ], [ -121.768372398188006, 38.528269719312803 ], [ -121.768384302, 38.528571748011203 ], [ -121.768382584481998, 38.528824329542601 ], [ -121.768339285671004, 38.5290328753984 ], [ -121.768350100928998, 38.529519790723 ], [ -121.768380163977, 38.5299266197949 ], [ -121.768361950274993, 38.530703142424997 ], [ -121.768328964419993, 38.531196128497399 ], [ -121.768497564270007, 38.531313666733602 ], [ -121.768766484842999, 38.5314820783016 ], [ -121.768970577358004, 38.531584670813501 ], [ -121.769100450904006, 38.531650619978002 ], [ -121.769110118968001, 38.531654637404301 ], [ -121.769203856996995, 38.531704293881702 ], [ -121.769203864060998, 38.531693595876703 ], [ -121.769203872562002, 38.531681388890803 ], [ -121.769204039844993, 38.531438808600001 ], [ -121.769392686203005, 38.531602854107902 ], [ -121.769451437862003, 38.5316539442207 ], [ -121.769629329983005, 38.531808637434999 ], [ -121.769772393807003, 38.5318871037896 ], [ -121.770100171302005, 38.532066880518002 ], [ -121.770414034205999, 38.532239023425099 ], [ -121.770564554206004, 38.532321577398001 ], [ -121.770642663920995, 38.532333030280597 ], [ -121.770782432866, 38.532353524057001 ], [ -121.771011507281997, 38.532387111356698 ], [ -121.771275331064004, 38.532425792947699 ], [ -121.771606572831004, 38.532474359134397 ], [ -121.771770047277002, 38.532498327282397 ], [ -121.771925341404, 38.532462529627701 ], [ -121.772496046925994, 38.532330971727902 ], [ -121.772723000813002, 38.532278654715803 ], [ -121.772896528448996, 38.532238652008701 ], [ -121.772849930678007, 38.532051839350103 ], [ -121.772978885892996, 38.531992129510598 ], [ -121.773107527326005, 38.531932563955003 ], [ -121.773200142638998, 38.531889679608703 ], [ -121.773278796591001, 38.531853260513202 ], [ -121.773290179914, 38.531845607273802 ], [ -121.773312127048001, 38.531830854131599 ], [ -121.773378220107006, 38.531786424905498 ], [ -121.773427510553006, 38.531753290474001 ], [ -121.773488452029994, 38.531712324010797 ], [ -121.773726834803, 38.5315520769784 ], [ -121.773974400971994, 38.5313856547101 ], [ -121.774074033515006, 38.5313186774762 ], [ -121.774165832012002, 38.531272526855503 ], [ -121.774711275507997, 38.530998306643603 ], [ -121.774912597371994, 38.530897211029099 ], [ -121.775429440490996, 38.5306376729866 ], [ -121.775799595465998, 38.530451792260202 ], [ -121.776135786180006, 38.530282966869599 ], [ -121.776299096060995, 38.5302009562268 ], [ -121.776736592632005, 38.530217105589998 ], [ -121.776798698486999, 38.530219400164498 ], [ -121.777246647905002, 38.5302359461365 ], [ -121.777489437477001, 38.530244915910401 ], [ -121.777866952395996, 38.5302588618706 ], [ -121.778033234093002, 38.530265004344997 ], [ -121.778125826505004, 38.530268424244198 ], [ -121.778209617583002, 38.530271519093901 ], [ -121.778259967002001, 38.530273378640302 ], [ -121.778312162277999, 38.530261039240401 ], [ -121.778381178646995, 38.530244722199001 ] ] ] } }
]
}
